DATE,RATE_PC1,RATE_PC2,RATE_PC3,r_SBER,r_GAZP,r_LKOH,r_GMKN,r_ROSN,r_NVTK,r_TATN,r_MGNT,r_MTSS,r_CHMF,r_USD,r_EUR,r_BRENT
2021-01-05,-13.941427469983537,4.607754127745385,-1.2406791608717387,0.011696039763191236,0.01219555801719731,0.02762449804599497,0.014778795213789922,0.03015985075534819,0.02916118051124862,0.01615419744206173,0.003215576576843882,0.008622024573540957,-0.006722965487916019,0.0,0.0,0.02547786502313989
2021-01-06,-18.874799433774086,-7.8752081408391925,-4.627772380408636,-0.008282754009369299,-0.004375152429383115,0.00335351967752917,0.014004253015508445,0.009634092565535716,0.010662234980680795,-0.004205703006667386,-0.040460526958032775,-0.011163322002213377,-0.005863355894384477,0.0,0.0,0.027240490316072896
2021-01-08,-9.22170875701552,-2.092667497340475,-16.06104879035969,0.03849047638597665,0.050525670798046804,0.03293080879512025,0.05896836908518796,0.052592868354306134,0.05821670531023221,0.04385188252884941,-0.010170810523847744,0.015888670428639454,0.03175812227499964,0.0,0.0,0.01986397887140073
2021-01-11,58.30861041503999,7.576837361990752,22.770131173008785,0.020414925666319465,0.009313890190755581,0.0076195967231921045,-0.009615094706298895,-0.01040526493479214,0.01881833884866875,-0.01032076982758391,0.0011858610283654104,-0.005465705312246308,-0.013233541162439919,0.0,0.0,0.0025229784513107374
2021-01-12,5.657642685590533,5.949854018060923,-3.4348938848663595,0.0017256855252395754,0.004777672416116356,0.021555604919635547,-0.013633789615097355,0.0024270575940833388,-0.0031356924210904358,0.011786508455700484,-0.006218584282975553,-0.00997403132658625,-0.013711094081012173,0.0,0.0,0.01660011345102768
2021-01-13,-1.2525472775022464,-13.68977179499338,-2.921316514368931,-0.02164714954818783,-0.008298802814695066,0.005925426887454295,0.0016181856738522937,0.024054890265963833,0.017406510379537773,0.0,-0.007458254727886059,-0.006905897435364425,-0.012989157097676356,-0.0033525592289041935,-0.005405925882242872,-0.0001770381521841511
2021-01-14,9.60524873962181,-0.07390671840080254,4.095326207895513,0.00355277648264975,0.009041891035971772,0.031134913114692464,0.01740236253802276,0.0384526913258802,0.008660481564447233,0.009837936879542111,-0.006397499915244467,0.016287248347505643,0.03876454345024431,-0.010012756808209278,-0.0059920514998723475,-0.017863997738355803
2021-01-15,8.488526579547997,-20.593799680822876,1.4520280166059367,-0.028095636384900806,-0.010365517966480062,-0.008202658989072287,-0.024355956190436685,0.014156744490065055,-0.04421787918907823,-0.030182637105127964,-0.031271737177870185,-0.0134290290267218,-0.01681207567074037,0.003661359280350335,-0.0015114481678663962,-0.009235013574061864
2021-01-18,-0.998365942980469,-1.9717044013671134,0.7358613093581949,0.010382891601629387,0.0016762984206738695,-0.0026357197590836695,0.003019162347579358,0.008360114794268389,0.010556095419213984,-0.004306719511282235,0.0017259568960007019,0.0004505519337311754,0.002228330417710832,0.0,0.0,-0.00018193395847502497
2021-01-19,-8.022732280535585,4.498497117880647,1.4454231120041547,-0.005734988298301172,-0.016577052268483675,0.0032299220600013885,-0.0018568670712503898,-0.011292954906094999,-0.009539023046758948,-0.004513831248698759,-0.006825308880246439,-0.005722045427243143,-0.005505556648961131,0.002401036278443575,-0.003543457955364502,0.017852786843840368
2021-01-20,-10.278944761559172,-1.9507708190962523,-8.58664100078404,0.005770728751136455,0.005140250450883756,-0.0047635340160334695,0.02764801126348792,-9.790962949030872e-05,0.008243592854804109,-0.0018867930125766445,-0.004253268857522013,0.0033167526259938207,-0.0002984629181983004,-0.0033744610477573905,-0.0013890695916843256,0.008010723746078979
2021-01-21,0.645644180158536,-2.31950686736191,3.28648128895555,-0.019488166379650812,-0.031797597155831386,-0.015986588855520952,-0.0004520795737031991,-0.025084346999454946,-0.02671106771626355,-0.02427721257306912,-0.019860751624133567,-0.008768007796875803,0.0032782029059935667,-0.005021791320676172,-0.0006515107485826604,-0.00836824967051658
2021-01-22,12.833482502105376,-25.31030026482597,6.7355792296090575,-0.022667514340922172,-0.008272339615511349,-0.005299061177099734,-0.013887531106752239,-0.007558614973926615,0.005311313754812917,-0.019144948877208814,-0.01373019281190202,0.001820388852217097,-0.01801309587191259,0.00019628637154060871,-0.0020278926305424797,-0.005737867634024016
2021-01-25,0.24314421994998137,4.808544028965518,-5.980492994804533,-0.01105812036711381,0.014694969271978484,-0.003227919923811093,-0.007286146433951306,0.002727687704261043,0.010101835410248661,0.005311313754812917,0.03494622053893014,0.0117524329931991,-0.005620125676241868,0.0,0.0,0.001078360995943826
2021-01-26,-8.577498045256458,9.758266164245395,2.3719668650320873,0.015113260878201551,0.0005485965210275521,-0.022355691351973767,-0.00827057854464331,-0.0033348522645045195,0.0005824960118102151,-0.00689046923497237,0.0012568281250303571,0.00746160751848914,0.0024342017192226324,0.020071336022508973,0.02418703965753657,0.005195747601863943
2021-01-27,11.41768690585355,-2.629659881921608,0.7387973818386051,-0.014359681339902093,-0.006419095860717128,-0.017305524260910508,-0.030417599962062437,-0.02604741188848903,-0.024314172051962585,-0.008331728419294498,-0.01705278838271936,-0.005366739177940787,-0.027420078937317037,0.010346136571406426,0.0057358406730410915,0.003923671878817199
2021-01-28,7.0300868050295175,4.491337740447084,6.376970302446783,0.0017310808522605255,0.0013789935533925972,0.013635138331148136,0.009317950586131123,0.004457582667388699,-0.011853991307495985,-0.00399202126953745,-0.005420067469339145,-0.002694209083691389,-0.0007811890093388861,-0.007903122859094043,-0.004937439188242772,-0.010017972870278816
2021-01-29,-11.76369750037379,2.7805497054176675,-4.177794279684512,-0.029960070887633774,-0.022624243265789285,-0.036161719518641444,-0.03492712967872829,-0.021749079777449675,-0.04491842375583793,-0.02163230012711384,-0.027245274977167055,-0.014340950737231635,-0.013216051391526262,0.015148538586936312,0.009952653635386215,0.0017963001057862051
2021-02-01,-0.7659921890337709,6.415330054366348,0.13378007755216742,0.021805389636593873,0.008561656078665908,0.00537885002671481,0.02039477555650765,0.011247293632243334,0.028021758737593636,0.009964495259431728,0.00496329203240158,0.005761083247705028,0.012277818328173751,0.0,0.0,-0.0008977467161884581
2021-02-02,4.340750376104758,-12.595226802509043,9.489028307768821,-0.002467028483426416,-0.0011186726252846836,0.0201435120767996,-0.0038681650294777087,0.007601431926423931,0.025164280694512677,0.010066523500708309,0.013249215191517194,0.0036215521701033096,0.0067046325841162826,-0.00896699081824169,-0.006407039583528853,0.03702820759775778
2021-02-03,-5.291988292416013,-13.451655190700567,-2.399002203383264,0.0014430016933927351,0.017016964779489715,0.00704546316053783,0.021645348083975162,0.016359231031227116,0.0005986231845928269,0.012541221405308181,0.006757453916112633,0.009295419254011362,-0.0023337233462202116,0.005281023353415576,0.0008997225006886772,0.014776901182949548
2021-02-04,0.10987977104150559,6.033493588078426,4.1971487449884455,0.024662069944737606,0.007718871821599013,0.02568002860310293,0.017777201784089727,-0.0015319412688101384,0.0019430541947659716,0.002371074021337923,0.0027692629704188267,-0.004486995263655356,0.01207631954503868,0.002302856822079777,-0.0006834531461962379,-0.003930621141942413
2021-02-05,-16.95168829896955,18.28969535615155,-7.342102257202916,0.005869232994383812,0.01004988087364455,0.0027158455520778133,-0.011240458681737911,0.00966289367746562,0.028556547447157674,0.012356732688905428,-0.013222840169326299,0.007318380807679701,-0.009742596198818482,-0.004621592923733231,-0.007034108889956679,0.019332465753448887
2021-02-08,0.5758637969447644,7.8886269097265025,-2.9456322868194302,0.01279958962688653,0.026623203051613944,0.0074958949432101275,0.012714183982400285,0.01566769018596446,0.015551069332331729,0.02919915469226235,0.022072455446308894,-0.006718950248744981,0.007277263671265766,0.0,0.0,0.013181136865039944
2021-02-09,12.632919390458284,-3.8976593289594668,3.2281894486210634,-0.02286107866378539,-0.0011849122576542367,-0.011001595290838637,-0.013499483221752494,-0.013948347158114681,-0.015696196681835396,-0.0030337528008228956,0.03188941283869268,-0.0013492244007652732,-0.006811171842739353,-0.019589997733151492,-0.016844663420611142,0.004300370504227329
2021-02-10,7.847199358833304,-6.267007645136431,0.4484673350015634,-0.011516729146429119,-0.01991329077655357,-0.017804624633506707,-0.00456693707152641,-0.006793435505694502,-0.022753275163239915,-0.006286333684047015,-0.014517924522027931,-0.008738943666871118,-0.0035789348090165527,-0.0019005339345129328,0.00141619255717499,0.010997238447731357
2021-02-11,22.550514144320307,-7.721230070131326,4.847456326294063,-0.004523189015918493,-0.008502266742082808,0.00836601533072501,0.0035451252317851203,0.010827325606630609,-0.014657755698539325,-0.012112038869732942,-0.015415497472997232,-0.005919422308341042,-0.004530903775009395,-0.0036033931934460637,0.0004444518965160258,0.001956947786960947
2021-02-12,26.42426962531248,-10.430932003442608,-4.403864638118926,0.0048991995486434925,0.023926508522588312,0.020092801428757745,-0.0016528278919145138,0.0249478724168063,0.03158859811034588,0.023323557732371592,0.010013207660594811,-0.0041186847941435956,0.007799134837546463,-0.0012831067301111285,-0.001447986702702282,0.0027658034388722526
2021-02-15,16.67624378158558,-10.8604134440245,3.276961117201605,0.021606984017190165,0.01101057336781494,0.02631843644503689,0.03627761592445158,0.023477989531146475,0.02863711051760462,0.016863806052004725,0.021246851504267767,0.009281162096241954,0.00046601942590962693,0.0,0.0,0.028193441925572812
2021-02-16,12.539901511867443,-16.95687146455415,3.693076096162988,-0.003353543707839951,0.014035926147008831,-0.006962160912116669,-0.004568303970379859,0.007927074603178883,-0.007690154674294043,-0.0003716781310210809,0.003308913442147072,-0.006838412789977849,0.010197863408422088,-0.006101995514340214,-0.005194665470045372,-0.0042738490064115325
2021-02-17,19.91355216046118,8.955656708156251,-7.747387643313158,0.0,-0.014384996750082157,-0.01718698317283423,0.010627092574286193,-0.020082346779323832,-0.019488166379650698,-0.015358983323815146,-0.007103984410698567,-0.014746811020149906,-0.006168099740647773,-0.0002687609115030289,-0.0003518445175811477,0.010729039492224136
2021-02-18,-23.392528382294582,15.04197325807265,-4.009396151632041,-0.014538544575708356,-0.02059110250202576,-0.02697049319480077,0.008046668722958094,-0.01624301856266835,-0.030789880407112547,-0.027944402047825254,-0.02006692077375726,-0.007455766131343413,-0.009480217089352639,0.006492769809507142,0.001536863102667611,0.007348950281839032
2021-02-19,7.853032597439157,-11.557672184638685,1.5421496690738499,0.016161442541821433,0.006792931308831838,0.007275340403865236,0.052098153533862386,0.011573295124081213,0.024208503817814676,0.01655475728346751,0.0032920246616998084,0.0052869039333640015,0.02132013398172395,0.00011657665877363353,-0.0023703178656976276,-0.0089195490026887
2021-02-20,-2.1304815442840446,0.8316003688520375,-0.10601875359996854,-0.0030635808772374066,-0.0007082153270519971,-0.0040747686816947045,-0.03774579711098607,0.0007798031392333449,0.0,0.0015261353591618444,-0.004456508053841634,0.0024783160144672216,0.0025952231954062396,0.0026558894561628486,0.00754097872887238,-0.014247510278845566
2021-02-22,-16.474625578572518,-6.146238051527463,-2.7390454457988773,0.011760085552943925,-0.0009302944388124885,0.026799046641366404,-0.035012215691749914,0.005538565389839363,-0.01806386102999085,0.00608135663645027,-0.010051316629795725,-0.009325526084325955,0.017231381609870915,0.0,0.0,0.02829487721485562
2021-02-24,15.212217227287784,10.904028025456823,1.859996136314572,-0.006634800094443951,-0.013744694044558043,0.00043198410970269853,-0.0513818359075443,0.004350985834326132,-0.011722406551586045,0.01802527211216717,-0.017811672156126338,-0.014311795748979724,-0.022888456554341952,0.0,0.0,0.03965578469365209
2021-02-25,9.862293109368498,-15.237015642442156,-7.063467043114595,-0.004386214437089934,-0.0038266788395976458,-0.008326876111916447,-0.06837209618766742,0.02119208747349974,-0.022627475102463164,-0.0035418062935873495,-0.017829734474114258,-0.002696488270386329,0.027672439366514482,-0.0029582035166788303,0.0014106216327249086,-0.003581558820343431
2021-02-26,1.1418055762009232,-9.387120125544673,-2.8321763708522774,-0.001996746706902992,-0.01885044206750568,-0.029164315128450066,0.01276084630793144,-0.011399382488495967,-0.01354422510775726,-0.024575906048837415,0.001929228399557539,-0.005574594351928746,0.001936974456459023,-0.003783254833916687,-0.0018931894389554427,-0.026664206572006535
2021-03-01,-13.947674398477947,8.492624289528603,-5.343472445366284,0.012542693166866176,0.01781246557699398,0.010437670030901496,0.03207308616830223,0.0014320495072276745,0.0175565761696511,0.011039320331304055,0.008384310946822128,0.011592031353274634,0.017119662502999056,0.0,0.0,-0.006778642502416097
2021-03-02,4.929150529888869,16.77847561648231,-7.044884275123142,0.019976056880978445,0.005718031833200168,0.00257035373066566,-0.020566063521618855,0.003618706929589339,0.015587112642928265,0.009419813436286464,0.019524477170254403,0.006922620471417882,-0.004987541511039051,0.007729186150442974,-0.0005968294452069354,-0.015422067477776354
2021-03-03,-16.201503568668922,20.284295893257934,-3.4133356752614867,-0.003913056275566899,-0.0026523425830366648,0.009251574864598388,-0.019967526901299163,0.014720024232713841,-0.0001516415197386486,0.0028087276212316633,-0.007624931728669448,-0.009768472194470103,0.011259898155638187,0.007141719612422123,0.0013306424518821926,0.005010971963599193
2021-03-04,-7.443390741144947,13.901807145198696,-11.568447114970917,-0.011795490982978895,-0.0045568442676618285,0.018250267552993398,-0.04979478809957521,0.011733070628421821,-0.01666832688113207,-0.002058961887888759,-0.012905986750371693,0.010082000963302768,-0.03131255670702716,-0.01427223941030585,-0.007715710596831624,0.03197321231592351
2021-03-05,11.911087840368866,-15.77217984444692,6.408134752256424,0.009959339902758487,0.026154032367147074,0.07144708559309192,0.007906600039344116,0.03796659792385093,0.07284050993902215,0.06123063903485162,0.008921917735497189,-0.0012547053088963831,0.004491025512463802,0.003634637153854399,0.0007344551443671339,0.04090671105273728
2021-03-09,-2.61791189160102,-5.372750647975383,-1.6879689910172273,0.02943634219398192,0.02221829579898857,0.011004018221352803,0.02675538166157437,0.016967533256703287,0.04513097707605378,0.06746426868474724,-0.005905627493690107,-0.014861933628040438,-0.017630231376270615,0.0,0.0,-0.011098244754911123
2021-03-10,14.388820080117512,-12.392111182832851,0.4810457895403048,-0.012499502562044566,-0.001768042031109094,-0.028556132996752304,0.009107136105066738,-0.016700189317134902,0.005330430170680718,-0.002804588161856795,0.017810530000008522,0.004450102703107406,0.014188917289580476,0.0064518793160080416,-0.008677997747472948,-0.0030884648419108743
2021-03-11,19.859400179302003,6.0290447399360625,-4.802024422028352,0.013234038001425967,0.003360913194686358,0.033934190881898814,0.009965718217236116,0.019150741917533118,0.015688717785178316,0.02189629963930176,0.005213212023238645,0.01323270726657434,0.019737971046983584,-0.0030302787860278574,-0.0024402123476228023,0.018967595197163976
2021-03-12,4.196436065722434,-7.867638348792437,-1.4189617089400637,-0.003748274754356805,0.005704864593999648,0.0026782213724402776,0.014849027662821155,0.00043696745287815736,0.02752953101315781,0.007888634646678218,0.007623179997391462,0.0037488328815196595,0.03395053406652165,-0.007316069284492016,-0.0022786623805170444,0.0018771213366855838
2021-03-15,24.69986223513714,6.211342187096743,-0.926020764925074,0.027041306990304975,0.01692188218983777,0.01816318396908608,0.015378489451518436,0.007225905292690885,0.017213911108924,0.0016023076653567283,0.015841150345496772,0.00249143697856481,0.01983047895822944,0.0,0.0,-0.016728879472711254
2021-03-16,-3.720840005331093,3.4857002804462685,-5.1593422085998295,-0.0014015419252885557,-0.015981349436993936,-0.004257796252404907,-0.0540165373833636,-0.009062453099992316,-0.011875704304310737,-0.02365248768162132,-0.009048964326326113,-0.01016030624015823,-0.0006965243716855207,-0.003651576694021729,-0.004656528655970389,-0.0013211011095751988
2021-03-17,9.229516151693034,-15.561165962198633,2.218410199274984,-0.031200418514884008,-0.017762150021676023,-0.012804672140495611,0.0013997027917262831,-0.027240937345750654,-0.030722964877636934,-0.0027907758406973946,0.019914492496833615,-0.0011003695207589385,-0.012762251613851293,-0.0036910002394254593,-0.004194205854786452,-0.006040534020984498
2021-03-18,28.464170109141392,-7.580751015182249,10.191967076123891,-0.014575444666318191,-0.024437099347143616,-0.04500196891208685,-0.012402850640466022,-0.021457319282603016,-0.03446503345364198,-0.04145236467802899,0.016453151674041062,-0.005203827875026998,-0.003959841123950457,0.001916971116353501,-0.00018280642402785068,-0.034732499692386745
2021-03-19,5.778600998697954,-8.152744878776643,-2.5727973324800453,0.022029506816483163,0.004669269183683693,-0.0008223008439669707,0.003975094673835061,0.02943120017421787,-0.010589481705510745,0.024374937302001052,0.012325812876002247,0.003629768050578731,0.007904063732684857,0.007581115907725509,0.013113698611573549,-0.024000532671491853
2021-03-22,23.230679434600546,-4.3078719683246565,2.4409537632705747,0.011077936741149184,-0.01573990641864216,0.0065595512341103295,0.003520200766174049,0.004185410624767228,0.004751266623973774,0.004504887905484126,-0.0035986198004799045,0.006124871915289583,-0.007620697338042977,0.0,0.0,0.014005831188918948
2021-03-23,32.9697886815389,-14.824953911839245,-11.667668122633597,-0.021182411256515356,-0.0011724916788544042,-0.02599699349092223,-0.023465657621967433,0.004344941439791586,0.0205595375537473,-0.01882092187869017,-0.02026307715827454,-0.010861972199558808,-0.023796994509820445,0.01281896761995387,0.006109494007229826,-0.043426733520506716
2021-03-24,-18.04596848486212,0.42687080478230804,-1.0416490135764054,0.011224805130044056,0.009118126370677626,0.033244287131018985,-0.04187555168506966,0.005206736380115782,0.024685950387380844,0.026119013650850176,0.01013617312777746,-0.0022183498243153873,0.013687988368295366,0.01000228387371538,0.012439049037764225,0.0264388707723302
2021-03-25,-30.971352054823296,12.419966256848037,-4.738899452635808,0.003039569114598682,0.005306708255017057,0.003159304341116179,-0.003475977007290924,0.011551716798854207,-0.00547800154038258,-0.015153066562926035,-0.011268782970420629,-0.0020643119676853547,-0.0007157684079118732,0.010494314590810076,0.0031643044223736328,-0.030806043099450776
2021-03-26,-37.84636482948699,12.402111301386464,-9.22089008241633,0.01578215078768891,0.010881692724623304,0.016205729710885495,0.043911514043377,0.013052871496755384,0.017135306686054067,0.012339659659611013,0.010054113351324608,0.001588310372025804,0.02097285318226838,0.00027046969985182137,-0.0008298695736954685,0.04454338058017957
2021-03-29,-11.38984698544346,-1.3941046459602269,-2.0161180192452366,0.007116980700646954,0.006315256494573217,-0.004066829097017698,0.04016249582345763,-0.011922387442275249,-0.013925031055805797,-0.0006631299977751845,-0.00901583868162054,0.0034854281165575835,0.010462535279734878,0.0,0.0,0.0015491869868293187
2021-03-30,19.097315008828414,-21.650110268426413,7.505728466415278,-0.00017048844982058342,-0.012360770571700607,-0.016515984687375432,0.0024196347788462066,-0.008816782704750281,-0.00912268199600181,-0.010167601552581253,-0.003591346833280075,-0.0036441456789890305,0.02697131113505971,-0.004544660946892027,-0.007001809721080087,-0.005432687013226937
2021-03-31,-9.595517799634937,12.398794542462795,2.2771915402870855,-0.00763349420145235,0.0057815109075560105,-0.007092517401236448,0.022699157036886387,0.004112531499517312,0.0028261912358350447,-0.004533632146096744,0.011952521007067283,0.0038022859497384787,0.03582234973456682,-0.0016683058821870998,-0.005239277186015943,0.0017105983488533633
2021-04-01,1.216684913547498,-8.516267856616846,-2.504406251349125,-0.0026838264053606893,-0.0013210623260828229,8.180962903903842e-05,0.0030328582640845527,-0.006482720907413084,0.0005374177208481646,0.01966402304080716,-0.009588341930565927,0.002211341921503404,-0.01669005165340936,-0.0008589953190944323,-0.0015414300291257804,-0.01834626133881862
2021-04-02,2.531754282455901,5.911043355469444,2.0421331259464632,0.005017709946903917,0.006412812419011737,-0.0005728080022418315,0.0035267481344213843,-0.003962842577644295,-0.0029593780005624424,-0.0011557831716729743,0.0015101465824184234,0.001576541395433593,0.01251086312331095,0.0022450463258947757,0.002330928614847712,0.02268735342747613
2021-04-05,-2.2615132864288334,2.798027397168066,5.90132574410995,-0.010060724330602736,-0.014731444460004206,-0.01950636276416079,-0.00521053368124927,-0.011537224174225117,-0.016982950121154007,-0.014812620007058163,-0.0089049470602017,0.0003150102404376798,-0.013438937435864851,0.0,0.0,-0.02903758908682195
2021-04-06,11.72502537142733,-26.76820965418976,-5.925787707693593,-0.025532704963327855,-0.009419502248365342,-0.016749118558266385,-0.02370304507691503,-0.022750823282964183,-0.02469261259037141,-0.024097551579060416,-0.0277876055365202,-0.0007877117382493169,-0.0031885240246270043,0.010470365480152798,0.011662731573964726,0.009825752585922087
2021-04-07,13.436056934849361,-9.483613199487372,2.517844408841533,0.008771365566466696,0.006972718546638237,0.014660301322195916,0.01804161629195124,0.007188056971789095,0.026609108727964507,0.009912916587104035,-0.0059859851966033205,-0.000630616448456415,0.012430733989447771,-0.0029414592794919387,0.0020679569069437897,-0.02361686276197069
2021-04-08,2.5647769238685094,0.33976551356376067,-7.423740325771209,-0.00031697395796076113,-0.0009358080939612603,0.005089069507471228,0.013550684978753613,-0.003997098344982538,-0.011969600153353126,-0.013698844358161915,0.0037331804826280656,-0.0004732234491656451,0.020294699406264664,0.018070826968487986,0.02356090054767644,0.022670191817178505
2021-04-09,1.6230701101475553,-7.893325039632516,3.406381010051728,-0.00998309055704435,-0.009631612144245147,-0.012645146092711248,0.020110745222558124,-0.020786180186790196,-0.010854545760653946,-0.025317807984289897,0.007035401307502892,-0.00031560675660421874,-0.00983572055060668,-0.008676779595962804,-0.007751003326786969,-0.003003717379706786
2021-04-12,1.4512068372179483,16.404447360480578,-1.0676798421681593,0.0024164042886790716,0.0032358124499069683,0.014557272044223527,0.04101533920363281,0.003988318601209457,0.009192265283693617,0.010204170174241668,0.008725212890870032,0.0015770386488791381,0.044513961295780106,0.0,0.0,0.004108079722759972
2021-04-13,-12.243719770222805,3.9372061428696483,1.8884514787131612,0.02176670103279572,0.02271312651163089,0.004061508339179794,-0.0018891693276071055,0.021610583701366842,0.005943759291299929,-0.0005252560744065965,-0.008822588615178996,-0.00505530302520396,0.015062013141281997,0.005294573251557786,0.004874629996727312,0.008165874521494039
2021-04-14,-30.610126487571268,35.736396032356865,-6.565276703865973,-0.0026776570864504657,0.03164452165279978,0.014698298032150265,-0.01981365792745495,0.00027172682563826573,0.0038514490525260836,0.02695394688734056,-0.007722800981524553,0.002530846020284888,-0.01257723114473164,-0.003319898709670283,-0.0016381943091789398,0.03579216246844013
2021-04-15,13.514668633862343,3.318730362140558,9.29626632599179,-0.012121360532344737,-0.002936484714625486,-0.013045268479775845,0.009040423186212948,0.00793798142560046,-0.006335236723810905,-0.0037574766668063385,0.0032332365402436346,-0.0022141397626891475,0.034633384577563216,-0.020543942861668236,-0.015095490789503197,0.004967271446207871
2021-04-16,-29.971767276751258,12.64159133953034,-0.6284303626651866,0.016707249614268088,0.0020011502643941027,0.0018976120541053395,0.014548011164310221,-0.002608970936943452,0.0067470135465946485,-0.0039434255988544855,0.0,0.018510332423438924,0.05831639907526239,0.01700776077809025,0.018511245339620532,0.0034475039766354667
2021-04-19,12.227240900951156,-12.645843192586634,4.986189721363645,-0.0027073009489987075,-0.016857584952538373,-0.009773953398364997,-0.009463793030950251,-0.01269167611692375,-0.018280525679730937,-0.011055562595925874,-0.00313510592832041,-0.0009329809415684809,-0.018948175619040986,0.0,0.0,0.0001496222042142529
2021-04-20,7.488380271445262,4.015076709361609,-4.462023115606746,-0.0010432243530547427,-0.005074061670290112,-0.0184817088496573,-0.0015066812255109267,-0.012854827644074652,-0.005325124691280148,-0.013113222261676376,-0.00186613028668337,0.0003110903742618489,0.007691021094406429,-0.00955042797211797,-0.008216404146037479,-0.006755260996124979
2021-04-21,-7.51871279199783,8.325883959271064,6.213329261229254,0.006346805427685137,0.0036455209195703307,0.008274977557538876,0.004197194837136526,0.008557678174528724,0.0051853525196918,0.0024608906776783803,0.010561412467145818,-0.00015553308997843797,0.044068861819499226,-0.0030683452788582834,0.0029984735392314514,-0.007711537421628495
2021-04-22,8.43299896176459,25.567202426731257,-1.993887932349442,0.010078684630581957,0.00038980445303781006,0.008874064095050038,0.01498125983715431,-0.007541652594121057,0.00890626538377086,-0.0052807727013498675,0.0026230160276366214,0.0012435879109292992,0.025388929210449752,0.010525152565379949,0.005874762878065905,-0.005021695099730749
2021-04-23,25.535201495948343,10.42925677841355,1.635685300210669,0.0034508123144859756,0.007291586615089285,-0.008201569113417633,0.003109213542481437,-0.005740225001622022,-0.011425510942888505,0.008260878334000618,0.020074630812979007,0.0004659470457833941,0.0034078840223419134,-0.005195732168893047,-0.0027016252213340444,0.0022857152808560825
2021-04-26,-0.9761256505906175,8.17331759465416,-7.516541784434097,0.007069328968485565,0.0026188702313595076,-0.0052237038489504105,0.02581826480705811,-0.014779054892803895,-0.012976204643748556,-0.005089069507471293,0.0036070281158413022,0.005111139447110852,-0.002768020504722998,0.0,0.0,-0.0006090134171183499
2021-04-27,1.8166716062109578,-11.59180629654816,3.8299598766741143,0.010879740845317133,-0.005287719475942278,-0.0026221203435605857,0.01902821663292004,-0.004912157997377843,-0.001705030251083723,0.00017591696764522477,-0.004177750094616397,-0.001700812161066508,-0.03482102433098259,-0.021876701298731406,-0.017486421436880346,0.0036485294350149843
2021-04-28,-6.423361463956862,-8.684302916350722,1.2005098792785884,-3.350139868655146e-05,0.004129393342011334,-0.00042356728999567463,-0.02350046210103579,-9.470145373800409e-05,-0.0075655203478614125,-0.07031300369187436,-0.005533837230493739,-0.0009289364346588624,-0.009204389906810153,0.002535302555280528,0.0002188892594916987,0.026947738409767743
2021-04-29,-10.683791837847961,-4.181707791696393,2.673556565852494,-0.0046676489654082125,-0.010572519564734989,0.004227621076341823,0.0003038359309358904,0.0015141481079642206,0.003718539753955816,-0.0477339190223803,-0.021762065834490318,-0.0037243990909824397,0.009093996353681534,-0.0002508392453820014,-0.0004168152391387836,0.0061846758762583
2021-04-30,-4.617726342646707,-3.334583784429266,-1.407085385190214,0.0021182530658079707,0.0037671351571566237,-0.020629834001518698,-0.023125526385398013,-0.006736587931846568,-0.031173238218365613,0.002569933212402128,0.0010750062115157273,-0.0031142971293587813,-0.020973548812533976,-0.007456438958190731,-0.0030745366177926644,-0.020915989073063638
2021-05-04,-2.79131744947992,11.07474919442965,-2.258415854251881,0.019853336517332995,0.01040466843722528,0.031538727951932986,0.018100390182724913,0.022498242683910222,0.03487800164641961,0.014698941766427026,0.014737517075744595,-0.0021857932199804307,-0.009173856738979944,0.0,0.0,0.030994216492964476
2021-05-05,-0.37732296842390856,-1.0594139553282966,-2.010222323115458,0.007512049628121321,0.01570157443672779,0.02163049742143281,0.0168033018065413,0.002788624227650098,0.008779439002925356,-0.005657999680931205,0.003075151375886936,0.010881500187534207,-0.0031908858982813704,0.01168692590053932,0.0033188976563598635,0.009401964101539262
2021-05-06,4.152906344240435,5.144087129026577,2.15278258803874,0.028130932960924553,0.022893819865852497,-0.005733491011433432,0.006657963625907332,-0.00018566654342233048,-0.00537179691517234,0.009153827673010312,-0.007899087406739844,-0.0007733354341019943,0.004441667799934003,-0.005262524934975237,-0.007510638706504255,-0.01202129039538459
2021-05-07,-0.8568502179035293,4.013327614731892,0.517968594690891,0.010179331091976784,-0.005364155631111206,0.00016427104759735475,0.0065398568404016685,-0.004373116994920069,0.006076468919527301,-0.006418382434681074,-0.007864499974707392,0.002781213164820748,0.04205759448848098,-0.003810262595189399,-0.0010632311411585245,-0.004380848127856368
2021-05-10,-11.839926714927246,-1.2550786884983955,-6.8426667088460045,0.00705188386125749,-0.0012005548832860916,0.004915625169327,0.001702254046838827,0.010666520459900082,-0.003952574315823246,0.008935568389612559,-0.007435705916047268,0.00015428527377675294,-0.002399913882321394,0.0,0.0,-0.0020509822601253755
2021-05-11,21.75875350944054,-2.2190604627266026,10.904355498312233,-0.041545785131640436,0.004504977551386824,-0.01598188724640089,0.010738555679293302,-0.018530256920114656,-0.004962789342129014,-0.002905008337143527,0.012588602447357902,0.0016955688069938757,-0.0018584318002557462,0.0,0.0,0.001758242211196566
2021-05-12,17.16106796057621,-4.998261615005653,12.608956600256743,-0.016875544114699884,-0.0029321295450184066,0.016145325998092656,-0.0026371709665232476,0.018991447722920874,-0.012587778855608404,-0.009744766257648894,-0.01101858936850516,-0.005714742558701874,-0.004716213841829594,-0.0056517267945127,0.0036197160226072197,0.018277271191791858
2021-05-13,0.9136637365157592,-5.250682711382096,-5.914487948248572,0.015507242874990845,0.021966319360259307,-0.012994672533679868,0.00446445649487839,0.014283341161951372,0.0028748043372380455,-0.008654656696359845,0.0044024920688977304,0.0034018897814897175,-0.01674003948755243,-0.0015749341803435273,-0.0017403250959787896,-0.030946857281784985
2021-05-14,-10.836215345361962,7.360545644038504,-1.382700300080158,-0.008643888539314741,0.009623395722839444,0.001654260096026468,7.302201617028513e-05,-0.00794053366741784,-0.014603021012481548,-0.010525367747452599,0.006519118198527773,0.004927635471340405,-0.005043440222588348,0.004266950595333074,0.0009656150594158786,0.013840032456239737
2021-05-17,4.705828801094508,2.652442450608026,-2.389647414832615,-0.0005262811778599747,0.02219231159436221,-0.01230682421223392,-0.0013883309379865963,-0.00018328445799118198,0.014459476908309243,0.009932540934319247,-0.0011644833921418468,0.008108359271107653,-0.004053146733166241,0.0,0.0,0.015092435655177405
2021-05-18,-0.3595153217875262,0.5922903877973255,0.24365521313199834,0.006035575627008505,0.0424714271088928,0.0030075210639553224,0.0,-0.009392334238895619,0.006439172281021233,-0.010931242705134316,0.020470658598589937,0.01737072602987712,0.006185702679142414,-0.00678632902107151,-0.003072510375406682,-0.0033181881415581993
2021-05-19,-1.0225029540925712,-4.293614363756501,-1.0170165197362486,-0.029133750329767914,-0.0201858424761906,-0.022182835122073693,-0.008886988826425834,-0.020468960820750833,-0.006582736993061596,-0.015101464881424005,-0.00562844319168464,0.01042762316225916,-0.009010084605259434,-0.0020941649600062086,0.002754449874504855,-0.04145441989255589
2021-05-20,-5.4329236664068965,6.544176283285498,-3.48764366967139,-0.0009432056213641129,-0.006691560560926073,-0.026181994089671857,0.0016953529288263364,-0.02321353699050154,-0.013005963679133993,-0.019668734860293625,-0.012611478824034694,-0.010128177135167473,0.0252470961280035,-0.0002904116673619826,0.002165480609980303,-0.0015073864777677348
2021-05-21,-0.8329941098335751,0.5188619889933037,2.758111136985028,0.015085159378119278,-0.00448604666013919,0.015549981050598601,-0.0033935849609933334,0.01572570521840371,0.020586633608388312,0.009062883864968447,0.026670796564425184,-0.0008986072193721718,-0.016461277054071962,-0.001046996093022267,-0.0036670684675725097,0.00856182473865234
2021-05-24,0.10540039190132466,-0.38913092714843467,-3.7748976685352087,-0.0017610025649713865,0.012479940112838954,0.0030124393396855666,-0.0030344544617819276,-0.0030490733484125755,-0.0007127076062499564,0.010402949503303258,-0.0034963418560748733,0.001497230403964937,0.0003363794391756505,0.0,0.0,0.019403704382741353
2021-05-25,3.484888880074067,-0.4282832211366956,7.0671969517535596,0.020082979498617863,-0.00556591268579662,0.016196756765682947,-0.009383446865797665,0.0007631403594634096,0.0015672867780422328,-0.015336155808139572,0.009234023965683557,0.002540158257886347,0.002798770368764509,-0.0010072910502044177,-0.0009261194754167284,0.0067251715458493035
2021-05-26,-1.7222277685044869,9.368192264544865,-3.736197266512895,0.0006842508535001734,0.012622566613411502,0.01735237805738733,0.009531682857767985,0.002856600685623259,0.011606641266019891,0.002264074240786652,0.0029033033739503315,0.002087060984167262,-0.019529886405040678,-0.0017737198784017112,0.002970351021801428,0.0040715484485732145
2021-05-27,26.24721882129115,14.011932924629482,-3.421680899272224,0.018427901138098064,-0.0004942496061073683,-0.004080448681161805,0.0002964060784946797,-0.0012368585373962473,0.031036018299724803,-0.002882439714474025,0.0028948985991932696,-0.0008939213944498975,0.0010254658222167022,0.001053993425006111,-0.0001701004541781292,0.0026086971315870218
2021-05-28,12.327327990237757,6.586969348539143,1.9636476702887495,-0.010156287082441116,-0.0036574255948670295,-0.006194043407654946,0.005172934976026512,-0.0035286861277483194,-0.006844653689965484,0.01534556967466032,0.008819627331723456,0.0016382459543073063,0.0011381744911829797,-0.00021370473573430052,-0.003159338621656084,0.009937433257924464
2021-05-31,2.353140986473955,-0.8035997773785863,-2.791514378533153,0.0039655085414315155,-0.0037091605150541694,0.006360918668784857,-0.027272040236592278,0.015264577024820264,-0.005785937067043999,0.01731122135353535,0.009383693510154924,0.008151212230706337,-0.041931698855277484,0.0,0.0,-0.004452431053838522
2021-06-01,19.83197570596109,9.773373716563945,5.373286056172087,0.0026028710529033047,0.010783316209587985,0.0355687744693393,0.013018959515491028,0.02343421353022958,0.029540023075151103,0.01760504375269253,0.0016468439220623304,-0.0008860012392940287,0.005441868392288686,-0.0022009555440539045,-0.0031022186678101994,0.010738166035496554
2021-06-02,-2.5518869378813056,-2.2641844674996863,-5.81965825758649,0.0076089756155783015,0.027253513831439025,0.034502551929878736,0.007226164717900665,0.014598799421152631,0.04061271709006215,0.015564516541111548,0.0003655972986521097,0.0023609277603618252,-0.008055006831402735,-0.0007561199670175782,0.0024361146874498836,0.011750683802823498
2021-06-03,6.222858569870336,0.8532149678429538,-2.432507859240129,-0.005012861915679566,0.0034974725021311723,0.007207936651491604,-0.011722238234075349,0.013406111976634983,-0.0011598686782616256,-0.007362947427693893,-0.0022871790767400495,-0.0010322201019729266,-0.010761792253930084,0.0035000955732868186,0.0010452614746569921,-0.00014075585919491804
2021-06-04,13.042764146054703,1.2549461582569128,-2.9677011534720643,-0.004716460174897277,0.008052752154356815,0.005621669727967358,-0.008674389673570473,-0.0053768388342960455,0.01649759266197162,-0.003311583819225956,-0.0025678664146968127,0.005003689615582432,-0.010271373004430984,-0.003192938189572916,-0.004750953173941102,0.0070136351469569985
2021-06-07,6.649278147342443,-1.1316382229107294,-8.92111873740076,0.014653797102408253,0.004982100237345702,0.0067350629609381155,-0.005850413678175589,-0.00884482300404354,-0.004959003105477813,0.009128935885139178,-0.005155599709161971,0.0008804109152694608,0.023290368473927466,0.0,0.0,-0.000699154052111421
2021-06-08,8.33973306082447,-12.052845643349807,0.8766230613960349,-0.002220954019091033,-0.0011251657176739325,-0.00773387215618654,-0.006651654938834335,-0.0023597760088196144,0.0091359600043008,-0.0036803915635240016,-0.0038842183302524183,0.006141268022082649,-0.015908474966026827,-0.004572046297227066,-0.006872879287761952,0.004466162343465848
2021-06-09,2.8769643770026554,0.8512906879591414,2.7707812330782633,-0.0001588284814571744,0.0010526125724631332,0.012603764599079316,0.016358260307183813,-0.0036413331085734923,0.02272825107755609,0.016360676739432867,-0.0021334825587109125,-0.0014587894636599842,-0.002293440561062983,-0.0014243081547509345,-0.0001094213473116655,0.00416898880644199
2021-06-10,-6.176524666337212,18.226386276728885,-15.979817921301015,-0.0005084207290960911,0.0016311739004162388,-0.002584177162036739,-0.011766181213665248,-0.015903262964396776,-0.03224669339671281,-0.008435632844963384,-0.0009290227349717494,0.0020417099115272726,0.02151906108741702,-0.0102506961753819,-0.009429118788645968,0.007323003364369648
2021-06-11,-9.969575699303874,13.79309801834545,4.4454254096070445,-0.005162370854205485,0.00343487637724991,-0.007869544375822688,-0.0005346572592516666,-0.0077206094867167865,-0.01141403863331803,0.007671690867397326,0.004729018039344904,-0.0023337233462202116,0.024995461535959756,0.0015871886049178675,-5.580296770743012e-05,0.001100715576185493
2021-06-14,2.6402286335241727,0.5380963239497842,3.283461140831586,0.0035718879665206957,0.008804297281795142,-0.0005370775438879748,0.005181753574118856,0.00400727436205561,0.015740295540057292,0.0236015864047591,0.008107654509789609,0.005969297771617936,-0.0072938094700953655,0.0,0.0,0.006305709721837388
2021-06-15,21.911711396897033,-4.1152171614337805,0.784359690556572,-0.005138609842206792,-0.024556664765506147,-0.0016129655173317949,-0.009929809668274005,-0.0028873489066911532,-0.008671311666087821,0.0022367204106092816,0.0015587038410006292,0.0007255314836149352,-0.015338981149893943,0.0,0.0,0.006809232355990719
2021-06-16,-4.964792507458725,-1.704732447441627,-22.8730735169072,-0.0028840627566373623,-0.003379126112604421,0.013286695156410823,-0.015082075591268451,0.009653839014450933,0.008798271610396003,0.006495336930933565,0.005208583073449607,0.0007250054692980927,-0.0200221204095794,-0.005076759229820322,-0.0068050600434188,0.014952794256524862
2021-06-17,-4.201266318748127,13.880730812835868,-10.040951614736443,0.007322057940077989,0.002572112386255405,0.011763954383074163,-0.0274141273924221,-0.007883184807834915,-0.010464618211447433,-0.008918676731838972,0.013218843455920885,-0.00290318102009461,-0.015039701311689972,0.0027873545910730695,0.001633779491597077,-0.023266300400449934
2021-06-18,-17.043896033997736,10.247227940525638,-7.072006337165119,-0.014762784156883877,-0.008994457570402382,-0.0024770138392112757,0.0012007205765188873,0.007421184337616826,-0.0023118427969335146,-0.016939987241382334,0.008240820552790825,-0.007734442059361731,-0.010194769866851573,0.006538137034314476,-0.007496524718521993,0.008042025213792799
2021-06-21,2.7590395129782057,-2.289406215889656,-3.0435467348389906,0.0035501086180396253,0.009434727609800755,0.006591784168162768,0.01477037890344996,0.000369617450151546,0.009088062550255694,0.015071875358662194,0.007996488634226355,0.0039476621191713406,-0.004330350101220895,0.0,0.0,0.011339214368594563
2021-06-22,-5.556307687217527,-9.236735531864394,6.254895315404041,-0.0021608380845890727,0.015938622044641467,0.0027586224390796607,-0.01165523600330463,0.019487373922259955,-0.00947388983303055,0.0085645654778416,-0.007818092415752988,-0.0011680538632743347,-0.006218925515655906,0.00952489468112048,0.0022235621395459613,0.0025470889834613595
2021-06-23,-7.76271478725722,8.88438054448376,-0.8840347587303035,0.00019369834771315654,0.001262740313905063,-0.012361096823573975,0.01023534146799274,0.03314925282348523,-0.011254242063036428,0.0011117288526904154,-0.006621948135064962,-0.0013156934870677533,-0.0014983146766072671,-0.00044546230431210697,0.0019946903031831235,0.012506815498962761
2021-06-24,-4.368049945403421,3.6613717318424603,-6.290580618143356,0.000677648907004353,0.0004325727330348011,0.013774734944483807,-0.03936597157141988,-0.007919787963949165,-0.02196445240524653,-0.003153113991408557,-0.04583619063324787,-0.007783283289402123,-0.011941566076538667,-0.006843461536458114,-0.004074089512996452,-0.0025153915427360996
2021-06-25,-3.947755695302343,-1.8748936535146183,1.9228725735294672,0.00582173047111732,-0.001009627605325126,0.01256019467351817,0.015318477654946447,-0.002211118399638201,0.031416196233378914,-0.0022317286554978458,0.0009394964990177771,0.008075809253166985,-0.00978468953956975,-0.004705060161632563,-0.004454417277346946,0.007264114356491396
2021-06-28,19.15741374980578,-2.7963968454947574,-5.5887776699231795,-0.00750055826905553,-0.000721787176307079,-0.00751717004320396,0.008614843344010697,-0.017326502932356568,-0.004391069951037804,-0.012552858039760955,-0.004140403016600972,0.00029244041734961134,0.003314638424884009,0.0,0.0,-0.011648046983773029
2021-06-29,9.548308752027204,-9.891453866679665,-4.795630733760027,-0.010981623729886873,-0.0006861807091316692,-0.011008739564310617,-0.009909446648053476,-0.0035197003981713754,-0.011062779578659879,-0.012521506798041298,0.004046493076164752,-0.0010239158358179526,-0.019794990822855893,-0.0020525433198573333,-0.0018852835247680977,-0.00013314692783139023
2021-06-30,-5.817733840126289,5.111478424742537,-3.2243297516837517,0.0011427639803737446,0.017902375721065365,0.011526433618693441,0.00444319509504847,0.032290997677111556,0.05090059852544543,0.014216901383285975,-0.004329418527196133,-0.0010249653141258743,0.023605971045025136,0.002692495573341188,0.00042815297898390686,-0.007216388392753213
2021-07-01,-7.182841881738993,-7.721867651388242,-0.935199458966111,-0.0021887207992731775,0.01388470697243226,0.03594505687389875,-0.00809327823262718,0.017785572713677637,0.030500251418514146,0.01067126105196733,-0.0034960114975943015,0.005988479154024142,-0.004702302621536885,0.004839573953922636,0.0035804811911989013,0.015702252096312888
2021-07-02,19.05538367410016,13.120664708184561,-6.287294740850572,0.005251410538527517,-0.0003150212665405726,-0.02323504483073054,0.01620153924847082,-0.025165680011300245,-0.00048268373086286743,0.002417931058046767,-0.006171393904542318,0.01775322660717958,0.0025445306349947947,0.002543398426668809,-0.0011623665237949583,0.004084596231653129
2021-07-05,3.1366873046535564,9.170723842927513,6.409462536976294,-0.0012695520837978503,0.01889956558110618,-0.0005841974753559977,-0.0036044734447392367,0.0008814456278056417,0.014499085704398703,0.007587711059274231,-0.003434462448634819,-0.000572409861078665,-0.012144604364014062,0.0,0.0,0.009553170867349822
2021-07-06,-10.53788264982792,-4.954308781537095,-0.7892787867993807,-0.011993458963946348,0.00804041625276574,-0.0023402087614599913,-0.018710301616804193,0.00614846030045248,-0.01812665921083363,-0.0057317342830044875,0.0017187056651316857,0.0007154611452079837,-0.017384973399868178,0.006090434284391658,0.007102259174725986,-0.025992623688338143
2021-07-07,3.1093038573087566,2.261927052113397,0.8544382687280394,0.0023707617294392107,0.013337141708572331,-0.0069062062755053475,0.007980498381189726,0.01606983549853615,-0.0066849231018838735,-0.005391850935657867,0.013079515433818316,-0.07482343329892972,0.03964344400081088,-0.001200382083845569,-0.00027351511916148016,-0.022576153163078448
2021-07-08,13.894868900247694,-0.5119024456984351,-2.7200318346798347,-0.004714113132649266,-0.015349729585804548,-0.014555432970299617,-0.005857008527387688,0.0014638139265134885,-0.0008540231105297822,-0.02740415275815595,0.00638260098049716,-0.019143063755378005,-0.018407374698845142,0.010751915910906785,0.006363369321940004,0.009931378819411363
2021-07-09,-4.224814696781602,7.676777935185181,3.06570926978504,0.0030683473156713887,0.008026161981739544,-0.004348158886072381,0.010792493282023048,-0.005608539659609537,-0.01611846646470349,-0.005379455816184068,-0.004031318448847131,0.0036075641039117596,0.040058089750742876,0.015238829141505839,0.013800143356895065,0.024339259780429615
2021-07-12,25.83216417293976,13.720778866496392,1.8548355639875476,0.00875716906823814,0.007323567604064884,-0.006633523495633906,0.013308943338655916,0.001988158151544931,0.0014873577357749608,-0.0009636697286193221,0.007953258297164366,0.014455835784731225,0.004298968728524957,0.0,0.0,-0.0063618504827644235
2021-07-13,-5.930651228254426,-9.262682870449673,5.406784530790198,-0.01060364809458107,-0.012043039906937163,0.00392512581234684,0.0216654789331741,-0.005194816877104023,-0.006087353414669474,0.0005783132691297638,0.00955347432082327,-0.0009263548601307883,0.023738549600693923,-0.007496591177465025,-0.001922421602259417,0.009791028203470246
2021-07-14,1.6259395035812316,5.652731742597075,-1.2777967190454025,-0.004962789342129014,-0.03191668315022658,-0.010755235084386942,0.0028017762899716185,-0.01222722656956033,-0.01127831503770719,-0.005216899089180317,-0.00583253979513318,0.0,-0.011193473072784212,-0.007730085400761408,-0.009331821193466492,-0.0030329027006598393
2021-07-15,-1.887085816884322,4.317070241422334,5.868491769103275,0.0007294188181900452,-0.016259368838528125,-0.02085252335539654,-0.00428366245594127,-0.011489300047755696,-0.019598489343579294,-0.03268650903309088,-0.014402194138390832,-0.004644690189324712,0.016684057408137175,0.0008732475712243079,-0.004456155756934369,-0.017048894567072093
2021-07-16,-0.8817807153534882,3.2706653680552584,6.400138057881549,-0.00955765971516694,-0.0012864955496270894,-0.010709502397052054,-0.014782467643393322,0.0016874643197833166,-0.012414487644233885,-0.005821556138117834,-0.013848272147460879,-0.005134200309607584,-0.009928905061990265,0.0012956434627453407,0.005021032296324051,-0.008634700167623171
2021-07-19,0.6636984822259722,-2.5570144178621232,0.6215172712054475,-0.025039000164712694,-0.014914895692717792,-0.021287539355200523,-0.008032810521622956,-0.03531319196944344,-0.014153034041322806,-0.027141753843922155,-0.02632240224948147,-0.010821088888964601,0.005993066001847161,0.0,0.0,-0.06276953567653336
2021-07-20,-4.349779070555864,13.467601927049081,4.395718497725046,0.015794460001995126,0.006476027046853208,0.012684147561323895,0.0036665113608050468,0.006597055261740968,0.005527784541636203,-0.0026929068578059605,-0.0004904124466882584,-0.0033167526259939265,0.025368595413515913,0.0017042934540029496,-0.0025296223674580527,0.0002885170245055602
2021-07-21,-11.985846807755648,15.354363455480176,1.0653826429189286,-0.004196567685871973,0.019993525685789132,0.01346424025151404,-0.003506817971771929,0.008004408754799694,0.01070506306624045,0.02012388238971738,0.008888079217367312,0.003474419161598288,-0.0028001418366102333,0.0019444056777313656,0.001858795944542669,0.038760155981950546
2021-07-22,-19.413406884062816,18.318005823553545,-8.31435324968065,0.008140149317243913,0.0013423294961267475,0.009806289183057863,0.0011968882338461726,0.0031658476986616783,0.007374378460662262,-0.003054059179292437,-0.0027263892253288533,-0.0022095968585917262,0.015764786906773815,4.966919644986638e-05,-0.0019889269889708404,0.009391037115252241
2021-07-23,15.081784021658365,15.31566004457217,-1.5468299032547919,-0.002998401976885191,-0.013397737673205007,-0.003491217324739903,-0.0035949709178589233,-0.008707538010791691,-0.009584324111465214,-0.009012760721507805,0.0003899395643092415,-0.0007903264459426856,0.0014939955660545616,-0.010799812370383494,-0.007742373409083152,0.014600791550250479
2021-07-26,-2.2026771285588493,1.7051945790945906,-3.1721908911385954,0.023211873861218466,0.00549451931764078,-0.004439778294210222,0.007574283769340193,0.006990178705891709,0.01882226509640158,0.007788520617573531,0.01643342927005763,0.009912755232226568,0.004011236826452828,0.0,0.0,0.003920778361415003
2021-07-27,3.218262177627182,13.773675768686733,9.300586024581586,-0.012038948157255862,-0.010623747371056869,-0.011383832455004347,0.009958194992300324,-0.0027176391397684668,-0.007434978487517978,-0.004501746910950865,-0.0031689660168478795,-0.007859204238072175,0.01959403532486853,0.005460371839586942,0.004527102000698763,0.0021566257179375017
2021-07-28,-12.952507665571686,-2.49485815963022,-2.5017859182029922,0.010587377567196741,0.014707197341686351,0.01294389517390644,0.010093587513290597,0.0055181287969718875,0.03178488525632521,0.012432647657700628,0.012711023150050968,0.004094493909275005,0.0026881736618003956,-0.0033918019662174783,-0.003731309081048,0.006442110589590723
2021-07-29,3.936703834272707,3.8786717044180117,-0.03861604935408647,0.0007260486771539149,0.01686617634090743,0.0001558724966136145,-0.020131213777724616,-0.00045116174913706775,0.02194368128275525,0.004647881460110352,0.015454510380655683,-0.0004715868986242526,0.0041301615891286515,-0.0032321556133947382,-0.0008579190126298494,0.01210040693408727
2021-07-30,0.23759404212345325,11.630214462913221,-0.07823601935982628,0.008115567533537864,0.0012187691941294254,-0.018403979924421422,0.005545007870568935,-0.01729674437426867,-0.003909595694542007,-0.015441184488377923,-0.001871958614786696,-0.005992763558604734,0.0022254376604303036,-0.0057003189791794565,-0.000631834464283309,-0.004902295342852141
2021-08-02,6.028632889992474,-11.77183947741595,5.288029009123828,0.003006047027558703,-0.0020902289442705775,0.0014277784610000875,-0.0011065445327627646,0.007957237760310328,-0.004908587595297025,0.0057166345963831945,-0.0030024417375754857,0.002369856547953861,-0.007474793546574155,0.0,0.0,-0.03431841781042912
2021-08-03,1.0327384246974765,-4.748529606339413,3.1038259038786404,0.01096701452792106,0.0011849994416084418,-0.0017453395941863738,0.011479918495327477,0.003909629019588913,0.020817600038116953,0.0004070832541460892,0.011584583964588016,0.001419222819623765,0.0038001610502728504,-0.0023911478774630793,-0.001044725756629131,-0.005375245524507535
2021-08-04,1.27863478705873,-3.5988310407260764,6.246873226599444,0.0038970081042284375,0.0029563696471206617,-0.009894750374605844,-0.005330419456692678,-0.01370510259165037,-0.007012481885926603,-0.0016293282626897699,0.005927040874133701,-0.002840462695651191,-0.001786512310797375,-0.0019631504440473335,-0.0024681327596764637,-0.02731836199605262
2021-08-05,-4.579833270043448,2.7244115244442524,0.4798701936129061,0.01505802713490579,-0.006935154736884,0.012274004411573442,0.0019630173945265604,0.008245580386751307,0.02279095888238088,0.022970987867340253,0.013664296239695999,0.0006319115534130454,0.004015173808258886,-0.0011904591675878711,-0.001695101840248948,0.013262045391803583
2021-08-06,4.867796134817928,-6.30372467636569,1.192303999927769,0.010488780663569256,-0.012952910674541256,-0.012113632348043043,-0.015574052876780807,-0.005672995358962971,-0.011210612340401438,-0.015862193840024873,-0.005663149954462906,-0.0015805282253397214,-0.020807138772718375,0.005238659579106309,0.0027931865377403297,-0.010000787627140755
2021-08-09,1.0422141752151628,-8.694536315393957,6.270786007696238,0.02402369195483818,0.015502551438934661,0.008622119516819106,-0.009285266422941248,0.0001835030741914294,0.001438159404159126,-0.00020240866378187853,-0.00027483853409230084,0.001264622362658796,-0.01361654999116482,0.0,0.0,-0.02392492885250472
2021-08-10,3.6878442519401733,-2.2705558045854257,-2.676542286591657,0.009741028593741761,0.006709684648403431,0.02100206977717812,-0.008885357326614116,0.031694224353836654,0.02530583186467213,0.006657948532770401,0.00018323408205177708,0.0018939399600707832,0.022216806689220717,0.004633356121482342,-0.0024854034413962977,0.027739839872705438
2021-08-11,-1.401212142916192,-1.2535729191896674,5.540869155655076,-0.0006363540161107143,0.00601079604393695,0.004116990318153726,-0.0049615783592407495,-0.0013341043469376173,-0.003978009223848588,-0.004433703353315432,0.0012816993423550875,0.0031486172107967683,-0.004290882825612058,0.0012018709299693219,-0.0009259495695015655,-0.015347750457961417
2021-08-12,-2.157095326448953,-0.9877758357402642,-4.670774525738872,-0.004039673208146761,0.009870192196197912,0.008414114251795607,0.006987921504473297,0.00727146947833498,0.01558714819510164,0.007445451438503955,0.013179013742752174,0.005017257310697209,-0.013213542291018846,0.005059452112686268,0.0030974077202109577,0.021253279432002798
2021-08-13,-8.96894475908061,6.992106531374585,-0.27131875375797165,0.0003347280365982571,-0.0018090903164167066,-0.01159747033112012,-0.009764113374905263,-0.013073244131620861,-0.0017328023743146206,-0.008658062743114654,-0.005977195842933276,-0.0026622833045150565,0.002061856400558556,-0.005454931153714489,-0.0032375322691610446,-0.00632868999312129
2021-08-16,-3.3206818188572766,14.36107758860068,4.021290344422886,0.0020667443986621113,0.008166088251053581,0.010212854725293815,-0.0013909915101295843,0.010419079961801527,0.024892813073495182,0.004237722011299585,-0.007018852022444496,-0.00047055133799001915,0.0076375406881549965,0.0,0.0,-0.014924589438881598
2021-08-17,-2.351007849645351,-1.9231222081032089,8.521694977703993,0.01548550210663385,0.010852453921671643,0.011023613123907323,0.00595944455278418,-0.01679510623222436,0.013887556604765944,0.008022505923607665,0.010464629824316589,0.007035126334496391,-0.010272890251188651,-0.0023829770713066785,0.0018686414517094668,-0.003155481677368841
2021-08-18,-7.581633766671949,-8.746840530371784,-0.9887413371488389,0.0011951002318757362,-0.011021902367387586,-0.018828606186407217,-0.01748884839148524,-0.014610723180634659,-0.009498870103125185,-0.012058023910357972,0.0056867057614005964,0.006366975464869329,-0.0208679030829212,0.0011343574632654433,-0.0003098488008898902,-0.011268538770302287
2021-08-19,-2.0371569978641286,-13.10785258431442,5.987469840543826,-0.006620854335957857,-0.0046540943145989095,-0.017688494372384986,-0.01712585192167497,-0.016870646731035686,-0.009930119963764876,-0.008935883993303747,0.0032350854958060095,0.0009283615087309137,-0.013801457643925317,-0.00016333352878923003,-0.004164514533811898,-0.042439603175493314
2021-08-20,-2.7552537310867544,-1.0442047324479709,3.0969147749143566,-0.021326526727375093,-0.0037867849089147803,0.0011837589670998531,-0.007867062526093975,-0.007090904874569317,-0.017503163768176407,-0.003064666817903104,-0.007384094784887578,0.0027799245701882486,-0.008828499241728469,0.009308152639465233,0.0057197265975590765,-0.0016688162865613032
2021-08-23,-5.036923845201157,-4.898587970521786,0.7356859824358313,0.010841621562113121,0.01734872231459582,0.021225923695639262,0.012993770397327279,0.020114688462700245,0.012386899978677387,0.026054185042601846,0.0023472069998186867,0.009974762362486855,0.012622220448546821,0.0,0.0,0.04148985526576182
2021-08-24,0.860199784667135,-2.5367581254633835,1.876794272680702,-0.01342425174473734,0.003387048627804305,0.001928492131607,0.008680465156216614,0.00027526724034899444,-0.011464071443928081,0.024420276136454203,0.015923048651850392,0.007302634004817382,-0.0009470818749824974,-0.0011294259817515677,0.0019469575720445242,0.027725686033143845
2021-08-25,-5.5787381490925,-3.302434413386468,-1.4734629393410534,-0.0008007391866101152,-0.006718197925288039,-0.00882426966038574,-0.00558358048818548,-0.011998298066800793,-0.013698844358161802,-0.0009732360865521835,-0.009093403125957447,0.0016660359779429167,0.012125641534470398,-0.0016228296868007397,0.0002534714074782942,0.01378944039339451
2021-08-26,16.053788112118696,-0.28042208467759244,-6.008312331035675,-0.006274069815222008,-0.007985965560809414,-0.01369938055421015,-0.009235226414108936,-0.012708076086150323,-0.015431132512482465,-0.04074085532592277,0.006427445801837682,0.0022674032841654016,-0.006103305330753897,-0.002758495424757246,-0.002588427811155788,-0.0018183094736372734
2021-08-27,-11.398591186839896,11.556854551096727,-3.0932891597153094,0.014986048595674952,0.01791293687903152,0.01346610812984069,0.011489077695852867,0.011407323324471249,0.022884293833587806,-0.01183445764700291,-0.003208558902365912,-0.005450429844286314,0.02073941280621099,0.0033573978154881876,0.005484956649860263,0.015420184687875172
2021-08-30,-6.286088018327767,-4.797677730122361,-1.2338403807525031,0.00265369461346608,0.018220499764702112,0.0014764738276899028,0.011605866820151786,0.0027852585084170104,0.012567179865507426,0.004709745574877758,-0.001786991183186963,-0.0007593591374077179,0.0028786939103376654,0.0,0.0,0.006184311608784522
2021-08-31,-0.21536156621315738,9.312462450863942,0.45756703303220086,-0.0010362379397884597,0.0015716580950339602,-0.02444609848298429,-0.009689918047957102,-0.010625507741767235,-0.011755350305118263,-0.009029406719394152,-0.009253918065917775,0.0031854406912859325,-0.00982155910551158,-0.005643622008586038,-0.00284353839194803,-0.01379522498232942
2021-09-01,0.6544679812356291,4.530529379835357,-3.830862816697947,0.02001546041668621,0.023411034597037535,0.008004798043385887,0.008122713536976635,0.014788903680331977,0.04543918809036652,0.013106884336050397,0.0014431318460214342,0.0007569450062426528,-0.03629883643685843,-0.004035347060208443,-0.0016647801470436106,-0.015115753165306214
2021-09-02,22.800251209421305,2.506463649445977,5.126322879499484,-0.016788374473036608,-0.00188742678273907,0.0026016018457891113,-0.014467700594299365,0.016754797986689794,0.018657257604542662,-0.007146533734074088,0.0032394521265315334,-0.006985601679766873,0.006481059651760784,-0.0011865969209432139,-0.0031330037201153273,0.034376219241066194
2021-09-03,-2.307544552385616,3.9256533221828525,-0.3809873251905575,0.002155729455928915,0.01789842144369277,-0.003233313806152262,0.023261675491407254,0.008498378604263232,0.0005435078127162721,0.0024559979598700824,-0.008661968802389048,0.003043215982238212,-0.014338458795638704,-0.004685016748665353,-0.0011338112614173246,-0.005876340790895576
2021-09-06,4.047833900638313,-7.438747601076078,2.8040803569811086,-0.0010317413065501389,0.03398227643731205,-0.0007902015425009138,0.00879842743055227,-0.008498378604263291,0.007254647160418782,-0.005534502186957481,-0.014145798280903125,-0.003195620158407758,0.009060768723510691,0.0,0.0,-0.010471299867295255
2021-09-07,14.908827476343763,9.81141398025378,-1.1589361658576736,-0.010407064462731753,-0.003654863508672385,-0.007140054133476582,-0.011502349762953171,-0.006193098118563449,0.05161690153130552,-0.013242486089165015,-0.019115363516043465,0.0016751698122812134,-0.0006015037775342237,0.0014361856725267675,0.003208169752169088,-0.005277057100843893
2021-09-08,7.981634670672204,4.573411708001377,4.448670589434364,0.0174562715009877,-0.0003967466824508001,0.00974535304523983,-0.004770138167503845,0.015591323809551454,-0.014448135747386041,0.006643163314143649,0.02141052174183924,0.0019761350202225397,-0.002771587000451361,0.003244732214324101,0.0036652651191259687,0.009561494585564637
2021-09-09,7.851962639431504,4.292847713185727,4.9021041041167335,-0.01730289021013676,-0.009292122611322706,-0.01141872687689173,-0.01160875391653586,-0.025506939387355293,-0.01730056256719429,-0.008728234961961935,-0.024037164903026733,-0.0012156208760302786,-0.02566750540674622,0.00342624437527016,0.00022093903783464107,-0.0006897979165703144
2021-09-10,-16.775440548087747,-4.255165626692338,1.6159233083512992,0.0007359028940332759,0.005714301263438635,0.004853026749031538,0.021779445264039948,0.0025801709854087226,0.011566900781795479,0.0018767600128601842,-0.0008457454810377857,0.004550978728534737,0.012060200323157749,-0.004272335763969857,-0.005118275139553242,0.003856754091911862
2021-09-13,5.7058054563728895,5.919380795133532,2.5417023479097827,0.0035492495111414894,0.019175926644190548,0.01894636289170457,-0.0006530612477001461,0.029203127210382047,0.0409683507725418,0.023472356185142068,0.021576211311522063,0.009640080679629745,0.00840494624489552,0.0,0.0,0.01134589438533012
2021-09-14,0.8889923495780789,-8.913576642332558,0.6168167642802387,-0.0028445170504944636,0.018549651314687374,0.023017836207327513,-0.018461048438792416,-0.0038508085018811107,-0.018126160797826234,0.017549618337779425,-0.010450962174431581,-0.0027018929676280385,-0.016141216179385135,-0.0006141720736566847,-0.004087321510473944,0.0019011412570243728
2021-09-15,8.036864999766433,-6.959596819512821,6.6491165132704015,0.02130415881608296,0.012780101252874612,0.02324374078494765,-0.0027487418914537275,0.01928348729710309,-0.0166928141945541,0.019602647293513423,0.022704224481157435,-0.009059400628587901,0.00516415754823431,-0.00503426275089095,-0.0014758606538204863,0.02743197367662551
2021-09-16,8.017572575632085,0.9102406273914828,6.144997679946983,-0.0197432605237448,-0.014197117490453446,-0.00903766841692524,-0.020817405083522356,0.014591146115881566,-0.01265244044319964,-0.0025522738896521335,0.03798602202768516,0.0,-0.013457823952715147,0.0018534158501607365,0.0009229586009672982,-0.00755220548788733
2021-09-17,-1.8637919377247,-2.4711355447933503,-0.64573417413368,0.007828842057500729,-0.011887212784046593,-0.009574501125864334,-0.009756174945364685,-0.01635295065898038,-0.026983986704844275,-0.013258332136990103,0.0022723309899979308,0.002121212916586173,-0.023900508736762072,-0.005769369872573663,-0.008227330377605393,-0.004264967147341564
2021-09-20,24.304912031738734,-9.418403571099228,-0.8044371484950308,-0.008042938799460298,-0.026660167286095313,-0.007527693988937875,-0.032603508337933976,-0.02608222162807453,-0.005420067469339145,-0.029309829253827302,-0.01708088719057037,-0.0071390900917510875,-0.03947026688629589,0.0,0.0,-0.004954150857080119
2021-09-21,-0.7303838530960927,8.375470902048908,-0.5702222576451869,-0.011289474995962159,0.029048941189995122,0.008209228224549328,0.006729858039734063,0.02148695019780875,-0.0016317653879056701,0.01182721780179077,-0.001244002293003862,0.0012187691941294254,0.0076517523730972314,0.012329641308022967,0.00603012676884116,-0.003765469753062321
2021-09-22,-7.89413332468378,-2.5690412023159794,3.2253946097702326,0.013977648657762565,0.01565375437236893,0.014579051340829994,0.021305267573868202,0.03737940598729595,0.040852478541186864,0.023836882236643486,0.005674277127359241,-0.0012187691941293434,0.02543279677300972,-0.0017033105384558738,-0.00025271449859740893,0.019744504810951528
2021-09-23,25.687684787758425,-2.773672589421082,2.6410464585092344,-0.0023823352032890073,0.008420363759278956,0.01466367087838296,-0.002335338171609102,0.020688937211469985,-0.023582756300749685,0.00414815409630822,0.04924894638430572,-0.00015245064439931607,0.011718386548048533,-0.004464461204170268,-0.004294249174121808,0.019362195666069754
2021-09-24,12.174209500155396,-11.264076948683424,3.217004783976982,-0.004843218246245231,0.0023845538808593514,0.0035226808775217864,-0.010445777432162026,0.025986201358659835,0.008312068317092967,-0.007121691821039537,0.0005889529428579481,0.011520515472572369,-0.010182091277250574,-0.0021441564863400086,-0.003338161863335313,0.008258111446934661
2021-09-27,-0.17434933240041217,-1.457474849631321,-0.8634963515265301,0.01899253582727432,0.031168532083864255,0.023315805313616846,-0.006320245757801888,0.02230635628783044,-0.009382732230933171,0.05372234503039779,0.0016808139094511843,0.00045204551361193763,0.0029379851241230406,0.0,0.0,0.021358554103878893
2021-09-28,-5.4335863340809745,-0.7940987241838067,-3.864942115308202,-0.007201459305150838,-0.0031582238697848426,-0.0025799068344385745,-0.017231086244482906,-0.016055574884773438,-0.006879528368840587,-0.012876527089336483,-0.00809379681947592,-0.005438079866781508,-0.02244386740395315,-0.0008694109600930798,-0.0019795647311551625,-0.010240939113394196
2021-09-29,-4.0096494412454,10.042985882761887,-1.7795767137645047,-0.002645463966642019,0.019050859401370836,0.0034383988030327085,-0.004759561766656502,0.001697999195116353,0.003660641469368617,0.0041841065225738695,0.020278891666751515,-0.0012124887814620392,0.0065011280851193145,-0.0021078801160884474,-0.0042460556855899384,0.002411627747488051
2021-09-30,11.470530718722719,-7.688612560468422,1.6274437013522836,0.037529425924642326,-0.00022170491167180638,-0.012738108979164386,-0.017617600597678106,-0.0073789104317354475,0.03173190612630596,0.0007588693211840576,0.005377469008033981,0.0012124887814621173,-0.015147847751197227,0.003476310575104017,0.002362716204415726,-0.002665821953228797
2021-10-01,2.09347333443401,-5.782166457800595,-2.4844969618815904,-0.007388144928507023,0.006767514261923734,0.012094309107147533,0.013287417918209803,0.006651549507438545,0.00560632697663885,0.009061795065899738,-0.007619715514885728,-0.003793919111787347,-0.01005033585350145,-0.0013285200509951455,-0.00674430164776456,-0.0006357683474368263
2021-10-04,23.450791228520405,-12.024694106685816,1.2702398310913443,0.021540148634781684,0.03465740267693613,0.020819332907275362,-0.02221399447088184,0.02119825008363593,0.01091444113148347,0.014552495621917627,-0.004750206857049832,-0.004571784860259598,-0.02858107728693498,0.0,0.0,0.03683542731877461
2021-10-05,28.973720865565717,-21.690330502636563,1.4539839760425304,0.04894849168054433,0.03593638899316614,0.029281837945371102,0.008376723166384548,0.03660224429886104,0.019571683891348602,0.06784385080789351,0.04244126586825342,0.0010686208176684893,0.015335850536914475,0.003567603058911748,0.0039126251150577085,0.015449489214894396
2021-10-06,-7.221395527924093,-8.321288728291496,-8.826270936994655,0.002969155972479564,-0.022098627256976536,-0.03469276432658552,-0.013566725548391815,-0.014217338420913843,-0.03121110045720555,-0.023110272212745774,-0.0007208362011696758,-0.00045784052688343585,0.03506809882878937,-0.004884110264002382,-0.005487911844386481,-0.021474714943584154
2021-10-07,-21.465180674633956,30.73728716953253,-12.689253129049414,0.012684121448209768,-0.028193356706831502,0.009676816272856891,0.03416169252483585,0.0030140290988216524,-0.007591945362030719,0.008290020137647193,0.015739593609494316,0.002896122746779708,0.014202950177993535,-5.512041053678997e-06,-0.0029411540951610384,0.009940561698297566
2021-10-08,-15.459991178075665,6.169611230941071,2.120319081898474,0.010998304788090203,-0.012295403718853477,0.00764689162459971,0.02193791075101577,-0.02650767034021045,-0.004918643164258897,0.002981673698974123,-0.006250267588378625,0.001216915270345907,0.015393726786596605,-0.0039046369479500197,-0.003817819195124783,0.014306742568883256
2021-10-11,13.287343983342343,-0.620434794511987,0.45525319851313656,0.03836865108069353,0.009891653793704684,0.006075688394257339,-0.005373278728611444,0.016581260799814052,-0.0007346382237310272,-0.01056347850956926,0.007905179507113247,-0.030562650410166696,0.007170293001072102,0.0,0.0,0.010537757672569772
2021-10-12,-1.1149650761371306,-3.042237483182162,1.1704662369578167,-0.02563539433074644,-0.015560805050149961,0.005765287074098564,-0.005135936198781515,-0.0045305498522414545,-0.0038920787573950818,0.016500286587573448,0.019571011776904648,-0.002982499660031241,-0.0026357090878169525,-0.009006284356540613,-0.00814259485590733,-0.0065730741588487206
2021-10-13,-14.605951386117319,11.607550178883193,-4.310068257071309,0.0026698756260585006,-0.003659530546859404,-0.007418635480486096,0.008398581833598059,-0.00912314625032835,0.004941396797012899,-0.011380670850627566,-0.011571596521638543,-0.0028337550449072063,-0.0030207700755319707,0.0033835650818859974,0.0020009559701845417,-0.0011997601919041712
2021-10-14,-6.589822688869587,6.8263328348959,-6.31677247372058,-0.007179884862342783,0.01159282342004182,-0.005115100666770377,0.00920130927658622,0.011937627038687658,-0.004625257904027174,-0.006536548315490856,-0.006740365671255366,0.007538908016384699,0.00565647916334908,-0.00031167862846570425,-0.001090934157260022,0.0013196570807233992
2021-10-15,1.7846414897617753,-7.178589586900716,-0.1868326068143913,-0.01141861024750931,0.0020687034434022007,0.01260217070673577,0.007820006833203077,0.007776693675573337,0.0038908509046438433,0.011104370734234356,-0.013857766206643533,-0.00234980918023083,-0.01770405370577519,-0.0010178061241087864,0.003990686892311543,0.01699892344296143
2021-10-18,19.923884190918983,-14.10505435090294,0.8210679569415917,-0.019609003957508427,-0.011651254524398467,0.0017093436865201204,0.0005191658851575032,-0.009652133781422429,-0.004523228666021418,-0.002457003693052103,-7.974163713808636e-05,0.0018802888648519064,0.044906522304706153,0.0,0.0,-0.0010613834359221215
2021-10-19,-9.532108098781434,6.402911026099851,-2.7225172426609867,0.023260014724540305,0.014556536302933647,0.0073509723884235025,0.023594871293731837,0.005849110066323406,-0.0025335176646703226,0.006829551105661417,0.01440924305183778,-0.0009397024967141292,0.0076554234982224275,-0.008578916041900756,-0.01056140350150449,0.002357101857381334
2021-10-20,8.849513935244005,1.7906604610019372,-1.3217381701607167,-0.008125532370358698,0.0030860879934328333,0.008911752201690899,-0.006016712358637393,0.0010880548209507665,0.0007396059294303268,0.013348555663264781,-0.008446196163591477,0.00046996162845069456,-0.014878323235463897,-0.0028704356596482143,0.0027236968019349237,0.0031732999538249857
2021-10-21,11.118691872701405,-21.03036839020095,-0.1804111615198647,-0.015134482354181508,-0.01800032237548957,-0.028220808119328894,-0.013692982452925538,-0.016288535536185648,-0.02005614485362823,-0.031132279908023443,-0.023987352030767125,-0.007546019143122623,0.00012285766954466483,0.0012406451537082328,-0.0008215351553374442,-0.01859472063893295
2021-10-22,44.21729520015435,-18.70677488060228,-27.18873473522369,-0.0006310273608848234,-0.014553473128495724,-0.004434597067865753,-0.015019599098834062,0.0018930436320578744,-0.010507598166724107,-0.0007108583914056146,0.0252548797295843,-0.0018954357277960545,-0.0043090248268094706,-0.0009166051897013341,0.0002868275381358979,0.013654115365024295
2021-10-25,54.64879033427444,-14.838540884652522,-27.659636319561788,0.015306143362328566,0.01859077554600227,0.03299141540506651,0.006973528957500447,0.031874281445237185,0.010723092187599101,0.013596042399996395,0.02339608299192793,0.0,0.006885555299466386,0.0,0.0,0.018807867055450476
2021-10-26,31.54365590293653,9.880186660360371,-2.4826549389291324,0.005847891084293227,-5.4820053189182375e-05,-0.0001343905391083672,-0.01470099979529512,-0.006509193254796906,-0.014541764658449424,-0.014129518006140162,0.01618692087773477,-0.007299302481611608,0.000734933889032821,-0.012129829593768234,-0.010927115806886226,-0.0009262476058765717
2021-10-27,-9.84313678654792,-5.082644949748436,-5.926852542281591,-0.00215192680417268,-0.007290366407125553,-0.01584969511174315,-0.019494141737467757,-0.01923732920928373,-0.012540038928122256,-0.029238682727526492,0.01473003178699198,-0.0033500868852819744,-0.002083717123367379,-0.008331526189785589,-0.012803379947166526,-0.0161143141294902
2021-10-28,52.08440220611114,-19.92312014691442,-4.510432450481149,-0.016288773649383394,-0.025050933951849888,-0.004790592244294426,0.00502108111292715,0.004454350349380375,-0.003215258604493039,0.004932868320024645,-0.004961297104376787,-0.002239642593504687,-0.006524304548794032,0.003699694955738185,0.0040437621726005036,-0.013749179492745879
2021-10-29,2.8604752416320243,3.3926181754282343,-1.0356317308099354,-0.025559256903575273,-0.00861547290162231,-0.0021976521447106766,-0.00862306609695633,-0.00806361280022069,0.0021077161277835467,-0.01598270450660967,-0.024873488027980322,-0.002726326762870632,-0.003216232361742055,0.010123287938431261,0.00995168717067418,-0.0033472834600570345
2021-11-01,33.79824195459115,-18.915396580843833,22.258000780427025,0.040770328110037085,0.025153593233866355,0.002814872614876295,0.010142347858426905,0.009076744632973921,0.02148734281279951,0.022703281976816876,0.009840177801511136,0.004806161125911462,0.029422863454691077,0.0,0.0,0.012967881447039432
2021-11-02,-8.094824092106034,1.2178092315819282,-6.990267034756517,-0.0007011299265187434,-0.01860701817800413,-0.01089140152074876,-0.011767483644053292,-0.018395298994558176,-0.020822670139608375,-0.013119721712759325,0.01819334596120573,0.0015969342263120131,-0.009064053837814617,0.007988348143092752,0.0040168826266418906,-0.00260385991598493
2021-11-03,-4.121183079984531,-5.727364097542027,-4.615614608033703,-0.0015388148764971343,0.0015308294980997449,-0.005420820835662468,-0.004346651777008341,-0.016721058407874398,-0.005218465181824554,-0.012922461529572061,0.0083782656459975,0.000797511805568295,0.0021828774129796563,0.00549927524653063,0.009556388373762069,-0.023866336368693866
2021-11-05,-4.8914250716468715,2.0022656915842107,-5.835853564768537,-0.027167100569453154,-0.006878740064998727,0.003339365841481084,-0.017116339335720866,0.010433481483774777,-0.008271900508562816,0.008879081641129924,0.012069303517336158,-0.0012763243596049009,-0.0114523668849855,0.0,0.0,0.0026666682469152977
2021-11-08,-7.276355980394767,34.10950043607814,-6.33568991256365,-0.005065415784937293,0.0024783866147932584,0.0013187577826554578,0.009555383251729372,0.008664945505580291,0.003920914674236653,0.01897174741889013,0.009668280101841238,0.0011168728723819352,0.02037669046609755,0.0,0.0,0.007477121183589843
2021-11-09,-15.006895733778345,24.320328195893723,1.831906269610441,-0.002654263044963191,-0.0057352531910352025,-0.002847916348508788,0.014344322211394254,0.00741269855897697,-0.006505911899026531,-0.015295272689581394,-0.019133706092449212,0.007941591929277816,0.0052688422690912355,-0.0011310524051495073,-0.005102335515374006,0.00658645576088512
2021-11-10,-2.4580442280778296,19.72456670437683,2.130830849064259,-0.02489896221381617,-0.010528532661702146,-0.007050393939183993,-0.022515877574962276,-0.010424987796707546,-0.011886708135858268,-0.004966440816229158,-0.020340702042093938,0.00047449585706380346,-0.020268518680240547,-0.0015544832582146788,0.001382690679241031,0.008083733986908629
2021-11-11,-14.346372758361044,5.029920306320919,12.095916220400298,0.02153610734642737,0.00473141497737635,-0.00604273901689762,0.01627687727482928,0.007434978487518212,0.019063235908905483,0.006982755311093263,0.027669453799289166,0.0007903264459426672,0.015119731636697078,-0.008333522424913283,-0.010492887722847326,-0.0181605946875622
2021-11-12,7.708158026711002,-22.557723693592568,-8.720211313142773,-0.02458103673569178,-0.040649317741974694,-0.030991923955156535,0.0022650066308520615,-0.024408964878924914,-0.005489902309969535,-0.020348463840849044,-0.031544102521402925,0.004099658848249022,0.006223093324128453,0.007067406298082622,-0.0016128029183298234,-0.00798939003347875
2021-11-15,22.436613457686036,-21.158045188593555,10.374530175678165,-0.009248888150378142,0.019884911022268338,0.005871071117227576,0.011606590324426954,0.0037880359622068822,0.002692697688908305,-0.003557057012705321,-0.010560245061488996,-0.002994250129292586,-0.005383110074403389,0.0,0.0,-0.012597243574909593
2021-11-16,23.323605034629022,3.7543208771308656,-1.699543125315834,-0.018995148290440935,-0.010367990790882518,0.004038952479477339,0.011915488656140883,-0.00032182798572075253,-0.007422436235807529,0.005237572766248343,0.007892458883802663,0.002207158392475611,0.0011987534401231496,0.015000058201935387,0.013603666115836256,0.004910998206627358
2021-11-17,-3.4478196237529177,3.073566844699738,-1.700463808744405,0.005842448014575271,0.03841641927762378,-0.008965427704489291,-0.004163166471807528,-0.002981829182806452,-0.006795812766471579,-0.012012156448003545,-0.02253877440104176,-0.01587334915629012,0.0011973181506995762,0.003906716184980051,-0.0030151627822966086,0.0002449179537101579
2021-11-18,32.053352669263944,-0.23826025860441535,-3.9567726907871754,-0.00874684220845694,-0.01270972050291791,-0.006484776267830961,-0.010708651325177596,-0.008754919733843559,-0.025903710487638343,-0.018485519233128446,-0.0744443044532011,0.0009595394946998982,0.014021142247214775,0.0036800632542723743,-0.002051193194664788,-0.01791387702827755
2021-11-19,9.419989939962582,-3.3586090724292106,-2.6757981928662375,-0.028203949241066995,-0.023245286817440848,-0.019337823053708063,-0.006661290272030801,-0.03918814569793658,-0.05440421400219875,-0.038428566895510656,0.01145545367084079,-0.008669182564752695,-0.012586250215777016,-0.0030338685811486348,-0.0011785175857519459,-0.01304911866392211
2021-11-22,67.44946083404528,-38.24172824010747,0.22808505369351295,-0.05784464839740982,-0.05610313709758901,-0.02009928778086842,-0.013365657893659944,-0.016218878785505812,-0.0301291619100356,-0.022845429019287322,-0.038044152496146656,-0.015927526696101417,-0.006112561730017056,0.0,0.0,0.006796753666609325
2021-11-23,30.78899527611774,23.91939267215306,-7.905898244621357,0.05564415851192903,0.06832013062767289,0.037900843660926956,0.02486003731939504,0.035423628529124174,0.05518215650923265,0.017233067123775408,0.021783631624366306,0.0073451729891767376,0.00252146378412832,0.011617847006923818,0.006219502832922936,0.019994456834089964
2021-11-24,-38.796611259631085,-1.0082055389777822,1.5351022553004177,-0.017344507881755365,-0.010204920416663653,-0.002198769575378811,-0.009779809678444305,-0.007754885642775223,0.0016800675978716473,0.001807410874595842,-0.007123503664334313,-0.006362693787828657,-0.007583545221551662,0.018641883817865815,0.016776149045245343,0.011248437466797457
2021-11-25,-47.049926738515595,4.008224436632371,-11.322531205521797,-0.012310064457775525,-0.0022194282987833434,-0.022708010467301084,-0.0024373742601474712,-0.01077270138663134,-0.021819047394639725,-0.01781423627512693,0.030343456104924938,0.0017987086854288317,0.0006039741682663826,-0.006167360789136894,-0.006345247352939699,-0.0034100629805419547
2021-11-26,0.6000229264159032,4.013019833191031,3.4549529046957095,-0.0414078553254549,-0.03481626612117183,-0.04411746842298492,-0.026004028881606016,-0.06240845085135429,-0.012827013559754425,-0.0595401406343415,-0.04742468338854966,-0.023137703806512845,-0.03928350947343759,0.0030582746880564032,0.0004769341473049239,-0.0915354416845078
2021-11-29,-46.270377248072315,-4.107505810574519,0.23087053787057804,0.03913605931477927,0.03969252255104035,0.037263741726245615,0.005827145009193928,0.0320835742377392,0.0138069254461032,0.019959885729487214,0.021073248553162092,-0.008563565052785934,0.017924303627991352,0.0,0.0,-0.004555816535860802
2021-11-30,4.663402329928392,2.239920218462363,4.993664703608336,-0.004971747340666987,-0.01473060610949232,-0.015690778157125662,-0.006848074143301142,-0.012551180695399521,-0.003679631282866206,0.005720960618940216,-0.028459127373514487,-0.009318152979411375,-0.03553641550317326,0.005099548295689196,0.009546858839285738,-0.0450501883625241
2021-12-01,-9.566408104034418,-11.188465761224295,0.6421466409477337,0.029404683415624733,0.0322936296952212,0.009702509362431735,0.019039434636785518,0.0067778966401734935,0.03097271533190098,0.009672068671910138,0.006086446056402253,0.00914950469500786,-0.0010231488295035873,-0.0011903301768972914,0.004032954208562193,0.002665732900929396
2021-12-02,31.389425518498683,11.064599299674006,15.688296840708743,0.0073710407445901705,0.014637002699964319,0.02336958740186342,0.007171743325880063,0.020921810048650076,0.02529100276441845,0.05238079658607961,0.0036341651142196693,0.004711433921319884,0.015490406235298595,-0.012333296204945736,-0.011716095473405574,-0.03551175286350078
2021-12-03,-9.782635224937692,-5.89130654103801,-3.7223010341067275,-0.01896699122515646,-0.012380057297484147,-0.013835616880314436,-0.012928075178456854,-0.00940838151431267,-0.003957174623813898,-0.015408008675103982,-0.012777782613171532,-0.009275722125802677,-0.010894457892620047,0.0012037426903551336,-0.0002970546870887567,0.04137933046891646
2021-12-06,32.93652403478782,-0.44640708248830174,15.947475657070797,-0.04190628451411884,-0.02058677234073129,0.0015801952195175699,0.0027452433053532215,-0.0017359608560541867,-0.03127105448111432,-0.007692345623155614,-0.011526237325346434,-0.004244848890234326,-0.009084574025818273,0.0,0.0,-0.004047740888429791
2021-12-07,12.415845007581705,-7.317237960071387,8.321533057532617,0.007419561325615084,0.017605367715351903,0.010545701861303169,0.0015522990835634808,0.024033428661611244,0.032902376213198296,0.01812373409374653,0.033332068016716336,-0.008200968567100782,0.030007948870514452,-0.005338017496134061,-0.008347544912123795,0.05655216950492115
2021-12-08,-12.049994650831248,-10.715525349370091,-4.206709010467671,-0.04233087411031838,-0.013013342691010501,-0.02196402698422944,-0.0014609206396747599,-0.02507645352800843,-0.01975372873623254,-0.009222198480451697,-0.013182459454043671,-0.004642773364200323,-0.004876533577599813,0.006366332688406013,0.007164415881710726,-0.002514392908106142
2021-12-09,-29.181171445137757,2.5849237922940755,-7.929673925503257,0.011551145428110367,-0.011519843832861336,0.006745771591949206,0.005376602007580907,0.005896141246736607,0.002845964211908342,-0.005250415938648145,0.02450221094811094,-0.005703930424460023,-0.0036416188922392487,-0.003981484488609261,-0.004158607439055696,-0.0027864411314858046
2021-12-10,-0.9633730820012536,5.140012247060263,-2.159572201106266,-0.009902395916845766,-0.013760312840217132,7.553725878876421e-05,-0.005376602007581029,-0.01086542046692748,-0.00736870460404309,-0.019215636215758173,-0.014577641892774404,-0.004865344089252543,0.003641618892239331,-0.0033300560936647856,-0.00023514112174694054,-0.0033273471837462713
2021-12-13,-12.544583487626095,-21.792094780349025,0.9253324075910487,-0.058139814789315694,-0.07744067421397462,-0.037478896907660646,-0.04858459319532952,-0.0593199759464018,-0.052656629680722156,-0.06150219975779381,-0.03237771367692103,-0.03401567984173567,-0.07331764875467434,0.0,0.0,0.002130777207832483
2021-12-14,21.028327043838075,10.294241205134432,3.32983904132176,0.015065532320044265,0.0385933853050844,0.033315851119256765,0.005166486807939512,0.021468714457992717,0.011874397382385271,0.019991973964674288,0.00583710864022277,-0.0043344839399476216,-0.011258172487090882,-0.0025726067769778465,-0.0057565750531506105,-0.021514881245204547
2021-12-15,-24.009299998879513,-17.34731296537876,-4.639598635538427,0.006123717850529204,0.014733574989405024,0.0004549935621073804,0.015998826600005827,0.018436602970852277,0.0173681769306678,0.03071950062788416,0.005277057100843819,0.012947492505406099,-0.009594371843339862,0.0008047358660875693,-0.00043573800644661594,-0.005725206478039625
2021-12-16,-15.817170688164033,12.419410840084149,-8.782682732579408,0.03172580427962021,0.01318067144772411,0.020114758036903123,0.0006571844577699533,0.020986573957813254,0.00923794098493636,0.007896965394775498,0.009081445578240994,0.02505423921700282,0.037041271680349076,0.005175112418175417,0.00490886011934076,0.01895791374461399
2021-12-17,-42.9241242556947,6.234337068905454,-15.818829203854895,-0.003351447812781371,-0.0033247449375924895,-0.008806684278648613,0.019885435030469478,0.0003489792392773949,0.007953765719784772,0.009271726046755515,-0.013565166659689024,0.00850182964301188,-0.002790884926681659,-0.0038013419645140426,-0.0009663775898621017,-0.016363878567567405
2021-12-20,-17.569839802594565,1.4420035298647256,-0.09984664295630018,-0.0222879104104365,-0.0042865956636190874,-0.05255661867716631,-0.004333601360506392,-0.009905844752668515,0.01038877335560661,-0.012796872258144998,-0.025161927036353643,0.003449468753257548,0.006103243039664467,0.0,0.0,-0.04675378794173178
2021-12-21,-4.203088581039012,-7.021223492221456,16.01924801203296,0.011377471462881828,0.04200202829182484,0.0031553232773431452,0.0008312936330565054,0.013041189596002234,-0.00023761435302480866,0.005799519154986648,-0.002170964217654513,-0.0012059610385675432,0.021849498760005266,0.009791408860759325,0.005535589440720551,0.04279176349526017
2021-12-22,-31.252663957630723,-7.863196835178871,8.165311534281868,0.007853890465005819,0.016544736402062728,0.00015750511924187728,0.007908814444532349,0.008140687548336849,0.01591357917846428,0.009864444970914016,0.00532852920297581,0.004128682967836969,0.010043865015948509,-0.006401791295919186,-0.0035629605201464316,0.018983620933309492
2021-12-23,-5.268157453959973,-11.272199147005198,11.903576194707032,-0.004089985251525055,-0.01675071265667149,-0.007112405515807017,0.0017388921235158693,-0.0010355541139431287,-0.032326047017149494,-0.010484215675599208,-0.0022543857331737294,-0.002406326358795719,0.0,-0.00041324918090703683,-0.0020087058654862876,0.015063938791324878
2021-12-24,-2.181856998129705,3.030432784673791,6.417144815643662,0.0037157655802133277,-0.003006191477043238,0.0014265337654540214,-0.0021969983205420525,-0.012248774084791329,-0.0019344704376215729,-0.003934159748672563,0.009702708407297115,0.0005161290437156547,0.010831580890387394,-0.005868921978329944,-0.0003824956564817495,0.006067819698885656
2021-12-27,11.117564422133594,5.937457658028632,-3.906386240334535,0.0060722407859494995,0.015173997864431844,0.013217091155208761,0.03174869831458027,0.01724404758448509,0.0268656835926346,0.017277270571401278,0.012968737456336546,0.011117877283433735,0.006694902793212119,0.0,0.0,0.028393688076760768
2021-12-28,2.271191724203985,7.72064184093183,4.301791715588341,-0.002302432113499515,-0.0021536678871583222,0.012504531697330748,0.005047608680285622,0.024105733512533378,0.0014127621845887635,0.012160668708450574,-0.0013246789591087227,0.005597504225782979,-0.0006296832901213273,-0.0017108807430231089,-0.002240173984182309,0.012575586496781161
2021-12-29,12.157216498790191,4.933379461092789,-0.9409288867777346,-0.0050636461018352995,-0.008485041251665893,0.005848869990661118,-0.0006185111750083025,-0.007069546359965414,0.00983384183212656,-0.002824290761761743,-0.038189078627807634,0.0027027043478848514,-0.01089307794665888,0.003584848804789648,0.0034076504621664335,0.00842189630017991
2021-12-30,-20.352155453849328,-1.2949799857753284,0.872491593240222,-6.81431005374301e-05,0.006034703104321941,0.008709658541640524,0.011948833079284725,0.011754963231443684,0.0015132998639096685,0.014042357123038984,-0.000367309462348268,0.008399175867960403,0.02129482597057292,0.002113529203525001,-0.00018507012888757532,-0.005900462790845174
2022-01-03,-29.739539034135106,14.969981794852133,5.597060697031852,0.04000800697963163,0.03258347202307349,0.016596639247493838,0.020658498625384672,0.01975352464708209,0.031486944855758814,0.026343178526535383,0.01195979015647497,0.01905450740461112,0.009677494882065218,0.0,0.0,-0.010760278515375286
2022-01-04,6.3477103053535835,6.588227092053141,1.584290373485454,-0.004034710497074533,-0.0033414540916420934,0.006710934141713822,-0.0027413706879380433,0.0041651413884348214,0.00797085331597815,0.0,0.010023109781813422,0.0009842520479619436,-0.010176310206038207,0.0,0.0,0.02065824819110301
2022-01-05,-7.720524510115496,7.758883911758815,1.9347570650451689,-0.058299805261818695,-0.05106192433998318,-0.03109684530351959,-0.01312513445036607,-0.038549381904322486,-0.04622719843857494,-0.04524581253182707,-0.030283233491358235,-0.022048137221762385,-0.017744126283935506,0.0,0.0,0.009924408463566941
2022-01-06,62.08677427438982,-16.28905159357448,-0.4215266604495461,0.023790563108629908,0.032683895209970525,0.026777184159003063,0.011665718815962635,0.01896189038898654,0.023838203545096238,0.007684567644014502,0.024877814924450375,0.0030125545796192157,0.0055710450494554295,0.0,0.0,0.016284412499358768
2022-01-07,-2.1304815442840446,0.8316003688520375,-0.10601875359996854,0.0,0.0,0.0,0.0,0.0,0.0,0.0,0.0,0.0,0.0,0.0,0.0,-0.0036500831375787116
2022-01-10,78.47400036298535,9.76011674994004,6.852771087998284,-0.0076160269771401575,-0.006172769661638657,0.011281105239634088,0.009746165887166904,0.0006646726731909598,0.005473841926299597,0.006825965070399891,-0.011264653998819063,-0.01125967697761902,-0.018735015578251985,0.0,0.0,-0.008814944444034094
2022-01-11,39.90824664329393,-5.083760778684584,2.6921500027791323,0.000651164407743933,-0.00075609972485688,0.006033422761250061,0.00956783049254334,0.01908580474422554,0.01198296047786007,0.016667052485211643,0.005920680409727576,0.0011823327109953226,0.011384836751586053,0.01989676002158184,0.02290169625657123,0.010519974695117913
2022-01-12,12.955125138667398,9.413369962544667,-7.63817594336545,-0.00508347594677842,0.010677648215854433,0.020906684819313643,0.012810490424059478,0.022719095270439697,0.015388350045093667,0.00588583217726135,0.02111773673855598,0.0008436683196782116,0.011885333992057186,-0.003947540250620489,-0.0029774758644672233,0.027721220709489496
2022-01-13,113.41905577819729,-18.877635153765524,2.408238260923955,-0.06362066884734217,-0.028701443142593937,-0.043309520715656344,-0.05138087156499399,-0.0396477598767701,-0.035593350674970235,-0.029580320469929932,-0.05351409113231146,-0.016324116953730115,-0.013158084577511088,-0.004121502963393289,-0.002447666886216914,-0.0023699501553624634
2022-01-14,79.60070527925154,-16.240062815904814,-2.4082677155732832,-0.0431182067806053,-0.005465143696466762,-0.0009006305021866926,-0.00826669029241443,0.0036399775464309517,-0.010489405149511962,0.003620277485842671,-0.01788888743237342,-0.006881155657013466,-0.011914816502402534,0.000548638712374847,0.009224965714599902,0.0115594587445674
2022-01-17,50.0775497239859,-16.797715213392532,14.357960601734703,-0.012413899346059977,-0.02396244677457172,-0.021708632388686568,-0.037244567404673724,-0.021619305358689445,-0.05001339172920744,-0.004829955052709613,-0.009596081697727849,-0.027830622660306146,-0.02413213043220908,0.0,0.0,0.010847484915689376
2022-01-18,20.04024791409842,16.74319750236203,-1.8293093758678685,-0.0937984051196556,-0.08495852575694504,-0.041679226991488516,-0.052983177222165806,-0.08401650279915497,-0.0386215505016715,-0.0447635833314517,-0.041842989315050344,-0.03155404665456027,-0.03657304624615783,0.019545270922218746,0.01631104573919359,0.015539881062213441
2022-01-19,-32.07819279875009,29.96512546199439,-4.7531186858968315,0.04237851578879167,0.055707171443829945,0.03829720993234405,0.06228896465754729,0.03976416649495552,0.008823957417839543,0.03462562140078111,0.013382802350675647,0.006754932120427756,0.01373704022751612,0.00386284066032606,0.0018483751470390183,0.012147507039482697
2022-01-20,21.42195860240749,-8.696366754363671,3.803232979016878,0.039046344003925856,-0.025256598714610133,-0.009904135431126143,0.012453910625766888,-0.00921502179187091,-0.0032683875732373176,-0.02454996941203956,-0.009769791595805023,-0.0014566644964642667,0.001484781267579224,0.006984162004579417,0.001265551114226954,0.0014658625841817929
2022-01-21,30.91855738925451,-5.1374750317980515,7.719848833296155,-0.030749566298561373,0.0037940947735547355,-0.0015564205476581953,-0.009009069942365968,0.005503786640645179,0.00276625349289011,-0.00965380005251306,0.011058643209305056,-0.00346810605894843,-0.0018901045184164102,-0.005595195618508599,-0.0035676279682420277,-0.01247181698828161
2022-01-24,77.008878024246,-54.667909004035025,19.19712488899613,-0.04104984550669641,-0.056135754875481926,-0.019980213157073334,-0.03922071315328127,-0.03220571582630519,-0.03501060268439724,-0.03214332862594846,-0.045195128068305855,-0.0018301615650151565,-0.04420609250449568,0.0,0.0,-0.014595443834688564
2022-01-25,5.170507784690868,-8.759987248477744,3.602189855477559,0.010995578298831356,0.02801622447242806,0.038957871342805137,0.010113392688906733,0.0027389773354322177,0.033251145148688016,0.04304947699492737,0.014714470354002562,0.0235347574879405,0.005493358416107863,0.012016604324580826,0.008841090991407067,0.010479741214703554
2022-01-26,-12.955460957913061,-5.096514837936793,-5.382216597125134,-0.011291017978528856,-0.011152531950474779,-0.0026781972621563654,0.014889071462095341,-0.028952676709432742,-0.04278933727558938,-0.02406702608263715,-0.026182485945643645,-0.005562048967249182,0.0029455102297567446,0.01637526166590658,0.015138422729945216,0.029128272923023637
2022-01-27,-65.65594367882207,49.66378079624351,-4.191029506640162,0.0708372368566361,0.08214586574955021,0.04289478159853308,0.012678602816686311,0.055582533865106115,0.0564068879517231,0.03547438819365973,0.023830385868564532,0.0019771732872196244,0.02735354958159719,0.0038264891450395908,0.002498882419296622,-0.003790417024217499
2022-01-28,-5.933230231953825,-9.336308579272309,-0.9069970399740857,0.013786318993582866,0.013224999189969345,-0.005372993458213912,0.0007248346788308333,0.005842275624228361,-0.012737434946976456,0.03783961805888555,0.0041890227285155245,0.025178635075194387,0.005436273241393641,4.1801068720044156e-05,-0.007691778281460062,0.012101174592927543
2022-01-31,-15.68514149204888,12.617020446381785,-2.7897240621678483,0.04400983325546322,0.015714222032736223,0.01508854524430984,-0.007545833340775946,0.018278527172615886,0.02837333367481346,-0.007774383820032865,0.035063193185197655,0.006457828534052505,0.023706996550219038,0.0,0.0,-0.02435058324974664
2022-02-01,-4.818288396994159,3.7836552719493586,2.518304051119064,-0.017674391037366396,-0.01156603205038853,0.014147774596604011,0.0014590555205595361,-0.0048649214184784805,-0.005389527989424177,-0.016139143932265673,0.006867485049886826,0.007625686866636835,0.019010733134935363,-0.01888339496131912,-0.02245949723325731,0.00945314264375533
2022-02-02,-23.865216126949417,8.461166628453375,-6.07395796913695,-0.014076701910362147,0.0022636393880748375,0.009132483563272472,-0.012747203648461264,0.0026960054595657817,-0.01012229356225023,-0.00040683483067240544,0.016676748718386748,-0.013208395015794362,0.017890946346947004,-0.004398443317676993,0.0032742811442811734,-0.0026917916657114146
2022-02-03,4.130498138823851,-6.919743381473702,5.043450658915448,-0.0399044717671469,-0.02425933293925922,-0.02509930039028161,-0.012911795188680342,-0.011706257555433098,0.001735465912212022,-0.007351472765429837,-0.002503130218118477,-0.004207579840014993,-0.006013708866351045,-0.008401567238839747,-0.005827733104586587,0.0024677522338345287
2022-02-04,-7.5013438818699125,10.663675960335944,0.10009372680537512,0.022629681280427017,0.0026220420667434964,0.02082883126682941,0.00037390166821847914,0.005258557253467051,0.0083868276500382,0.005926246014964948,0.018717123952937773,-0.004754785747636389,0.0014107087943901198,0.0021575742199440658,0.003221412198749401,0.040938501288981986
2022-02-07,6.823073161833438,-4.844367954537165,2.437421940821825,0.004201196516529565,-0.010374018871061397,-0.003143308774688587,0.008376037802182903,-0.0038535693159900777,-0.016345089000519248,0.002442003655551809,-0.014292763556925448,0.004227591288540651,-0.0010257726248843152,0.0,0.0,-0.00204532069795104
2022-02-08,4.139365474071274,0.4282892963755416,6.173684217916883,0.04623413042115237,0.0320113097435772,-0.004374177853901329,0.03604321712935291,0.00043865421592083776,0.016222261511572928,0.01432775998325542,-0.005388773625357292,0.01846099102320481,0.04269323816126119,-0.01272905711782496,-0.0004957271083400073,-0.025096789086274426
2022-02-09,2.685668454703569,2.8163923024203372,1.5047654787637728,0.03385336667492139,0.010138363332601966,0.002297036398703303,0.01340871663606546,0.015578401293266455,0.018739901050567012,0.014717847213174364,0.013798609123429843,0.000517553707748726,0.029194732897234538,-0.004985942687783557,-0.007262947498435851,0.014153508525119306
2022-02-10,8.799562214258806,-7.827778763832444,3.998778191966022,-0.014036204389388365,-0.01852434711557104,0.001576157368856446,-0.009750121558819299,-0.016719302729058052,-0.016408754666392213,-0.015920734286845054,-0.005056538942696552,0.012171231076733655,-0.01576351755667354,-0.00669797188750591,-0.0059975517023593125,0.011589623360775922
2022-02-11,114.42453604028576,-39.55107703290979,-2.827156945298327,-0.05362925194736492,-0.03347916341493914,-0.04046710486782641,-0.03470965984022327,-0.03940337823735845,-0.04730230099876458,-0.0405294930034297,-0.05021154688266034,-0.029920087466522714,-0.030665539373408598,-0.0010352743197560748,1.6397455583911107e-05,0.0009687315756773981
2022-02-14,72.69604335067274,-39.960659516879204,-9.456308170059973,-0.015960766234728977,0.011719799743526436,0.013107900492043486,0.01800368482058084,0.0155884976440038,0.03918117847642268,0.007077465013113413,-0.00302175894717614,-0.014144507386164625,0.012305170491444695,0.0,0.0,0.013358467414864399
2022-02-15,-73.46279273695092,42.01340397458081,-7.959036076872211,0.0652200185109756,0.035857071985966826,0.026571436225329075,0.010899535909241942,0.017737440827846923,0.0007410152247192038,0.03345202799031641,0.05543079393526756,0.022884293833587806,0.01957249024249295,0.024483659571380025,0.017016533123971805,-0.01842777665825003
2022-02-16,-24.129068447517128,9.085156773101945,4.963032456623653,0.013701327100002601,0.008655478600190638,-0.0012904152625820673,-0.0008962983480738094,0.009846233393357998,0.0008638243271771245,0.010774246284659344,0.029341958284015375,0.0003480076596805287,0.01084347974170698,-0.005371154614308762,-0.006695162860323205,0.03276191753354148
2022-02-17,30.37670287451592,-5.7783400999797925,-3.4271310589213675,-0.06391951771328733,-0.03936812372050831,-0.034594415209288736,-0.024049437119125022,-0.039343194628111346,-0.04969102621953413,-0.025933707892031747,-0.03211349921806941,-0.013839232874611812,-0.03425284578478563,-0.015239073026089461,-0.011186117121312214,-0.03297820389752946
2022-02-18,11.07149804615502,-5.089515881652828,6.308909922212398,-0.04032962464462275,-0.04433655568302044,-0.04193343425857463,-0.014991952084962385,-0.05614196330439399,-0.032945396240993394,-0.03861804347131339,-0.035655442640895506,-0.038113547138071614,0.014282439285642944,0.00979799145209317,0.009622279042650077,0.002160761428423046
2022-02-21,261.61605914639654,-71.99236602163474,27.74303782383668,-0.21927538307108696,-0.1846507503935553,-0.1055068044407494,-0.10810969393316303,-0.16905100236711382,-0.15238821102295286,-0.17641187306872658,-0.1731403876072666,-0.12932547986869344,-0.09066329162099143,0.0,0.0,0.025571391197361074
2022-02-22,93.74000749443249,-40.472141991042555,21.65806902142681,0.03677800772142841,0.09700467662662422,0.03550668845690982,0.09402495405142394,-0.017011904518370796,0.054797834402093924,0.10899028370840508,0.08149303425118301,0.08434881570485428,0.07140819166597005,0.013302075635095518,0.013917432759147912,0.008484835903041846
2022-02-23,-2.1304815442840446,0.8316003688520375,-0.10601875359996854,0.0,0.0,0.0,0.0,0.0,0.0,0.0,0.0,0.0,0.0,0.04647927765694283,0.0397774579706986,0.026250928348926943
2022-02-24,1312.0897324659488,-19.41826416427471,-143.7716817406016,-0.4559182857381973,-0.30013986519685415,-0.25822003972146473,-0.1502183114095373,-0.4511243105525693,-0.30166415357637594,-0.35447756698011734,-0.3285040669720361,-0.2329189885106604,-0.2498555869113242,0.0,0.0,0.05196874189718859
2022-02-25,-714.0965617397042,-75.27067008499642,99.64049898181194,-0.008051695606732584,0.08223809823697201,0.05542453399986484,0.045750488855864385,0.11425783903182418,0.12435218439185301,0.1305411289505285,-0.033776621948490355,0.051172309570997374,0.050693114315518165,0.07783395217475321,0.07304354596572382,-0.0706340361165485
2022-02-28,-2.1304815442840446,0.8316003688520375,-0.10601875359996854,0.0,0.0,0.0,0.0,0.0,0.0,0.0,0.0,0.0,0.0,0.0,0.0,0.01438873745209967
2022-03-01,-2.1304815442840446,0.8316003688520375,-0.10601875359996854,0.0,0.0,0.0,0.0,0.0,0.0,0.0,0.0,0.0,0.0,0.07350179170027238,0.06636335804290101,0.0
2022-03-02,-2.1304815442840446,0.8316003688520375,-0.10601875359996854,0.0,0.0,0.0,0.0,0.0,0.0,0.0,0.0,0.0,0.0,-0.019570565134284238,-0.015102385327177488,0.1091289165119209
2022-03-03,-2.1304815442840446,0.8316003688520375,-0.10601875359996854,0.0,0.0,0.0,0.0,0.0,0.0,0.0,0.0,0.0,0.0,0.11812002161144788,0.10718333888158325,-0.04099355543909876
2022-03-04,-2.1304815442840446,0.8316003688520375,-0.10601875359996854,0.0,0.0,0.0,0.0,0.0,0.0,0.0,0.0,0.0,0.0,0.07918086158444103,0.07936157655042458,0.05534569569819897
2022-03-09,-2.1304815442840446,0.8316003688520375,-0.10601875359996854,0.0,0.0,0.0,0.0,0.0,0.0,0.0,0.0,0.0,0.0,0.0,0.0,0.0873420101551481
2022-03-10,-2.1304815442840446,0.8316003688520375,-0.10601875359996854,0.0,0.0,0.0,0.0,0.0,0.0,0.0,0.0,0.0,0.0,0.03799859452668704,0.019352537008403732,-0.09249596161545078
2022-03-11,-2.1304815442840446,0.8316003688520375,-0.10601875359996854,0.0,0.0,0.0,0.0,0.0,0.0,0.0,0.0,0.0,0.0,0.03632084842639928,0.05027010809819903,-0.03243029479783643
2022-03-14,-2.1304815442840446,0.8316003688520375,-0.10601875359996854,0.0,0.0,0.0,0.0,0.0,0.0,0.0,0.0,0.0,0.0,0.0,0.0,-0.024936110723194783
2022-03-15,-2.1304815442840446,0.8316003688520375,-0.10601875359996854,0.0,0.0,0.0,0.0,0.0,0.0,0.0,0.0,0.0,0.0,-0.044003315809933864,-0.04400377234905822,-0.06474335522267903
2022-03-16,807.4013209639362,-43.640644139956414,99.80674128852161,0.0,0.0,0.0,0.0,0.0,0.0,0.0,0.0,0.0,0.0,-0.03277179578610995,-0.03830951889021643,-0.008124691167722284
2022-03-17,-2.1304815442840446,0.8316003688520375,-0.10601875359996854,0.0,0.0,0.0,0.0,0.0,0.0,0.0,0.0,0.0,0.0,-0.03125231569374797,-0.03061525782416706,0.04630877331804664
2022-03-18,-2.1304815442840446,0.8316003688520375,-0.10601875359996854,0.0,0.0,0.0,0.0,0.0,0.0,0.0,0.0,0.0,0.0,-0.03054829600751561,-0.02410944280783453,0.013416447633160378
2022-03-21,-2.1304815442840446,0.8316003688520375,-0.10601875359996854,0.03830510191885856,0.1255887489653444,0.11699149380468661,0.0968740508939277,0.1567220006088034,0.16960137345044013,0.1832653982986611,0.07677016998225332,-0.0562663169477288,-0.026976587698202083,0.0,0.0,0.050086340630878724
2022-03-22,-111.15865797045005,108.68059973105505,100.65381535439872,0.0,0.0,0.0,0.0,0.0,0.0,0.0,0.0,0.0,0.0,-0.0011389941517706463,-0.002858362781138217,0.05244917680119319
2022-03-23,89.99550477126111,-62.22481951881299,54.23562635181419,0.0,0.0,0.0,0.0,0.0,0.0,0.0,0.0,0.0,0.0,-0.0058230826175437135,-0.007091683420238385,0.06615595689557213
2022-03-24,-22.222955638102803,35.57582371227297,6.521118071576892,0.0,0.0,0.0,0.0,0.0,0.0,0.0,0.0,0.0,0.0,-0.008804515949335607,-0.013348464285374976,-0.01281909792669332
2022-03-25,-56.53001095768185,-34.1715888878388,36.68542562216729,-0.03541118473661369,-0.12998436043838238,-0.059471440831442825,0.0038040939835560484,0.013511855919735465,0.04111965786521232,0.007050557996666762,-0.035173959317132845,-0.07575554236090827,-0.09809530466641385,-0.07147346845131686,-0.07129089741980497,0.0012477645839658802
2022-03-28,5.075105566600978,3.2132019269078533,12.935555401296492,-0.050693114315518095,-0.03770644173896451,-0.017048068834776612,-0.010496279571287168,-0.019777976819397233,-0.015113637810048184,-0.0658195911623248,-0.00014980151327541026,-0.03090283201251786,-0.09636209447206372,0.0,0.0,-0.05283023713795134
2022-03-29,-202.44829012753556,135.35519561471907,-42.87528593395391,0.029714129983391516,-0.04970549604112014,-0.03904878576873298,-0.04022265377711215,0.033109693796076214,0.06390380197948026,-0.02225686208093391,0.020169747972868086,-0.05620394206757299,-0.038697031736936366,-0.024593576203918673,-0.026873044076351573,-0.061539808219375006
2022-03-30,-412.90438789367045,61.82220382923672,-102.24859238257928,0.04427954992493489,0.03774032798284711,0.043338127498209575,0.02143821298904998,0.04492168739151165,-0.017845360320010398,0.010937410317274122,0.12397923531605681,0.28796823642568975,0.04267468637999575,-0.08258392681248518,-0.06709686792389585,0.052294750075323915
2022-03-31,-139.4130447593415,78.56112193401128,13.76201007171335,0.0653507840304878,0.1156408250653827,0.0998981532659863,0.024714067955465286,0.12265201276788738,0.004146515961848618,0.04089282429104918,0.07494142129211866,0.02395958988620497,0.038929846368217155,-0.02581827676992964,-0.024381230316129175,-0.049037872865273814
2022-04-01,27.664162666094004,-50.4945308314162,-21.593620858933317,0.07253589509668494,0.036126063406599455,-0.014006079505364682,0.02476935972140374,0.028170876966696224,-0.04225980928988261,-0.011233329357376087,0.015522699740508997,-0.01541252930774665,0.08082561790254357,-0.008064771690757616,-0.012922532919636326,-0.037193783257062275
2022-04-04,89.21610022693288,-45.79848192947476,50.48243278093066,0.07179369201874299,0.005948857519772484,-0.007886758929911083,0.011560822401076006,-0.013648270924375983,-0.0005757052548184921,-0.0004912797937179371,0.012598035576015083,-0.017167803622365446,-0.006393023119773889,0.0,0.0,0.03403010703500998
2022-04-05,-37.067641060736705,-8.498961142713437,-2.5499544374294696,-0.07438604603047322,-0.03787721115327501,-0.044713546960162484,-0.03575820879897373,-0.0577283919178518,-0.0679034236058837,-0.029927420541473144,-0.04193411380722761,-0.05792264773270451,-0.08081656539269301,0.002197567513475324,-0.0011445250659537795,-0.008893107990406653
2022-04-06,17.37809763957183,-47.15012460478977,23.565368954239723,-0.08459556106645069,-0.015728801082305885,-0.009073786263504156,0.007784356756567564,-0.03398385281559862,-0.02654332255723252,-0.005076153031860661,0.0053541135447269265,-0.013857034661426241,-0.02896062802696748,-0.002889572959600764,-0.007150953178353836,-0.033852917091618966
2022-04-07,-54.8691355329301,13.0712460407147,-5.837736728131367,0.0408219945202552,0.021870069104388334,0.0026550366440525556,-0.0047393453638965586,0.008604847193518428,-0.0007914523563116271,-0.00510205188389551,0.030359687969699043,0.006952519314881663,0.003947744576218746,-0.009108929483820494,-0.012385482193869337,-0.037257851410067246
2022-04-08,-364.7235083741431,103.99954845033086,-7.7735752483464235,-0.025961213534556597,-0.016170862796839734,-0.010184259727545318,0.0029410390726325657,-0.013431290570447578,-0.05066841153274849,-0.012870190520534907,0.020508758901371063,-0.006022719154915214,0.0016871313402958491,-0.07988462169390512,-0.08408749351264862,-0.011678223608095194
2022-04-11,48.4235708758388,79.3345464078359,14.69410308965063,-0.035625735577074207,-0.027418562973420185,-0.007008140812827461,-0.005033488000439367,0.026805350095704405,-0.050390644655116126,-0.008324709886031604,-0.005783706116848806,-0.01616149475546548,-0.04776053895561776,0.0,0.0,-0.008926340499256634
2022-04-12,53.88083102490562,56.55155357938639,43.99178338616842,-0.024155587587782166,0.007433399418395063,-0.008708327891784308,-0.0007619773680419459,-0.004599935480542715,-0.022500727808293392,0.002087683430483895,-0.0029044458407891543,-0.004022246047434884,0.017141050766914485,0.03738701473234164,0.03169437054492734,0.061745538540633714
2022-04-13,-106.69767035281453,-5.878607472452004,-25.657520028369152,0.0008860012392940513,-0.006070014604929706,-0.007609050466720857,-0.009381650276763217,-0.014789733616351866,-0.013347961525951997,0.0036429912785010087,-0.009586231932892535,-0.0018984343622928486,-0.021669954835573085,0.00589218706087342,0.009477460125842541,0.009066420129139123
2022-04-14,-9.653823146194283,2.107507482588774,0.7062999659199218,-0.04877171415513262,-0.055859414937515,-0.04537356321991332,-0.03873222999912129,-0.037768744743054174,-0.08366587257969783,-0.04788148623321397,-0.05791187096482951,-0.022580829722486862,-0.03801362670004409,0.0027553011797004793,-0.0008298956536794047,0.0039289016089854795
2022-04-15,-28.553971209841613,-43.957145622493485,-38.023561436656756,0.014080946689813854,0.008473297204622362,0.0027628567076076194,0.011728590862607705,-0.0012795907056250815,0.04157196001752334,-0.01648388972168937,0.013230486654750188,0.007503363292440893,-0.004726198050440354,0.01788484827850757,0.01465763978816464,0.044243830372615554
2022-04-18,-85.98596149101381,49.85480253420402,-6.90426361472956,-0.05520971691906841,-0.03179478232574071,-0.07289818371911948,-0.01764487786138291,-0.014574321299414118,-0.007795457292087482,-0.02269322765165659,-0.017471480912004744,-0.01726906590376575,0.002674073381992454,0.0,0.0,-0.0021067101906666412
2022-04-19,-139.21866627289302,-24.7696364750639,14.05506367689917,-0.029082532954735327,0.01704366037973148,-0.014168933077107567,-0.010616347624788533,0.0003896863074576668,-0.03575278795364785,-0.03518240601430349,0.009455158770755197,-0.009862012869115819,0.030148970376835102,-0.022834010923008578,-0.018041976212390645,-0.02864779243329952
2022-04-20,6.076637991491793,82.61793831513256,26.51004539188936,0.009925639799969998,-0.008188563633313281,-0.03980059139510303,0.04540590210660481,0.015464225697581553,-0.00974065946285226,0.04111546480849498,0.06286550280887097,-0.024327218502593843,0.04062265234875882,-0.005353315628557483,-0.005353956000234776,-0.007672308532678939
2022-04-21,-35.20482217123899,47.07816946481253,-5.544294306252206,-0.023736279898830478,-0.04021883581510479,-0.08116475998603136,-0.0066270586558770965,-0.007702220362092351,-0.0024000011520010547,-0.014184634991956413,-0.024125912729957906,-0.023373351185308713,0.0,-0.024955557973422977,-0.03187380982779085,0.01528620065151684
2022-04-22,-9.326443668915944,-20.283599332202904,4.605668864275462,-0.014260491219157033,-0.010949450759294656,-0.037430670538917236,-0.03755982663987817,0.023812164762915096,-0.029052322594501877,0.027337196218118757,-0.0065730741588487206,-0.02286865331526067,0.015948695750659752,-0.027380739544503763,-0.024884805958208116,-0.011679514889124349
2022-04-25,13.580352546569921,-2.8756817012124296,11.955056999436483,-0.04431187634473607,-0.007964323502727178,0.026551372849015514,0.01010109598650392,-0.022524334578486377,-0.003096936510533299,-0.013152561226162393,0.030582701058104147,-0.016352059838020697,-0.006424814239404246,0.0,0.0,-0.06023388812015514
2022-04-26,-34.87507762886149,36.62969191624336,8.311455174504426,0.08936190396482316,0.09029730590202227,0.0878589783287287,0.053516950883159185,0.0064143901776637004,0.08118730909571426,0.05480823649499495,0.03665002916315864,0.05954295594569374,0.013930948186982822,-0.0220809577308578,-0.04738202648196845,0.042454792396012325
2022-04-27,-45.08212757117668,-120.65600346506072,-0.7710435781012595,0.06906914622860787,0.04882179022297762,0.05837440819440708,0.013154971327112732,0.017618809266492536,0.04017354790855325,-0.004543640049872602,0.05666003356549126,0.05571437026771498,0.009489326021115593,-0.008930024428743256,-0.0103561442812714,-0.0023172743786347024
2022-04-28,-66.65773483695216,-102.06987830096445,-7.745638886029567,-0.05696550957594198,0.0016010789634113107,-0.03785022413109764,-0.012869216217295677,0.0051381778561236605,-0.025036078161324887,-0.03018584047122521,-0.03306175244786738,-0.012603172153325399,-0.018880830059603747,0.0023010575093433453,-0.009759602046311306,0.022745628914081086
2022-04-29,-0.875270769223246,17.4966529529312,18.290230106625096,0.03918965773488481,0.012010271374050452,0.07017911124645757,0.025853378826333706,0.022250608934819723,0.010275662578204297,0.06415882454510106,0.005677490957547009,0.01956347866416586,0.032674152191939476,-0.008005735327781042,-0.008076264803492597,0.02841232523757741
2022-05-04,89.90303777743335,53.973041249358836,7.194219821056705,-0.04445176257083392,-0.02629956027742215,-0.03188942325418927,-0.009230404447533747,-0.031796021778351204,-0.06627484800316738,-0.044475302229274524,0.012657712134816252,-0.0016756437194190657,-0.01286782461139294,0.0,0.0,-0.013593070733254957
2022-05-05,40.77048158440552,-21.680687878850698,1.3628271132304632,0.012903404835907782,0.01878386728018537,0.02666246591662059,0.008951943407074704,0.0020171464227398406,0.002182324048340456,0.0024334201544274564,0.01916583367802139,0.025545381512482063,0.019240172073651616,-0.04064173164485996,-0.03417369919257945,0.03530639255965342
2022-05-06,-83.47474877131698,-39.958110572259244,-35.831393529877914,-0.013715422744919529,0.00626699356339184,-0.008485094675750256,0.010251763764572206,-0.011909427471683526,-0.020218885144190662,0.030845306311903506,0.0018965341265685274,-0.01458506211957056,0.00542987759436924,-0.0468660915261202,-0.03802129260027804,0.00466243111262534
2022-05-11,-43.20980098341909,-33.13575787106283,-25.48400057010988,0.0019477363729389957,0.007840899761638934,-0.007687764569850737,-0.020234586790610645,-0.0019136320185602345,0.0006064894555660517,-0.009735638007113427,0.011512424375706053,-0.007373086083022666,0.015226447331291384,0.0,0.0,-0.04753859955049033
2022-05-12,-19.308476514570213,-29.345569304542007,-6.2803329682965305,-0.034561566018595564,-0.04838527073763453,-0.05301101596650371,-0.00432250250160552,-0.043187195226535954,-0.03454290802687692,-0.03799460104296928,-0.0178482428247918,-0.04566780580335607,-0.029222858676903284,0.03851769516867414,0.03595682578459928,0.013603116684175642
2022-05-13,21.386898172975602,24.26007562503794,17.96988956047025,0.008773818556356065,0.021284703289299583,0.004003436859809159,-0.00179084830368703,-0.00013334222301241002,0.01556855523992368,-0.005784343355616758,-0.01774119418814022,0.0037411192156035496,-0.00956417075298224,-0.04527682152611616,-0.05443344461850977,0.020335957739676263
2022-05-16,-46.12929727526231,-51.19798873388127,-32.6787833725494,0.026355123363984805,0.0361917261360928,0.03223730609530447,0.007706080799557074,0.0102156775645248,0.026023017555979244,0.03180912466566711,0.032567184699467205,0.044549169912177604,0.021211254190527717,0.0,0.0,0.017705940466767642
2022-05-17,123.64110385015266,93.45617173264726,49.96397385747323,0.03456308361872171,0.05806800095014119,-0.005208633707385158,-0.000749204005825473,0.04111762135687821,0.01236553450630481,0.04908320073102504,0.007901070316044461,0.03509131981127019,0.007749881088066753,-0.036326662631476506,-0.044091804445775463,0.0163467302456663
2022-05-18,-8.382663988772629,-17.768242017895478,-16.313494699552432,-0.020801952286812777,0.023070307429899652,-0.003673405366308925,0.0031802477463529267,0.023288895292348743,-0.006961738708798884,0.0367679280138499,0.012656443061945135,0.11086259281180968,0.026573751452513866,0.00154818662392946,0.008288681977804475,-0.03914359079862742
2022-05-19,-8.389563921637198,42.91925749916637,-6.122550183481755,0.0038289772370972515,0.006923567693214056,-0.015282913483245349,-0.005431233502671905,-0.010950831186751515,0.008744093869229062,-0.007889587275162932,-0.0010230179920346257,0.0006170935092463907,0.005752652489449841,0.0003382973918067109,0.00374649158045095,0.002912269986971305
2022-05-20,-5.9740905864484155,8.92451767065819,-17.80387277098947,-0.02744320729660329,-0.013895405572094746,-0.03140174049204006,-0.028573372444056,-0.03917066435569322,-0.019984677898834638,-0.006207344574333712,-0.055774580401098624,-0.01930922652139895,-0.03448312656084442,-0.018437038363309326,-0.02550817020914632,0.01577817522586049
2022-05-23,20.231564565988805,-0.6539721587610341,-16.156529744789456,-0.022677459433335045,0.0,-0.055002456316231976,-0.04445176257083381,-0.04579530386191491,-0.028666991706287615,-0.07389724620204129,-0.03177662776479085,-0.010537505302785799,-0.056058326991397504,0.0,0.0,0.007041968753646115
2022-05-24,-16.778195052629812,6.155587167004567,-21.291808635543823,0.03406895771943048,0.01059011410138045,-0.02702867238791926,0.010550210895152392,-0.021618742128745896,-0.020779423275459296,-0.03798789869649615,-0.028442232228263847,0.030874375527816734,-0.04575007062527666,-0.069580125526802,-0.07265670373210814,-0.006863077876603797
2022-05-25,-216.97206505652113,67.11581827925356,-68.62827311530731,0.004439966930585235,0.020849601121623724,0.05093808163675249,0.0034921462278865883,0.05101485919154311,-0.0010610080570943841,0.04360363748213193,0.05064940897690412,0.018722565611555362,0.040981344373193666,-0.02152756786164974,-0.025402269471971887,0.0049959957605342255
2022-05-26,-104.48470250125828,-41.59451595674293,-40.0889280394962,-0.009306156581758212,0.08639401623324319,0.027346847415792425,0.00585929478083657,0.03560204505219788,0.036890710259691276,0.026317308317373358,0.0074026029310604495,-0.009113987137706205,-0.0038314223115559487,-0.01181982991545658,-0.01626010317261349,0.028425459767419312
2022-05-27,-24.2829902596512,-37.594881293332215,-32.540108686829875,-0.014577278849278574,-0.004708760542370424,0.006313595156852304,-0.0017839449726153678,0.024711292715030683,-0.017754388739214384,0.015464225697581553,-0.019715863164417317,0.004668637323857875,-0.006740516613842743,0.0972450232757543,0.1066421304606358,0.009726782088414524
2022-05-30,-0.12274011353254499,-10.39997066512063,10.077655864794838,-0.004547529437629518,0.021166588984043364,-0.01645160489200517,-0.0014890557176362494,-0.04170449256595312,-0.016380038634823266,0.0,0.02231551800804919,0.0322801488072924,-0.029612909985535233,0.0,0.0,0.02954050566907401
2022-05-31,6.9671845751860975,21.054621946233503,11.591260399072135,-0.01983577610116834,-0.023716526617316044,-0.0382827645390489,0.002876843410632723,-0.021257853372852537,-0.037316957951121034,0.0025542798050967007,0.0038868543859748054,-0.00019609765726144666,-0.03031147396288305,0.0167486955105187,0.00430177457058578,0.02431930565470034
2022-06-01,-118.5999895771976,29.196323032482077,0.48260591713241624,0.03055134187080582,0.013323611135891087,0.0030729542957425478,0.011131474837633208,-0.002789031623974935,-0.008830079448272037,0.015190165493975238,-0.011597160270590651,0.008203171000348985,-0.012386615842134319,-0.023907271857440283,-0.031029497040418914,-0.04984185336433061
2022-06-02,-71.07948969952808,-19.060712777400443,-23.998259216522364,-0.024651619743617483,-0.005693222270199463,-0.009619016082701921,-0.012916127304168683,-0.019337248170006274,-0.04489531990789099,-0.02004888877182679,-0.030662649019291943,0.017928191034586465,-0.16567647902545876,-0.0021709430513003514,0.014607554212105302,0.004936180235604369
2022-06-03,-16.803780969065507,11.441188975223698,22.56888477845527,0.0017631506183807813,0.003372684478639156,-0.013598862175416294,0.007907523659098754,-0.008989436727628926,-0.054080105294729786,0.004348388997829413,-0.014949315775006435,-0.00844210693015675,-0.1374967970802172,0.001653009804401126,0.0193273091496293,0.016168773292585346
2022-06-06,-41.9493680728677,-2.6169437065904733,-16.138351256778947,-0.003613601142195992,-0.0016849203649195231,-0.010226716236653388,-0.000985027660418184,0.009125020756038084,-0.03158288113159214,-0.00460476638674829,-0.03684107298786049,0.03353539601689459,0.008124431857479858,0.0,0.0,-0.0005013369088961011
2022-06-07,-23.854989414308953,-6.014698416730498,-7.060461314412274,-0.003880224185169899,0.005012710457594141,0.004937031358487708,-0.00464267144973205,-0.006119554012843177,0.028640981485901575,0.007662872745569097,0.04547552790419253,0.0068703269032605,0.0008367034374615178,-0.007590243508311767,-0.0005918062746989574,0.013448650314317929
2022-06-08,-26.416977401138826,-13.524192532310737,-0.06649336816840408,0.013265243630924396,0.03303985407820009,-0.0035420656893774913,-0.0032726760999275176,0.01704125632020823,-0.002950579962114763,0.03155784040771229,-0.01872628368492417,0.007925578303585177,0.019873687486924106,-0.002505205466348707,-0.004589120269280925,0.014490041088633531
2022-06-09,-25.542643011055347,-2.05494825446954,-3.2851885546205253,-0.014279957061470753,-0.004882027597308421,-0.0177719949504328,0.008703447285061673,0.0010722424294959064,0.004422611631260649,0.0004929751147409076,-0.008798389705165865,-0.006076807209428067,-0.024624290245522016,-0.012019813862040029,-0.009834494112226033,0.00365067537239716
2022-06-10,22.606189016999377,-19.227415940586553,13.035769316959144,-0.0011004360529795103,0.008770561337000833,0.005659907056849262,-0.04121186207282377,-0.010097696031043303,-0.022060629433649285,0.04505157835968752,-0.013815932207063099,0.012116909767814711,0.009756174945364656,-0.031004602021240245,-0.02927416072006414,-0.01847061337123896
2022-06-14,14.310918750160724,24.82558147135391,4.938894261457995,0.007677742840741351,0.027087747831374222,-0.0016689136680632121,-0.020108471906923577,0.0056672665514270575,0.0017528488274143868,0.006340281894582945,-0.009714565203131006,0.0032792887831298166,-0.0013879252748480802,0.0,0.0,0.030624169543809098
2022-06-15,-33.41325042083377,-19.528814328521623,-16.89519929599248,0.017991489793041476,-0.004701139769269483,0.0558441467117273,-0.0032510122493266194,0.010839851875485975,0.057839248374831204,-0.0063402818945830506,0.013480161556692672,0.004355723764908823,0.008298802814695064,-0.022461568083037436,-0.04690599110753807,-0.026919089351263623
2022-06-16,-11.862308280555183,22.311967918775196,-15.305002512477433,0.021154870673083172,0.002495302863006858,0.034982376851182155,0.017183448055685193,0.019377130365476513,0.04636974138410291,0.03586272116090487,0.03144767814762716,0.00343487637724991,0.02099027589183583,-0.007563659635863036,-0.0021576694735960995,-0.022271154839508107
2022-06-17,-20.390995095104685,-7.318735908332328,1.0771336668917635,0.0012115828791175772,-0.004711545657110562,-0.018831609973773412,-0.009127747223468503,0.003778752297543886,-0.012932681668859445,-0.020666636808559107,-0.016988471015078496,-0.008518402212130523,-0.008669791503795182,0.0036412841966392494,-0.0027710701928574414,-0.022864452760581896
2022-06-20,6.993196877237679,13.429166826771961,6.365517554559805,0.05809526184101693,-0.011219598790545213,0.006554274789139809,-0.0007296607401437432,0.013820045595270794,0.1103719156675194,0.02293678534309823,0.011739115128934817,-0.0009104981053299744,0.04391923393483558,0.0,0.0,-0.008374752163680868
2022-06-21,-22.651479734125733,-8.357181469451238,-10.783959868920254,-0.016821319093422153,-0.033903762253073275,-0.039862325285126635,-0.018947935298058674,-0.022047320209942323,0.020243606276646595,-0.0009074410786031932,-0.0011448198159333073,-0.006396805144355351,0.003379699044385075,-0.01232126187341012,-0.0026580153916827593,0.00017338534937237873
2022-06-22,-9.500656225541666,-2.4313351196173425,1.0656939124276543,0.030588556206331136,-0.019351770660950014,0.02297266225614031,0.006355953600698727,-0.009751032592172379,0.027669749419250895,0.009037567161853452,0.021082045672111513,0.004755816536527429,0.019532874932302116,-0.026419094849123335,-0.02311707672957984,-0.0225299908848134
2022-06-23,-29.540696663504484,22.16537377682433,0.7397127108697292,0.027709581427760213,0.025698060222853387,0.0026541214760114787,0.008412247294651924,0.002116402906377472,-0.015717415895409707,0.009847886212157961,-0.011959975575534316,0.007997134587121476,0.026621361145589426,-0.026473275447891128,-0.028705982897160295,-0.007118101057223342
2022-06-24,-33.860553280151734,0.8858747863374259,0.007264025730655377,0.006627605192732458,-0.025022156175492603,-0.01212136053234485,-0.008729087345884678,-0.003706649729712435,-0.00695482187336961,-0.0011142062434034647,-0.010497586131887277,0.007754073654325089,0.014271895788353861,0.0014816679161311396,0.002824201277459904,0.017086866069063497
2022-06-27,-47.72362534683011,-8.66170967627755,-4.708404728857889,0.024310114020077832,0.0006754475096379729,0.0,-0.018550638571551835,-0.0009288131763071539,0.004972660669378459,0.020960502615334206,0.00022938410468750108,-0.007754073654325174,0.0169577707025724,0.0,0.0,0.010912850017150436
2022-06-28,4.6183005809372535,11.17773590225681,14.055566426273957,-0.008252163212764469,0.003370411009905794,-0.02732106394406356,-0.018133946069991465,0.013711487062689607,-0.0021849248934495322,-0.023863262273295632,-0.007597596118195208,0.0043352669055394125,-0.026531920183030192,0.00011806386519216746,0.0011584932317149034,0.015251685066708324
2022-06-29,21.831765150139557,13.911412963252534,11.36203387564893,-0.05272675444440031,0.0015129867557949124,0.0063714376325265075,-0.033425571657855355,0.006135389000063094,0.013038509484860504,-0.014414664002184654,-0.0025454138468595615,-0.006147189850980129,0.03538047725951441,-0.007414407543698533,-0.0029461680507398623,0.007581924977724895
2022-06-30,4.117485541830979,-18.129470551853608,-18.54567506443378,-0.05893177837633538,-0.3631995063340299,-0.027779564107075706,-0.014378885186817498,-0.05882866913366448,0.004894772376728207,-0.02596951641439468,-0.0182375875497809,-0.007280701983117645,-0.01197619104671565,-0.034804944788549466,-0.03700947037866034,-0.025180722870539313
2022-07-01,-10.798237746067677,-16.067514857590318,3.003218834311141,0.036929444341643254,-0.07262263953753013,0.009937653448739762,-0.01739174271186922,0.03499136479094603,0.03474104295425266,-0.017379488635856897,-0.019779031538695778,0.018641386788929397,0.0,0.026128544966201192,0.014424412640520483,-0.02681409546126816
2022-07-04,-24.378520385848912,-43.031026483899986,-9.331068291358575,0.011632487486275354,-0.03300629646816997,0.001393551881947713,-0.004454350349380197,-0.009507939052054194,-0.033764956981197254,0.025495475214036684,0.010295793091029804,0.006077959361418216,0.02003883847006653,0.0,0.0,0.02131597976518037
2022-07-05,2.8002749076136264,-14.896437536932655,1.2130163729318866,0.015627087346387375,0.05763555576890072,0.01644835877638834,-0.019215393736524505,-0.0002691427818696537,-0.05494565576139232,-0.01629838173311942,0.02725732656852336,-0.015264730267610195,-0.017632098439501465,0.0478445418252123,0.04549177796298925,-0.08080143305136035
2022-07-06,-22.63928238452167,-0.3509215390349898,-3.9324397191421947,0.003738322110607158,-0.009574324512372648,-0.013288399122365794,-0.014961669054531699,-0.004992252154704804,0.039807255975832484,0.008880637939039723,-0.0018561490247933747,-0.022880104890470734,-0.0009620010361909521,0.06033647360244993,0.05077045541782324,-0.03662068060947197
2022-07-07,-31.892619039615337,-12.374291096763548,18.476588020780962,-0.006814208852446559,0.01271182012798058,-0.0015155345158935486,0.0059390514548942185,-0.012796254105467739,-0.011556215475484743,-0.05229793788489735,0.026130297147435397,0.010864668146059525,-0.008942657783037433,0.07249258588073877,0.0669263046954079,0.04831672037266328
2022-07-08,-7.24367579643382,1.3907694179652124,11.367643462048926,0.0015766360861982824,0.0004041220503574785,-0.011440317987088644,0.010219505833483595,-0.0384044961366797,-0.005022612266291332,0.004891181186779048,0.0042894297622914175,0.0074811041365073295,-0.002917580479522094,0.003676215151852441,-0.002975226562598336,0.00877608097464327
2022-07-11,-32.01263753373011,-25.810623134374246,7.136895498137767,-0.04999118518153751,-0.04704925618707139,-0.016109633781141986,-0.02728268642560912,-0.021295768812212665,-0.02487893407604382,-0.02444868040230982,-0.012239500027751881,-0.13693917137339423,-0.015705844315787608,0.0,0.0,-0.004098366392282248
2022-07-12,4.085796608445754,-5.680380250324901,-5.706732619058871,0.01720136235854668,0.013147704511389986,-0.025394430848256766,-0.021621120564559882,-0.03041722759307052,-0.027846455392765777,-0.02071304159754157,-0.019574603124629636,-0.012586698578312122,-0.03626688065817358,-0.029543994622018257,-0.03699470229446366,-0.05802626442638857
2022-07-13,-12.224124397018981,-18.99211718923967,13.64870262248624,-0.02353049741019416,-0.028618805305652677,-0.028795500879630325,-0.04640637281415568,-0.03820174222566258,-0.0277705931237213,-0.04169441853107546,-0.010402758764638089,-0.012533355779627393,-0.03046713976419445,-0.04079174978084086,-0.05045944758351784,-0.006151423306537146
2022-07-14,29.176990356557592,28.456859915329826,0.35039536732603727,-0.000793965901176512,-0.007826244237193573,-0.010339928063970698,0.0066881109574295555,-0.01744093231319737,0.011287291529906256,-0.0247857515737603,-0.006483195926887485,-0.017684308175477954,-0.01706708093701345,-0.005484469769977168,0.002309958575936767,-0.016557500331796052
2022-07-15,1.6474656675535213,20.120688015333403,7.248741036943692,0.02354896889484027,0.01644491057951192,0.0276086963070766,0.019287375445831156,0.04660646847492253,0.02809293067165402,0.03563672478797523,0.03531965638036365,0.03042874575008453,-0.005123376448935372,-0.004716206328807211,-0.009501672428007512,0.038897650988251584
2022-07-18,7.010831045928342,-10.045281330610397,-6.21234406805938,-0.006147640076799304,-0.004862289507842743,-0.017405933046832234,-0.020595249030116468,-0.013709277925033356,-0.006738286182054494,0.001840894668469282,0.0004565167849200339,-0.002535926971877628,-0.02407777055499611,0.0,0.0,0.031045896662819497
2022-07-19,7.728453740506453,7.673748102746499,5.695912020435617,-0.0027357659615854287,0.014938743031041812,-0.012422519998557209,-0.024375296103771954,-0.016235377870961798,-0.018983187088465917,-0.01589016485206099,-0.006180630868808622,-0.015996928522756106,-0.01001956614934978,-0.029530514098517716,-0.020617930290311372,0.0
2022-07-20,-22.949709880951527,-1.006572953580231,5.961667862427038,-0.010385616559340085,0.019801592635566592,-0.00557104504945536,0.00907762207328182,0.028430650964780216,-0.0032352017865116284,0.012995806825696373,-0.009227285769074894,0.00021498441445802306,-0.017210186381065622,-0.020083068867945877,-0.012435139801523689,0.008455518246690889
2022-07-21,-73.60249011065956,-10.920534045994613,-4.948489162342887,-0.0076215040249395715,-0.019379540400338218,-0.01137732618050202,-0.016750810424815354,-0.005469475804535433,-0.010641863923039792,-0.01006364425576142,-0.014943075158738198,-0.015379919751812814,-0.028577496742152004,-0.010661462663286598,-0.01105003303052704,-0.023379040303448034
2022-07-22,-113.69840433188712,-0.28564010808649076,-4.226355333542713,0.026269697796267272,0.013932762571806428,0.0410988314622406,-0.004740950295530373,0.03532243895421658,0.030109801471370382,0.014270855299891385,0.020950486940803318,0.007611214301193345,0.009616859778693393,0.02927071538174499,0.02279730354559499,0.004872233187413492
2022-07-25,-55.27555120058428,-26.738365260703905,-10.89691222425432,0.020210470057145553,-0.0013012363579717858,-0.00516516032120242,0.004335462691137007,-0.010050335853501338,0.017640104620273094,0.005234243826788759,0.0009210223998988779,0.00021661431905336994,0.007800126215308788,0.0,0.0,-0.001239689282877935
2022-07-26,-11.31283438300807,-9.719822789444182,9.422009840428847,0.01097041454330953,0.010105021858194497,0.041639321905354215,0.06894780715761377,0.030429498190153514,0.047957177865540095,0.012966986668257349,0.03771475547840242,0.010342690774455283,0.03949737659397248,0.0228225455517491,0.026961388656413895,-0.0010501695556782013
2022-07-27,10.428706213661645,-4.088765132671134,7.7396990234807665,-0.0030143202929228128,0.013011145543128261,0.005865119452398058,-0.01333776520612456,0.004887173734746257,0.02932761509451992,0.010763814840646264,0.025816353902385004,0.010236813642286723,0.02647895931322604,0.015087548075247478,0.01241029504180436,0.019392368574535076
2022-07-28,1.0647428454653647,15.73180397393885,4.11280928960445,-0.005904187918113369,-0.0012221827665866952,-0.004297721012385297,-0.008991711191964073,-0.012698583337127319,-0.01240806923591786,0.006858911685614905,0.0288455952974007,0.031330883480054944,-0.0306369694618898,0.026234614683457447,0.02651762388282062,0.008675022921826772
2022-07-29,-3.476237343623449,2.5645134815473134,16.47659629022104,0.0013656022151054593,-0.005057352864992453,0.011935792970280098,0.04108002574346466,0.02495468658881861,0.025805398807739032,0.03482939114167984,0.025585320200965055,0.0012330457789150066,0.018985299911080566,-0.00027735588674673986,0.0035002404410102886,0.020863768604888595
2022-08-01,14.924255645089783,20.826154145499927,3.4092005831340644,-0.03518338513438971,-0.01683663176974382,0.013832187750931204,-0.035290366598980306,-0.014265577158822458,-0.016291687598185778,-0.03457625862545664,-0.018371865682663302,-0.007007448295306119,-0.0024559979598700386,0.0,0.0,-0.08858371736934176
2022-08-02,23.25721554641196,12.639823310380585,9.246427907939175,0.0014909564499291635,-0.025531506029766067,-0.02785839172544751,-0.029289435060382445,-0.035686735131033834,-0.02544168534586047,-0.0020268565337635777,0.0027046724071270504,-0.0031072008427487155,-0.009057287112509568,0.030226335219575257,0.03261797118760207,0.010971199742484505
2022-08-03,16.219602644416106,4.460431097891853,-5.741141883901809,-0.005346344993517584,-0.0006413682742572599,-0.006297580508787178,-0.025826015547192285,-0.016665801241005807,-0.021032322605741133,0.0083344338988376,0.01995335148545695,0.021753371635837373,-0.04137356651438228,-0.030950812788305224,-0.03182602256898301,-0.028819863685247613
2022-08-04,-22.332375916935433,-2.391768750818982,-17.176983881724492,0.0007880221053966828,-0.011507359330679076,-0.021014205920433293,-0.002986697848764358,-0.017256288321943796,0.015666116744399456,0.013738195340701042,-0.005514156726906036,0.018902634005291543,0.0034423441909726986,0.0012940534327840812,-0.002309015086686204,-0.03469031911046754
2022-08-05,8.64464624258225,-12.015056652535403,-6.267204177302291,-0.03649893807246176,-0.04604110691964271,-0.010946794900538534,-0.021716081527733636,-0.005870556022574848,-0.028911343494420035,-0.04075997709333837,-0.01724803925806862,-0.038790526812233043,-0.026699206355240084,0.00034192176963930034,-0.0006071441908438372,0.013938232722038412
2022-08-08,0.2393129816631081,8.574952436454431,-6.605216721149537,0.011453762354374392,0.007222692498057654,0.010946794900538607,0.004436441492493083,0.01430683582918439,0.03507009942696814,-0.008563695776875102,0.016633474043601243,0.023333027433417555,0.005280153071283511,0.0,0.0,-0.0004132658391290573
2022-08-09,-5.178182969798414,-1.1108094124408592,0.5656323889716843,0.02070334928015704,0.01772127735378789,0.045970011037656466,0.046752637377272685,0.036885740750210325,0.01103024773985026,0.05550645502406682,0.030771658666753687,0.0028282847136145406,0.03450601104419438,0.0009686965818075382,0.0012155549981086257,0.007105008522509014
2022-08-10,4.33333891271608,-11.312632942662486,10.585060567522513,-0.0015835316056442737,-0.012394211738170343,-0.0012845216923566276,-0.011952333523841284,-0.0004417286385600558,0.01824584778494982,0.024836923146939104,-0.00169044936591189,0.008837173398329831,-0.013659859523257777,0.0010770702744169727,0.0064001809139477344,-0.012389173540396752
2022-08-11,6.122435509553258,-15.290607240102982,-6.040603197563767,-0.022031734315924322,-0.026693942812968257,0.008957193604016752,-0.0041502168145247965,-0.019331457018307033,-0.019225759671298553,-0.0028901754222332744,-0.004288641690146153,-0.018363950630337467,0.00997870004989627,0.0012049430599611684,0.002430671123763821,0.025538539906267796
2022-08-12,1.9266853747073838,4.869698986959778,-4.668410364593311,0.011517060415988014,0.0014922805960485733,0.003941267577195507,-0.005515585382484155,0.009563730994071455,0.015564516541111548,0.019111905180277184,0.025947294973197137,-0.0016306567005084044,-0.0071174677688639896,0.002786655926996833,0.013067366965760125,-0.0028394705215205344
2022-08-15,-4.630579449996982,-6.550975000608517,7.978679092770875,0.0009604610951245502,0.002520335851243153,0.0046838493124264375,0.021089943446586882,-0.0008927243562682187,0.027607655324097227,0.005663063742460404,0.004954593124683395,0.004884014592425359,0.011646204634398758,0.0,0.0,-0.025195430156916408
2022-08-16,-5.759333322884748,5.508552816427053,-0.6866246103854454,0.011058627356733752,0.0365106545393702,0.014792798268749033,0.019748238720875205,0.03538898315622732,0.03288068648213284,0.027844026171173396,0.003386062346132236,0.006878441038489969,0.007596041587996217,0.012324988636592224,-0.0001599728689425661,-0.015321949445006136
2022-08-17,-9.92823658231892,8.191737659952974,-3.8391144049324195,-0.015066648754272546,-0.02683224138745394,-0.028014450319809116,-0.0048030208514854445,-0.011270166971039521,-0.005101122375057116,-0.010350868723656162,0.017804624633506686,-0.012170535620255179,-0.01638917723998858,0.0008143362714002995,-0.00241068763645921,-0.010524734369966635
2022-08-18,4.635192369985068,10.211723906675093,4.176430984889726,0.014354313451683122,0.013338408631803042,0.003321837729437565,-0.013757177336278903,0.00666186388484534,-0.004576667027411867,0.008059916977100248,0.015066198354644183,-0.012527117305399463,-0.003710579396535713,-0.010959359125144341,-0.008421200721621813,0.030418595353004348
2022-08-19,5.326124246059612,-19.66942876127781,11.44701563043783,-0.008747570690447265,-0.007125454447084852,0.013178092380555036,0.011151312669497178,-0.004629637898741994,-0.0045977092486294314,-0.011534153245286519,-0.019821319059654695,-0.008092169897336254,0.005702895410606683,-0.013225036638171171,-0.015261699700780071,0.017674113989080854
2022-08-22,44.48922380130711,19.906811614331726,-2.7465341392826725,0.006845525418965992,0.022823144844055825,0.011265609194219086,0.0065019734913466035,0.013825104991842335,0.058355853305093915,0.02836420707846323,0.010808866018573265,-0.007948169849174224,0.0065183736538377375,0.0,0.0,-0.01891892742783168
2022-08-23,-22.85399822801238,-11.471410803513782,-8.164087521684111,0.03369527941142908,0.014207889273652248,0.019963694439562873,0.010444295830190088,0.018141087070650003,-0.01330318936415078,0.015219631290420695,0.0032012078933466603,-0.008858948467207053,0.005633817718256064,-0.003594021858798172,-0.02260826792261678,0.03458293321170185
2022-08-24,13.383640043473111,-1.73069208121698,21.134924510637774,-0.017251810686313103,-0.008008105335364082,0.0046256929710595815,-0.008631293520580318,0.006160758774580818,0.009644967359181767,0.001775411030046398,0.013816500594909442,-0.01774119418814022,-0.0028129413766146126,0.0025811168292372666,-0.0034324745474176898,0.0016030461302817666
2022-08-25,-15.535678341536299,9.727512728046824,-1.9608072327907482,0.00023407326600078667,-0.0050996738163369805,-0.015174055220391365,-0.004798660398200666,-0.0072849859868617485,-0.004547847614653429,-0.009132483563272587,0.008677244512761275,0.019434674694473335,-0.005933058794191449,0.0016864943522957743,0.0029922959823824816,0.017269186605616594
2022-08-26,9.839945378773633,-4.282904402670174,9.353566463948493,0.01717112341647184,0.009411319191477316,0.014688146561656868,0.0005198856368720565,0.016455537959069868,0.013408994988344343,0.006912726824959731,0.0035781496041326945,0.015530217695264277,0.009588341930566083,-0.003799038195228663,0.0015129319925663146,-0.017970203108211902
2022-08-29,4.101058145335008,4.367902446003177,-1.0155462995093572,0.005887542334501685,0.03415566744493223,0.01710678989477489,0.013038330964057517,0.015916911226802194,0.0015556134845647852,0.009950330853168092,-0.0017416017968311865,0.003741430263447585,0.03637766777646615,0.0,0.0,0.04313548543960537
2022-08-30,-4.77273692244166,-4.942854992875812,-0.785093561596244,-0.00857519993239362,0.07109592168373026,-0.011049836186584935,0.003584692098754027,-0.01647031467202706,-0.00954454100356986,-0.0006602839460755058,0.0,-0.007078938576327331,0.006474260542767754,0.009884084513620635,0.006063965198973541,-0.037142658874509155
2022-08-31,8.47931614528199,-0.7949442032228256,14.589147331783838,0.0317847414943135,0.22275131753785338,0.03091803940331009,0.030829745855640543,0.0183743000153363,-0.012280856101364397,0.003955179842928014,0.007403717380478092,-0.012615810721465486,0.01468063200342541,6.791942108768832e-05,0.010194553015713832,-0.014645662522327053
2022-09-01,-6.6193661728469415,3.1284076046703797,-7.260954780352249,0.028998177944595478,-0.02297674539943171,0.10061861142278798,0.028102032520694865,0.014835066403941107,0.014719032161184267,-0.030956708682188513,-0.016805574819480994,0.02156022812668864,-0.016564632022404255,-0.0021408508396003187,-0.005979024230428529,-0.026313266288355567
2022-09-02,-17.5675995911235,0.8616997137792952,16.869108382181267,0.039721533953376915,0.014704096290064323,-0.027263682855670848,0.008756728419742652,0.030585036247991325,-0.0008700948952307622,0.019709484594840898,0.015894496039258688,-0.004774269577127546,0.04220035449037647,-2.656139500602002e-05,0.0011635020229842457,0.011757561188046913
2022-09-05,-25.08337430782377,1.6516362034209986,-2.471438378605973,-0.019663554908778136,-0.011137744410455983,0.013617415654498831,0.015053920273975943,0.0,0.04110050726401339,0.02236935378562152,0.020658350465694995,0.01034991644291992,0.03002006148744158,0.0,0.0,-0.0014364870108158176
2022-09-06,-7.852375109321315,1.4372903130782557,7.20315054454281,-0.027101540096626513,-0.016129381929883644,-0.02455844383270709,-0.023569713865423843,-0.024712088240940108,-0.028127913335403664,-0.028598517420562485,-0.016201974576280486,-0.015774507253832597,-0.012864346913003335,0.011000578985172255,-0.002381566415257734,-0.021798662613010923
2022-09-07,16.10750210903374,10.824988236100426,3.8313321649197634,-0.0026998447571900037,-0.018255044931947108,-0.02788803153983536,-0.023275284542639274,0.0006652032441126785,0.012127571988962499,-0.023482677595247754,-0.0036363676433838745,-0.01241990493921492,-0.0035605327543970634,-0.0008032346640768165,0.005837523011660349,-0.030581467917976612
2022-09-08,-7.012346549172619,-27.97769514283823,-8.64080523012365,-0.017319959803861692,0.009886795261430329,-0.002265006630852125,0.0013552641758983273,-0.004131411220598949,-0.017987637017855444,-0.010796016194359786,-0.010436787952053186,0.006334480640634606,-0.013595181820041236,0.005359095980313324,0.0008741006532324373,-0.003685641028493205
2022-09-09,8.560444614960158,14.99035992829583,1.7973797616262235,0.02670150564893544,0.005681717342759857,0.013513719166722855,0.030077455237277954,0.009569451016150672,0.0025895569067336767,0.02011956298352689,0.0120747899562916,0.000841573792569243,0.01078869955955391,-0.006236985550847347,0.002464514077237403,0.014447690660334836
2022-09-12,-21.359107398943543,0.6461593500851919,3.843826235500451,0.003973275951360143,-0.008349753815129025,0.01993421490081733,0.0009553380234591715,0.0036968618813259814,0.02300911050925767,0.013935941428968306,0.013726059820504805,0.011916102115078698,-0.0035833158382836843,0.0,0.0,0.017613187418031202
2022-09-13,-0.747033591179108,-13.635204727094525,-9.585101921785773,-0.012332401492660933,-0.0027163864091513533,-0.0038451022381055114,-0.01952574989858607,-0.015940826393291616,-0.006762494072297113,-0.015748356968139168,0.0034022774335855195,-0.011916102115078828,-0.002824497961990566,-0.005677175810094901,0.01012238178915123,-0.015901957053922985
2022-09-14,-14.846524459339651,8.84589164934961,0.626251186159325,0.013773323932173292,0.0027985860721789556,-0.015641785435391218,-0.0133555866206871,0.006273797525461663,-0.0030581063588207735,0.004524894598289724,-0.006456263459456018,-0.0002103270593515348,-0.010598522370150057,-0.006458465718993112,-0.006156301984747246,0.017163256359249507
2022-09-15,-15.513554750830712,-6.767983427873975,2.199561221283407,0.004166972047152316,0.0014784396943470798,0.012886203642144673,-0.0001233577994531885,-0.02274507580746217,0.01251284503220166,0.004054972891237055,-0.00044990327838562334,0.002101282555051525,0.00725016122505977,-0.004881408393016398,-0.018209841012584205,-0.030827463795259483
2022-09-16,13.01862566333214,-16.450694969648616,8.456702834355406,-0.01262597487821002,0.0004923279003194609,-0.0024312090657999663,0.0009864365781385726,-0.022717298269295052,-0.008606921751041264,-0.013808934764204382,0.004758707072204145,-0.0075853713892565,0.007966122044413753,-0.0018218143808149854,-0.0036364772310858,0.007554536252315544
2022-09-19,39.068123444357155,-47.62444949216074,20.53273317690072,0.0022482513005622658,0.0016802938319531505,-0.005102617837752732,-0.01314992277133608,-0.002230587848045334,-0.0069734103490222505,-0.0009122007474047713,-0.013890364939487107,-0.002329275801672549,0.0012789360996374771,0.0,0.0,-0.013966556264672012
2022-09-20,114.50808171896662,-119.78859689370573,19.57193183211214,-0.09843008075693715,-0.0991873065647886,-0.1032374250240137,-0.0483531967165538,-0.07941485178071479,-0.11548153866810415,-0.059213913022044595,-0.05268055572605952,-0.03956845221678743,-0.07124123414614411,0.008343360939692703,0.007069931221922703,-0.00755133547250627
2022-09-21,-1.0321204132611934,25.76520906864764,-26.70356649151555,-0.03970684248604764,-0.032538139975204695,-0.024970086347759043,-0.03223078295937209,-0.05705175854974502,-0.03390155167568134,-0.08430822716496227,-0.06282306342635054,-0.04603701007093876,-0.03890234495228187,-0.002502871952761801,0.00013489511924949627,0.002523452982059156
2022-09-22,18.897255492433604,-71.48250065147946,6.179537862670905,0.033371870816806405,0.07806080313814838,0.01405998556829873,0.001217450268737208,0.009394225603446469,0.007305788245899407,0.04178018687432827,0.022280270391665604,-0.00741774379407977,0.03284505770935929,0.014107938631776054,0.0026658544646337348,-0.000548035307189522
2022-09-23,44.512694183315396,-14.35612901601776,5.221729180676812,-0.04038300044632719,-0.028974829343405215,-0.01570482683241715,-0.04464842182244183,-0.06143715468449174,-0.06691526952676333,-0.037575187248566795,-0.025445637817390385,-0.06861070693553906,-0.033415996919844176,-0.017178507330167184,-0.021355442460754846,-0.04324150361200147
2022-09-26,131.87317190158586,-0.08168480426404001,36.13041566993076,-0.10900602039206171,-0.08751286934429311,-0.06284311225188989,-0.09622946000200527,-0.1401496144094771,-0.05757920071760696,-0.10004204983215831,-0.08870492052857068,-0.07420381910538293,-0.1447716143423823,0.0,0.0,-0.012325215059109811
2022-09-27,-59.157084947615814,25.671310916928846,9.605508791539032,0.0532901784200533,0.05340271847280292,0.041469034335776464,0.03276471895573882,0.03448946205889621,0.0927140401018119,0.045610511252052274,0.0016749487473413905,0.006153865574378066,0.02991120257196243,-0.03111152317243154,-0.0524380442374989,0.0065846711661583235
2022-09-28,25.78700141014014,-15.680787517036809,-29.80143295128203,-0.016609007571827487,0.00036808687265676445,0.010936101274109263,-0.02655833751320137,-0.014907342768430632,-0.017413120511025525,-0.00471895393395348,0.05818680623127051,-0.00776546946871974,-0.01257067318922689,0.003040253825332538,0.0012061854645506462,0.02299213506327008
2022-09-29,86.58728613075466,-10.31415727938893,-18.804044130694994,-0.005869886362415602,0.040921354750852575,-0.006418507272789495,-0.04686626199631936,-0.02678129426920515,-0.0031046283862971816,-0.02052074818845168,-0.0457684184555807,-0.01626052087178029,-0.05981405194146378,0.004680001785176077,-0.004871181371777109,0.007287436253285789
2022-09-30,39.01535764731166,-18.53915256953296,17.5436330044309,-0.0018130727475951125,-0.03945036064539179,0.02102657904610615,0.009679056044506968,0.03076574124438278,0.004343785917845313,0.028005190610588603,0.039856239072352063,0.046184638985143085,0.06853362922859318,-0.017875266110138694,-0.0057014667231235815,-0.008188032959434302
2022-10-03,-114.12610579956818,45.21486289530918,16.048035664825175,0.03687628376533952,-0.00862690746962254,0.027855568750305083,0.05679267385915426,0.08647471846518795,0.04480168115104307,0.05820116680200403,0.05880419513447629,0.027786711814448722,0.019424269365067512,0.0,0.0,0.017527660555566957
2022-10-04,-66.81369351269308,-0.8998990210325861,-23.731515883047177,-0.033796013165334836,-0.023960822775908282,0.004161063401981334,-0.01759665938202509,-0.014519628822517693,-0.006335400323247018,-0.006535116710081432,-0.02047577713338621,0.028269549816941502,-0.03857758982167772,0.002668305644584504,-0.01842838790157849,0.030624089862531165
2022-10-05,-21.257005312270174,1.5438464857751233,-20.141973474430664,-0.018625572671338967,-0.007956780192396868,0.0020740567430112275,-0.03455117550244717,-0.00264667115237476,-0.006975613736425211,0.003664925568138512,-0.025179330427230757,0.01881546038481935,-0.025225366736939554,0.021054820610438656,0.03216059065320683,0.016710516033272105
2022-10-06,-19.63315072005071,-4.984492897567955,26.5503494364397,-0.0024913507695837607,0.01806121481032419,-0.015104357885772251,-0.009311353195644441,0.013338211082227807,-0.037494204427580405,0.02324484824012908,-0.013678664454318505,0.00819676720417849,-0.006745388139531538,0.010372729547050936,0.03307203567795129,-0.0009504198402737765
2022-10-07,-6.514195862403685,-14.539437487280733,7.483558825119485,-0.06429218538069056,-0.08686617898627433,-0.04194652329102625,-0.03847260595848919,-0.06407372912362627,-0.06078036484076006,-0.06840950471502022,-0.037455136352510576,-0.05960473391568945,-0.031628624742083514,0.014192387992916167,0.0030593185541511014,0.03130618097818221
2022-10-10,53.025293070452406,-18.075727004897217,1.981433865122616,0.05005607614663151,-0.17457302255088816,0.040460638916601774,0.046504777655753435,0.03237002012409129,0.05745257474808543,-0.035052267226960414,0.021543646835450424,0.01968269445842508,0.03433224247545013,0.0,0.0,-0.0031793268153054843
2022-10-11,-62.51256224515221,29.302551493174548,-25.004710105383076,0.009420393314924709,-0.006120344706222302,0.03290973408879796,0.02324766671969043,0.03344556625931354,0.006023488977559653,-0.0005664117965081356,0.04071003992203359,0.04876636626126691,0.013409520409764984,0.03360465022137795,0.0430623709534994,-0.022227753520608726
2022-10-12,20.85132277594324,13.673787059423832,6.659965847825791,-0.017040015336037266,-0.006714121745122234,-0.0050486944599792225,-0.0075318102796876635,0.016226836283037924,0.007221737772461124,-0.004542881180300009,-0.013735907952165807,-0.028728590085369883,-0.0076884884838802165,0.021769701098545494,0.025112160042354427,-0.019621990319299364
2022-10-13,-31.867719820206958,7.2923928328265095,6.739715838023871,0.005649732542118907,-0.005950922595318119,0.008758829767243187,-0.006478651087520988,0.023020650990380455,0.00839394835346065,0.004542881180300104,0.00010477238209584832,-0.003189012882935095,-0.00910169775552747,0.0011283751419887396,0.0038195969431136217,0.018465981573044014
2022-10-14,-13.087033119901804,1.0973264595751977,3.5280706746434043,0.011947127355870934,-0.0077393970133649865,-0.011171958351378703,0.0019005390579741393,0.0025068952712717038,-0.007161155922827953,-0.003405224629838988,0.007826807499904196,0.02331334338427669,0.042107994223697535,-0.004152540081639905,5.751855374383676e-05,-0.01782351447738257
2022-10-17,-8.991842228017756,11.724856706753801,14.883754265895641,0.042327633532980365,0.022550825521896613,0.017602082911884694,0.04682923134407626,0.04535850919004346,0.03470889167122954,0.0384770072765371,0.050768208529149005,0.04849292959200331,0.061998772731194474,0.0,0.0,-0.002465035276397927
2022-10-18,-9.31675065779783,2.4951053678312416,2.7049285162556496,-0.013971210596738063,-0.01879847590334619,0.006506973565386307,-0.0018135111514013663,-0.025853758624201535,-0.020032721199309714,-0.02184519331502301,-0.028461686676143252,-0.02360128057145405,-0.017547010160360563,-0.027598232679410424,-0.03296249494149052,-0.0241106379635936
2022-10-19,-21.440896869882465,2.66504520760993,12.120165951673949,0.01352643008858275,0.006780952294832315,-0.008407888953050776,-0.015549093761190794,0.008151333037276338,0.006655263044137762,0.005297656332493191,0.008603727348236256,0.008161407082841882,0.01510276818575665,-0.0009751625908634822,-0.0005087091779757711,0.007992597428448819
2022-10-20,-15.182893224359239,-0.8307472019102395,17.268330788070777,0.040028014484704035,-0.0033536238113623345,0.04100749283346581,0.005057094525941902,0.009373048582294324,0.008207432720063607,0.006928114174130356,0.010127938163872112,0.008786183689463002,0.04953279793223922,-0.0018281555568271364,-0.0069861837575941055,0.02093526336029089
2022-10-21,-27.667839277675785,10.914365297842192,-1.4459446014500303,0.020894893756938874,0.03808356726661226,0.011913682638634921,0.005791816221033565,0.0014465967322159928,0.0043763745997987815,0.0008281573972286369,0.029976201501612097,-0.006466535235746015,0.06371940846378663,-0.0014411951901591269,0.005450228638163839,0.001707213389469027
2022-10-24,-4.5394295089463945,5.117387611821325,2.5930059496250566,-0.005456466843273982,-0.009144020880588237,0.0014652017273279626,-0.0006080875833469466,0.00736121102869037,-0.0007942812172943964,0.026145280104322422,0.006273849061943243,-0.00023172286049705516,-0.006302254042168715,0.0,0.0,-0.0027757037144387634
2022-10-25,-5.162187335632885,-14.50994638128478,4.864845197657618,0.04573917826200855,0.04091143271550023,0.028862032239874734,0.02389115210844837,0.05822077450504026,0.02936206233684953,0.02835753815851006,0.022547689747571962,0.01495139985296356,0.03987597269120065,-0.00552564612795271,-0.0046370318571133775,0.004692841376929395
2022-10-26,-1.9119480864808556,3.1081028647422517,-6.375714728522912,0.00056272359698676,-0.0023231512365028037,0.00958299830635418,-0.025108437712199977,0.02451649423838395,0.004810939713080981,-0.00471451894709825,-0.008502649240640347,0.00022828444340665494,0.029153548298237936,0.0027707157987627473,0.005095254606047504,0.02209918409705843
2022-10-27,-4.385798169004234,-4.772967919699202,-21.03275866379961,0.01736818674462189,0.00284511732055886,0.02366911029864239,0.00984781839329164,0.009349958546168113,0.03415748615785125,0.004453183521594192,-0.004373877848696276,0.016750052091011193,0.058297950172022904,0.0015493611375031993,0.018084125945613955,0.008704718176596888
2022-10-28,-13.524278391724211,-5.483172855262653,-6.973537674881462,0.00283934254953832,-0.010139947020167097,-0.0049870122986473515,0.021034563852161046,-0.005979745084354615,0.02582324609163529,0.0059935032835477875,0.004184106522574091,0.007825640831390368,-0.012174486869739091,-0.0011206435751159333,5.847003412436931e-05,-0.012563109740510026
2022-10-31,24.711710363594527,-9.67317277200036,-14.783874423197307,-0.00197091001558427,-0.0026979488505895423,-0.0010642827739373204,0.015381538148297291,-0.02338422373188173,-0.001990770723537047,0.006474190683195161,-0.006091775929798089,0.005773944533252689,-0.03693034442078574,0.0,0.0,-0.019092399993597697
2022-11-01,1.7371244292731136,4.866553462960917,9.071958592451674,0.0026007817000574403,-0.0020576743789787163,0.0009579054534816626,-0.009787529743435268,-0.004652916462017894,0.0046990869045823065,0.0015475886503779107,0.002384018675508327,0.003977905797921669,0.0030456876335564244,0.00429332479306541,-0.007371373178605871,0.016372163957539407
2022-11-02,11.312283426847008,-37.26639297852594,15.299674316309211,-0.012354635643956337,-0.013031815751012048,-0.006403437035206913,-0.016279773485323282,0.004053755269737451,-0.00614941348222878,-0.012970350442627404,-0.01526014545252118,-0.014439882134022844,-0.024629259300730805,-0.0031759370833911605,-0.002503146620488244,0.013631135570069912
2022-11-03,-30.307312421971865,-5.769055030067499,3.949736586950309,0.002069734857631792,0.008430852051514306,0.0036336472597631557,0.0001491980607020425,0.0038881460677380863,0.0050669670478349855,0.005987262451465976,0.0025113506872318247,-0.0051598544093095465,0.015464225697581553,0.0030883034826651745,-0.0007416620789492954,-0.00798966636638108
2022-11-07,-9.081770973208085,-6.595679373369017,-8.55304060690354,0.04850611360652234,0.004188920252516885,0.007757331286482999,0.04834250319053156,0.06276456053977933,0.02917318235280235,0.020804654322846686,0.00490786723479688,0.024001152099543045,0.05231578936416055,0.0,0.0,0.03299479628636555
2022-11-08,37.81584599042221,-28.317682224303297,13.51026600343264,-0.00539330564035197,0.0007062562826672746,-0.00551959792156869,-0.007275872029051213,-0.013405972310705257,-0.005273346725335256,-0.0038202007493728838,-0.008386803870764526,0.0120049460968234,-0.0019436352085710144,-0.006199238113613894,-0.00033327067715331436,-0.007283795480200128
2022-11-09,4.820277259792338,19.424717159136147,10.884343943605392,-0.030862111382658083,-0.0170295152879121,-0.014041712034789239,-0.017914376799507387,-0.00956398696822001,-0.0266110889828431,-0.013874837178109094,-0.026982259906931785,-0.025045245814787596,-0.04603375255699137,-0.004243379267781853,-0.0012848699317196785,-0.03955786004081106
2022-11-10,-20.51984546696949,17.37941709013303,1.8631306554124196,0.07109592168373026,0.010714388212406488,0.010523022047239367,0.02334063600844664,0.02730593362236068,0.017048416501783133,0.004646368710144993,0.0007953077265808725,0.015890866279278222,0.01891846056566911,0.0013716984906214538,0.006904398448652874,0.0013722491201762362
2022-11-11,-15.44334861464561,3.0579463105554243,3.7638699539781095,0.0021925025226679218,0.005667744538108864,-0.0023526906371276234,0.049996526861566165,-0.0036353507598116635,-0.009834679178091606,-0.008275195916758364,-0.005280737624066916,0.028705974513150923,-0.0020010011679181716,0.0029810863051880315,-0.0039395314030428825,0.021910109635744544
2022-11-14,-13.589930103094655,-12.343340952056685,-22.906674653071324,0.020377900029950834,-0.0015318449940606943,-0.0024655637724633863,0.04580549230241009,-0.017236934250171778,0.004482302439499606,-0.0018193637247258592,-0.006112549719906603,-0.00191672936969189,-0.004516946199295786,0.0,0.0,-0.005899722127188383
2022-11-15,-9.673249706651264,1.376635782686987,12.507749873316925,-0.03006107428177654,-0.01995004382183914,-0.02027499386141078,-0.031014312328374784,-0.03613015396622964,-0.030330119308084245,-0.023425205891947923,-0.01754164117798315,-0.014818267494132039,-0.028055908008188492,-0.013896785344599755,0.018703182675532427,-0.03313937697196814
2022-11-16,-17.92617963333667,50.88541892366252,-26.079236334665513,0.02561630389877054,0.014984907720174313,0.020918770707679585,0.01589016485206093,0.012043029970211743,0.0222474529434069,0.02029857489251609,0.011694850328464172,0.011401650888461389,0.02351846639423473,-0.0014348464641241083,0.00760190574206175,0.0038556329225344207
2022-11-17,-14.395257229261302,-19.085468334273692,8.532183268499047,-0.01163518094379986,0.0013619543185944879,-0.008726152866481974,-0.018429424485750027,-0.016337106310053973,-0.008330363276652725,-0.013662850477117794,0.013257199285025447,-0.004931928084232408,-0.00786307158450147,0.0006099784707612634,0.0006033654566384091,-0.012910346074849654
2022-11-18,-3.476043410163827,9.065401233427147,16.031747808242898,-0.004955194865483366,-0.0011842028738959921,0.00043271311795909577,0.0026727264340207237,-0.00014840097971885623,-0.006934334355660899,-0.00477327875265766,-0.01873166551210833,-0.009286320918046818,0.0035587226169941544,0.0006791576718469685,-0.0015378635993397718,-0.03403224744412496
2022-11-21,23.233244631580693,-14.12154216359614,17.916862295119103,-0.017910926566530105,-0.0039178490099995664,-0.003792603559935154,-0.022403096204347,-0.015103090820573055,-0.015501325342475555,-0.01986642518449114,-0.012788552213478466,-0.012004946096823375,-0.015341645826097395,0.0,0.0,-0.04631731112935798
2022-11-22,-14.2739250993461,-7.012314442185807,0.15022503028932627,0.00881128206405018,-0.0002974331540917667,0.002710469486150394,0.010048971037502743,0.009298207362342591,-0.002047845824108698,0.0024373742601474235,0.002673523443366641,0.001974334303717608,0.01711626918446588,0.005754292576879762,-0.007164672251757477,0.05090011689219032
2022-11-23,-1.3804189340261914,6.329287512664794,-4.612195590440138,0.006905698909859688,0.006345838689972502,0.013122700951775557,-0.003383639961036587,0.008916688592086669,0.015165816843778785,-0.00379404249156657,0.0021541783988149234,0.0203911620549746,0.011083236877982329,-0.0013394348533901754,0.0008511535735765802,-0.03529844986578483
2022-11-24,-14.83246026980697,13.226128753451842,-8.859691587759206,0.00014641288459542608,-0.001123894708820801,-0.0032109628358880007,0.0009485738227357826,-0.00951397097508121,-0.010703183926305372,-0.0027188706253979617,0.0027628567076076194,0.002787607680565847,-0.008048333182828372,-0.002514013682874343,0.0017290366698129104,-0.004399682910479419
2022-11-25,3.580519664496825,2.46025801279211,3.121468604773762,-0.000585780202735654,0.0004142134441897841,0.0010714669406086382,-0.009116329548409284,0.003429512046965073,-0.011757156986043644,-0.0024533200256465315,-0.009033114183771335,0.01170848926490022,-0.0005051780860151409,-0.0019472108684702057,0.007938224922680008,0.008319900083654415
2022-11-28,-9.286780448565503,-7.412741580394122,-7.602867727025404,-0.0073513526687357346,-0.00551717354751653,-0.009684784618723647,-0.004246290881451097,-0.008070586325559357,-0.026247227549259646,0.0032697576815569284,-0.0010316724323694243,-0.008928630744301318,0.0,0.0,0.0,-0.04146949984882437
2022-11-29,-15.34120198098578,-10.900620940355672,-12.238567803522331,0.00617876184181799,0.0,-0.0047691397569022,-0.0073018165572927745,0.008070586325559344,0.0019252990159761023,0.0005439216886887193,-0.0051743880326501355,0.011887212784046504,0.0012624670279238787,0.006032777466619609,0.008239116040180638,0.020185914565270784
2022-11-30,-0.23894654662076453,15.282787483886837,-9.16412637624564,0.003002015800207421,-0.002382371585406808,0.0027125281103201546,-0.005546325920556149,0.0010414342978018296,0.00019232618580302034,-0.004905978768854518,0.0016587190201600866,-0.002323862881654128,-0.0022735894598728554,0.005289514919367784,0.0013797569459936166,0.004807983463154013
2022-12-01,-16.5343119805859,-20.94889709850251,-3.449669051795799,0.0027014217136622828,-0.0043026240633087165,-0.0032559177884194704,0.01832385773381182,-0.0010414342978018573,0.01469912883614913,-0.005754228783252152,-0.010412422270531107,-0.007217182674965334,-0.007871057521009611,-0.003179877140849713,-0.005343317684813009,0.05041551102662766
2022-12-02,18.060122866565777,-2.9106478824561384,10.776149718434539,-0.0035791280309800367,-0.006729985742796621,-0.004794604368546171,-0.011395743559681584,-0.0026829647931805264,-0.00894647634669937,-0.007724176334701907,-0.02329626744014618,-0.004269861312165534,-0.008447509597060643,0.00438587849302227,0.01225599227432195,-0.008938607000811134
2022-12-05,6.5236479719309575,6.352169340031391,-1.183186148237327,0.03833096824862862,-0.00501678346758135,0.009025233881939626,0.02320289707966401,0.01613774010390917,-0.000956480225956823,0.004421118005444471,-0.01729025135264358,-0.002785218726062209,0.0030800845705644853,0.0,0.0,-0.0002244920875967272
2022-12-06,-21.506524791053252,-2.8324440679240324,0.02646476372733758,-0.009836956998536147,-0.004433250512253976,-0.003361347702704883,-0.007176254478651445,-0.013157111965771339,-0.00961545869944198,-0.0027609073308044437,-0.024608138286178357,0.003213026219218002,0.0046024116014518,0.01681668523857598,0.026172671936908323,-0.039265617619037914
2022-12-07,9.830865320505852,8.371606087973886,5.000326149462808,0.012087942754855169,-0.003658540666133302,-0.002392345638619824,0.021509096451427817,-0.0026821652199393972,0.0009657171199590132,-0.00027651044003069335,0.003791262346720553,-0.0012839719290160538,0.010404864837408575,0.01159769728822007,0.008937286182779778,-0.029863577227132274
2022-12-08,-27.51457201044955,-7.283291003757857,1.0456246425042823,-0.01700721264723311,-0.004285283570326826,-0.003162316576768743,-0.010159157018116092,-0.004186608985936544,0.011707263548637567,-0.0016606701851405558,-0.006364114596567191,-0.0015000538546221475,0.011047061880542863,0.00042750154607255273,-0.0032135101018436474,-0.018821513653584355
2022-12-09,-20.37401494789733,-17.67832019017724,-4.415113246029473,0.0007858546573392598,-0.0015349197180837017,0.0010915839966121447,0.0036210057669521403,0.007315103157717258,-0.00535681403406048,0.009648593115831937,-0.004040409537004974,0.0021422458921053138,0.004981330350204162,-0.005816313821598029,-0.0033502396566673994,-0.016935938510579316
2022-12-12,-35.325886097726006,-4.720050856382553,-4.645551827629467,-0.0039354635602354155,0.0008598452808349296,0.00010909289270635287,-0.01212136053234485,-0.002830120307117706,-0.0017279451357099635,-0.012144780793883172,0.025317807984289786,-0.010973751866100147,0.019193502589522453,0.0,0.0,0.00807106883379172
2022-12-13,-39.415968490424575,-30.01311779132153,-12.663819129431465,-0.009725951095581931,-0.0030126986419359825,-0.0013099008531645662,0.011049836186585156,0.006541801503940003,-0.0055882214988260785,-0.00473208955405429,-0.006711065399089313,-0.005423595028098079,0.02526906197535968,0.0031147403982907333,0.009000698902539472,0.015096942147550009
2022-12-14,4.443327432958423,-3.0616807647646853,6.090303126690668,-0.00602695793794295,-0.010274274943005134,0.002835953035088981,-0.013899420854504201,-0.011626304756189476,-0.005813969865419845,-0.004474280394920966,-0.016696736948644045,-0.015123575923209074,-0.004048106492474239,0.007058326136309311,0.006493133753019885,0.008249470537129426
2022-12-15,11.096084391002424,-2.495633999536193,18.828482232975198,-0.020232435601010536,-0.002678712082990212,-0.015255742289149526,-0.030211277592968835,-0.01662925697153472,-0.02181047257288889,-0.014112568402396474,-0.016295483365308897,-0.02346214201469216,0.0016688524555067928,0.002322808006480042,0.011123525515521305,0.006742951496811074
2022-12-16,4.698808300332786,17.056101081957944,1.217723158608287,0.006666691358189077,-0.0004367493440193196,0.012965789813625506,0.01515075196724764,0.008802606543422698,0.009096364877266354,0.007363386427468016,0.0009123047730489297,0.02566818747146036,0.01677138637738379,0.014765994567439504,0.014705757793928412,-0.03281382407105688
2022-12-19,85.89319943306417,16.13526560364647,25.035890650143664,-0.005998018648553613,-0.016549064170113117,0.00977737283829492,0.010566136037882125,0.0063262750528773806,-0.005329135280618942,-0.016787988530347252,-0.029262482305022448,-0.014203523289712144,0.02498395043293338,0.0,0.0,0.00297177038915748
2022-12-20,8.273515276968773,4.231970477974584,0.4382147471774131,0.02667606517087342,0.008403145324583618,-0.1263602556039101,0.011130832987255632,0.032935118863929295,0.04147881419148084,0.017352163439529007,0.01537416724958795,0.016624565519929115,0.011810266732302782,0.03132161475550574,0.031248003203780565,0.00554837746646794
2022-12-21,3.1712532814574286,12.163787651409777,12.183659955542428,-0.00384016702039987,-0.008530048878053456,-0.008747668669113135,0.0036380825682399845,0.0030463503648997716,0.007188831564694033,-0.009919310465720955,-0.008706306082527888,-0.013054726833704013,-0.019148066223705733,0.03925555247171071,0.037783437527825973,0.021770394612288278
2022-12-22,-13.97310846000388,-12.478726973075501,-13.751044447274019,-0.00043566657674282334,0.0022818036141142675,-0.0032226106223728714,0.0059005132974122776,-0.0014494856864532106,-0.011374530217685992,-0.0017103766997417942,0.013548930558315872,0.011074310299093715,0.015302342673900658,0.021815638125287803,0.023614874337292605,-0.0006017209399919314
2022-12-23,14.100187015444199,12.267935604401128,7.744850436433477,0.0018140265468642198,0.018442374414849205,-0.004229914244150199,-0.003616640470188662,-0.004069773059173275,-0.0009537435153096684,-0.0031433087746886986,-0.007272759329079809,0.0,0.007001722562515427,0.02250260032185814,0.020473114506746912,0.016831194106971245
2022-12-26,-10.139189146697362,13.365745969009174,-17.541634020719734,0.02158640955697629,0.007615900097164395,-0.00012468050636432946,0.009748357895597446,0.02616219359837805,0.004189684285150383,0.003998862798071783,0.02889153279466046,0.008335209477118468,0.004939390374690964,0.0,0.0,0.0014194466542260709
2022-12-27,24.886271692174812,-8.690924606427664,-18.233173179202836,-0.007477335888685932,0.011956364266683171,0.004602856916635777,0.01529767403049025,0.008617698313467708,-0.0003801558684825925,-0.005430912305299663,-0.0037214590454411247,0.003924138456134365,0.01599678635336442,-0.052393805205968896,-0.053902984583823074,0.011166733726024877
2022-12-28,-14.432983040883101,7.543846502913359,2.143508463142827,-0.002791598391418938,-0.013808559647097474,-0.0032322255887337315,-0.009335417216072107,-0.0009851524264497705,-0.0007607455673090442,-0.006037103286341493,-0.002488689067294491,0.009096878846830652,-0.020711128904443366,0.021475960028971532,0.02125749723830608,-0.03146593819695308
2022-12-29,-29.148131156582604,-23.08022195563773,-7.549462276425629,0.010339878907852866,0.006713294698384403,0.001617418704080441,0.006714527234622777,0.012592862648423067,0.012290974431922754,0.006323677296040289,-0.001586942069611919,0.012214873826886262,-0.0006752954674182836,0.01970179972492384,0.019715953812149144,-0.008358112977207371
2022-12-30,-46.20679140965544,-6.978356725353409,-14.311494041687045,0.001346992511628849,-0.002150736687960882,0.011740850434498799,0.0037980531544640453,0.0160003413464409,0.013255117995773676,-0.0014336920018485856,-0.015318086440162628,0.007004167443570868,0.017632417534174563,0.00909541879516069,0.005489793767926868,0.0013371423617520412
2023-01-03,-49.46282104719859,8.439579200191549,9.037837363689745,0.004453405727373088,0.005888142625222532,0.013182175506313905,0.014276686356682862,0.0072261545608087955,-0.005392853609217991,0.008855935610443481,0.004597180835177532,-0.0044515176847918425,-0.007104825623744571,0.0,0.0,0.06649542439477962
2023-01-04,10.590874590818673,15.642945629639451,16.822861612935192,-0.0024716653944629324,-0.006195768677422581,-0.0018204993194698574,0.0034733423997218593,-0.006132062547949643,-0.011062267117226687,-0.002277905312993954,0.0019474202843956288,0.004874440084836398,-0.010077344266623755,0.0,0.0,-0.048795847295378614
2023-01-05,11.286094003594426,17.342420262606066,11.402545450388805,-0.0011319421088355638,-0.00809370826538926,-0.007070613389662933,-0.015139061215684266,0.004636582696126018,-0.007380107297622534,-0.00399886279807185,-0.010006409331006853,-0.0014810115898614886,-0.006548516119226807,0.0,0.0,-0.010316790162082725
2023-01-06,-4.082269334021756,-9.638085833719801,-18.52476573387552,0.0009198005388995475,0.0055675986691025815,0.0004892368003649147,0.006368206588551881,-0.0005443658272697097,-0.0003799392142970137,0.0034285747871781215,-0.0013880858214901295,0.001481011589861424,0.0018107746007100058,0.0,0.0,0.011390327570606795
2023-01-09,62.53514353605622,-2.843840833529235,-0.3187403913147471,0.007047245515402922,0.0037560464095973945,0.005122587125637921,-0.004414444977157723,0.001768106546986334,-0.0007603117644347397,-0.011186119796156425,0.002427887197596708,0.005061166434160506,-0.013432188293781995,0.0,0.0,0.005231878759333054
2023-01-10,5.840520785756315,-4.050805605387204,-2.882024671079812,0.0028750764869664475,-0.0037560464095972323,-0.007571168172721817,-0.0029973307121018283,-0.003266642349516922,-0.011666958387908658,-0.002888505763398881,0.00976738589622166,-0.0016842109244302973,-0.010367562048856976,-0.02358309437544068,-0.013205180143476549,-0.019641349979484534
2023-01-11,-7.696027323299248,-13.748370925179097,7.1722397349675955,0.04885351640286951,0.02274973848437702,0.0028153516361945526,0.005596422493621838,-0.05434749988420114,0.0044150182091169145,0.0008674281301455423,0.019365307053057126,0.011313759900273314,0.018584910273967088,-0.009875028070586732,-0.007147360737671782,0.015124523091877267
2023-01-12,0.5654953980346535,11.188965212260594,-4.999859562478205,-0.004410887322566549,-0.010060690919580745,-0.0029379382131178226,0.001944895264605745,-0.001440507307579641,-0.0040303288410336886,-0.0014461318499996267,0.039583003869662806,-0.0041753714104806215,0.0006817407376871814,-0.008500400315731597,-0.005484278935838441,0.027147798006024435
2023-01-13,-0.7296936726479943,0.7419413219897226,-2.8303956763643456,0.015881260058436094,0.00237276903827497,-0.0011039559538839206,-0.0068889594599274954,-0.0023091365434380214,0.0019212301778938723,-0.0002894774951464136,-0.0038885337396924805,0.0008364701449659064,0.01129445030902852,-0.018168933914383952,-0.018313019565376037,0.011298252533658121
2023-01-16,-1.4178184365810484,-3.541243122276456,6.142436514490725,0.013228745633259906,0.007506997356493021,-0.005414731418177109,0.009992945397518486,-0.0007227000386822868,0.008219486206548882,0.0008681812150005926,0.01162053102301879,0.012463809042515143,0.03487442359525876,0.0,0.0,0.0
2023-01-17,-3.482031615654418,-12.949295079611709,22.191212937510336,-0.021436907160786726,-0.02115094237844098,-0.006685675515910238,-0.012604935912187793,-0.012952229384900734,-0.008219486206548868,-0.011345576246088215,-0.009890426785236108,-0.014556297774207487,-0.019937126579414592,0.0075213466963597216,0.014172870551046957,0.008447538819455962
2023-01-18,1.338480217629952,2.270403350172928,1.572902216515568,0.006756782462879907,-0.0009244708063423797,-0.0009942829553897215,0.001437438993014662,0.00816926498008381,-0.00983709350276272,-0.00822566330104027,-0.011408826958134307,-0.0046189458562945285,0.007715237212405144,0.0054792417094578875,0.005871947208214058,0.015117616431211688
2023-01-19,5.012434685932513,3.171640001188085,-2.790010971866637,-0.0141619999313783,-0.010225988525088336,-0.009997583896956779,-0.007602605762817383,-0.012720399606541487,-0.016613301085422777,-0.011272738772522354,-0.015639085263938222,-0.0025284463533586377,-0.018393870389704213,0.0030304551712482934,0.0043479264050150235,-0.023679801281174397
2023-01-20,6.840997342400085,-7.497614390910855,11.304240024211795,0.013567646273465695,-0.010520480275797855,-0.009337607277791173,-0.003030904343049145,-0.009610482781109488,0.012534437510601654,-0.0044849828505996465,0.015639085263938198,0.012162028710517622,-0.00718297139994549,-0.0003790312964027295,-0.0024484219649179985,0.004118998958631972
2023-01-23,0.9816411740228395,-0.5358189979976999,0.6903168076396282,0.013907335146230597,0.007588384223374917,0.007200182688345007,-0.011548545420108063,0.010345939164925511,-0.00292369373062665,0.0029922224599526685,0.012812335960454514,-0.00020844189757595615,0.004719640180074468,0.0,0.0,0.01787984714441575
2023-01-24,-5.010349602041344,-7.298689156573894,2.0072396876740237,-0.005487340656927527,-0.013713494144253737,-0.007580579573677624,-0.013711735192134748,-0.009751850331174412,-0.004303606016275591,-0.0029922224599525996,-0.010411112366177136,-0.003550176016562239,-0.019013700912292538,-0.0031700220399093746,0.004357089163253277,-0.010825545504922447
2023-01-25,-5.751059127276889,-1.2197279734986777,3.505651219831618,0.0009820932468415388,0.0070060563659715205,-0.00483092726966558,0.007148186078130589,0.0042966211740065405,-0.001962324020590577,0.0020954954532181693,0.00228671085651777,0.0062565376143051375,0.0,0.0018066457723973281,-0.0004805070177545168,-0.008082461894572481
2023-01-26,-31.10268423496379,-12.92278486354186,-5.3622962039167135,-0.0026866763646199218,-0.008908041343075651,-0.0031910168120137497,-0.005525248205000063,-0.009506904639413418,-0.0005894488823779125,-0.0032948958968524265,0.0010870747890832392,-0.0020811662038245117,0.007059120740169707,0.002968554981448735,0.003496133227935368,0.004675303572958345
2023-01-27,2.709297544960427,7.900109657828356,-4.827924340971596,0.005235614053944943,0.009473954521947875,0.001532958910317109,0.015554081341094874,0.005804019567159468,0.004901490060041216,-0.0009004953332502063,0.001519922125197146,0.008918445507246905,0.015758993398978523,0.0024477937189211815,0.0050355682779663355,0.00011375917195590455
2023-01-30,-11.62439327213963,-9.40024423685026,-9.047398786511096,0.0011742450302222058,-0.004220611638730634,0.0077564124639658664,0.007819269844214107,0.0020753046286248423,-0.00019559902262855031,-0.0009013069560127757,0.009608710905256888,0.011292595108883887,0.01924625274100062,0.0,0.0,-0.02208255344028206
2023-01-31,6.010465254477188,-5.96530316910262,25.554986497172255,0.03011947055259088,-0.001958864485333034,0.0018981340719571313,-0.0003961180483564243,0.009139214555791147,0.007211803988770649,-0.011791519842406095,0.002468209655679066,0.01920997298849613,0.01759194026597258,0.0067244106064759624,0.00589090653898262,-0.01087412059731755
2023-02-01,7.699906121515182,-6.594121856094928,15.995916323691947,0.0013908208083428053,0.00012649421305853452,0.00012641425969688288,0.007499541761015868,0.006581376589297994,-0.003112237485838289,-0.000912825257359689,-0.003865984196465906,0.008376594652053383,0.049968412813721344,0.01319981109457079,0.0068450947604393455,0.029424108116858253
2023-02-02,-5.789413027881476,3.137608153782459,2.052620228805039,0.0073015997584195596,-0.00012649421305846364,-0.009398087968531744,-0.006179758013949345,-0.0026273551823808093,0.0011682244319265267,-0.005800657388300341,0.010063247325990473,0.017131461606807948,0.02087420002184292,-0.005627183964621394,-0.0009952474155368763,-0.02344624351238237
2023-02-03,16.63690193569757,-15.09395913910901,7.948652695495172,0.011287575800809404,0.01736884118679025,-0.002811144197287656,-0.011540885539581911,-0.000731047623756092,0.002332362573355817,-0.008301354359081253,-0.006197263129524587,-0.0035204417348448738,0.018874107510228774,-0.0011458081161923284,0.009556094391479145,0.002451124658771086
2023-02-06,-11.280626938643048,7.796568797320979,-5.8736506284052545,0.03551462014917603,-0.004548152757728873,0.008536714899372072,-0.003207272560896939,0.015240878507937674,0.06373738493799114,0.004927635471340405,0.011720965298156893,0.015552413007484785,0.018331246539837923,0.0,0.0,-0.040443190080799836
2023-02-07,22.538933413682326,2.821625426049132,7.3797193170576945,-0.010226268136350202,-0.0016874476676870512,0.006827691209759621,0.0012039329927218247,0.023208844109469266,-0.00823049913651548,-0.005236420405089169,0.0078084178526803645,0.007111995378441872,-0.034401426717332435,0.007930900746749937,-0.012049212683322093,0.01864042908680162
2023-02-08,20.909071789717512,5.601325704862622,5.0002832040762435,-0.007525677322100156,-0.01062735988552944,-0.00949554517095219,-0.007245436231497409,-0.01531727578530418,-0.013869847864150502,0.0012345680580409908,-0.012480331213423347,-0.0013416389171054532,-0.01796032537699276,0.004145838019988166,-0.0016585126946215675,0.013608872237300227
2023-02-09,4.109524325147124,3.4648819915623754,-13.480195452992328,0.007041855117319073,0.006364832275773402,-0.0042067752777896796,0.004434001218137804,0.0009999286598457518,-0.0018639334380627533,0.0006167129396820761,-0.0004258037109257045,-0.014878064026179,0.02652355603748059,0.009600779022991104,0.012121154196941826,0.007610832358628174
2023-02-10,7.3487861406521,-13.97327226536297,9.386694637196738,0.0012695343723669057,-0.003208861720915154,0.0019143646966997179,-0.005242299793737073,0.0022818036141142675,0.010762768580192763,-0.002778208300302485,-0.0026653888587471414,0.0031098178609563387,0.011827458987246187,0.018254664134074807,0.01917990795620878,0.018605725366750425
2023-02-13,48.73626761398703,18.77913287700648,-33.587351245546394,-0.007276287257039554,-0.004231273482721844,0.0017834399631551825,0.003497918271236061,-0.004568825765909678,-0.009830367580241459,0.005548719538350531,0.0011736464404010947,0.005997889703886364,-0.0045173404914438465,0.0,0.0,0.00011448852265054522
2023-02-14,-3.663632567218415,-3.561467320227311,15.259282629455697,-0.015083982112692173,-0.009474524821195816,-0.0035700662679074464,-0.008903336838143953,-0.014994513922517072,-0.013700129829952421,0.0033757896106460447,-0.014608208219319952,-0.025990715564057923,-0.019881370553828933,0.01004338061022433,0.0044422350943774955,-0.010356824450765962
2023-02-15,8.292872499971573,-8.885193637148781,-19.145265546665673,-0.03527447545104503,-0.022157813598221943,-0.02208393487067442,-0.017772169745797647,-0.01345442934024669,-0.030895674292881547,-0.03936778279101959,-0.04164737292190339,-0.03362168723745742,-0.03203374994972673,0.003170275314994,0.008411095968643877,-0.008246750959468528
2023-02-16,10.48559000346118,-4.674338856898981,13.512088588181513,0.012529180976739395,0.0030653863886071584,0.00026113069739725164,-0.007059341379417594,0.008649178011715879,0.004472540270345379,0.005719748672786909,-0.000564174909181585,0.012816775997113413,0.009492436113729024,0.004635584729274531,0.0028936294308521543,0.007783948683476805
2023-02-17,-22.342490544516817,-5.580617575672428,-2.2145826516533282,0.009498420208614848,0.0003906504379388694,0.0026075634070807695,0.005540947823838637,0.007416597655049619,0.0005819028386486878,0.003163558475192494,0.003942556500808994,0.008253695572218446,0.0018467225931647112,0.007465892241953667,0.005152266167171875,-0.033299152833538535
2023-02-20,10.160488112296111,-3.272661781482036,-9.783151642898313,0.002251267288137811,-0.0024767007380876024,0.016785416692013725,0.004273216234423669,0.005778692763782924,0.0017436796048268374,-0.007927740902310867,0.007615671257426082,-0.010885009710625096,0.009588974830323645,0.0,0.0,0.006321208954576592
2023-02-21,0.42433085841078677,6.857041903165577,7.68559533777439,0.025044486857598667,0.011226229966795337,0.002429824074182518,0.011624062507972724,0.01586314078644744,0.011356103177225896,0.005397695276940868,0.018679736292324382,0.017279915596472857,0.027832410217822713,-0.009685103963598283,-0.010601609954151887,-0.007518383765345902
2023-02-22,-15.56540393693468,-2.104676108235223,-4.642079416959836,-0.004763076909184439,0.0021915697826761,-0.001278118783400159,-0.01617359816941013,0.0031143853032592973,0.0,-0.007628771899621419,-0.0036202112929953918,-0.0007971303730181663,0.012754023565256324,0.010965652502010197,0.007877099206327086,-0.015451780146865792
2023-02-24,-51.747014012308476,-9.396761263312134,-9.182754306558802,0.005676458004805342,-0.007042965177105154,-0.00217655805791214,-0.005820415544659568,-0.0036816807375627696,-0.0022992920649059457,-0.0025559119345440946,0.0021956315769747384,0.001394561437288129,0.01528519649913667,0.0,0.0,0.0020659908910230997
2023-02-27,31.413006913069246,24.03295158818169,12.952970723419796,0.033810251098902455,0.013652968387369744,0.0005125576739585047,0.012980022060744657,0.014925650216675792,0.022758425832496244,0.011134201234195786,0.01814774064620141,0.011677520130064617,0.0184538671596784,0.0,0.0,0.0037564418604102
2023-02-28,-0.23201624790142694,-11.810648403986391,4.923511281684446,-0.0007652235709076265,0.008407692839577723,0.022045742703294204,-0.00550283408133531,0.0018152626642150666,-0.0015012200229762994,0.037869205285974886,-0.010609604770878096,0.023530497410194036,-0.00567109270381628,0.00762120609291785,-0.0017040845675290715,0.013097213352150512
2023-03-01,-21.776479223130657,-8.51124267155021,-1.877050693914238,0.00417218175360566,0.04246975457366445,0.01640603538710994,0.01614703938193587,0.008335697057352808,0.007856381599203112,0.019605514107773246,-0.0058945700640445995,-0.004044300168248043,0.0051054285047036786,-0.007172466562654321,-0.001377434921600794,0.017865012251816335
2023-03-02,16.192021890872198,12.708969809394329,9.20262119618252,-0.014649680153708112,-0.02212751620708899,-0.012903404835907841,-0.015319681364525398,-0.01772675353002536,-0.01577497501251318,-0.013834807129292734,-0.009459975948987854,-0.01771680721971935,-0.010808866018573353,0.004770080542505856,0.007360280624176717,0.006894564266858928
2023-03-03,-33.286495799574716,-5.915557209502666,-8.337197972718043,0.018337237377501266,0.008478560553107774,0.00659657628854436,0.0035773290764229454,0.010506505556538523,0.014656406663222132,0.014133448314131278,0.004961147929956481,0.01983728994198287,0.013633992673941015,0.0029404721958349194,0.0011092361570428798,-0.001981699080659333
2023-03-06,0.8881663711028427,12.408497044796711,-8.048806035894762,0.003965019771883848,0.006633523495633877,0.01989748768729459,-0.00013735320397947347,0.01809066805258586,0.004466785762951122,0.008029782921643228,0.002745595047473863,-0.00482579838188115,-0.009828088936262651,0.0,0.0,0.01252335476647046
2023-03-07,2.474065875915976,8.613145272305253,1.5820997960088692,0.012548957506987046,-0.004786459800946679,0.003278094357831107,0.007935463724495674,-0.002878094222708717,-0.0024170319473606943,-0.004750602758597865,-0.0013169448786593103,-0.0029066971342134843,0.002655540255540371,-1.3249797773825798e-06,0.0005684899638845322,-0.004620012837649676
2023-03-09,-1.575574213108326,5.86633809788386,-2.1883963190807836,-0.008425719283474435,-0.00840081535822527,-0.0048602768822527944,-0.006151341930994118,-0.0008238363777774503,-0.0009311854662993077,-0.0023837913552762504,-0.000329507389438559,-0.001942502553308042,-0.003035479469837363,0.0,0.0,-0.011527169613040235
2023-03-10,8.828169386431028,7.58861266520799,12.939483313951467,-0.00011591515024000797,-0.007284078898872995,-0.004884014592425348,-0.0006858240444389819,0.005206204388420448,-0.008795789841138846,-0.005684383294233938,-0.0060602907093324325,0.002136545437394289,-0.00038008362297155154,0.005681247923400481,-0.0012234019203493209,-0.025260756152685335
2023-03-13,18.085336227125214,7.861067398059293,-0.6670621332460966,-0.0022049446092396716,-0.0063309203212098646,-0.004662013105811301,-0.0015104705927077994,-0.0065807750515869765,-0.002069809752018582,0.004191622903586773,0.0007733525215574016,-0.004082828652007217,-0.009741266983394621,0.0,0.0,-0.00445381416339452
2023-03-14,9.538178579710372,4.550224487136624,3.9263543184350502,0.02046871898526794,0.012311501316638662,-0.000738098200565146,0.00013740982501872314,0.002884419278865348,-0.0024516749668272338,0.012765499163169424,0.002646963054243528,-0.002926545840568958,-0.005774799493883908,-0.005838933053025787,0.005885026633561153,-0.01899947542475102
2023-03-15,-13.653523351571604,-15.320294800254594,-7.265536728724409,-0.0023361168426118063,-0.008232552421309158,-0.010142325655129434,-0.006340476100092777,-0.01827040441024536,-0.010248713733492443,-0.004138344658648113,-0.00873947705340078,-0.023525845306163824,-0.016152924913487007,-0.003560489538023612,-0.001129527071720758,-0.0819606078024644
2023-03-16,6.344768437779104,4.815414924636417,1.0162085908018759,0.0008553101020351745,0.00018785810506421978,0.015297608951958842,-0.0015221756208307958,0.003486024585850481,0.014770198452338224,-0.0038581439755781505,-0.0017793599000773153,-0.008235458818434517,0.008789977485793287,0.00732752532600085,0.004425161577976221,0.001999867342088538
2023-03-17,0.43692267563923526,5.649530478418423,-22.637464300997404,0.09838841858663393,0.02216809044600029,0.006711025126393989,0.008137414739550014,0.01656581229276879,0.009913108393131424,0.0336239831739587,0.0026678539611924477,0.0008064516566105101,0.005043657636602714,0.008725356890266989,0.003277414531517765,-0.018280078916685583
2023-03-20,31.730150229045847,11.461279419054367,14.956417278202128,0.05105306717795159,0.0732502340788331,0.028059394811326667,0.032701197839550146,0.03286048421363647,0.04334254502215065,0.020490187555233144,0.012904828071220679,0.014803230912491507,0.025221054077775494,0.0,0.0,-0.005713523909016769
2023-03-21,-4.129011808903016,12.797230574300517,-5.506353798316041,-0.0020144952151079404,-0.029749486328396694,-0.0028419202075806995,-0.012037058536607309,-0.01494955764710612,0.0035580895036465155,-0.011901528977387783,-0.009801300862798379,0.013608335434528083,-0.020395255695894357,0.010838905814220718,0.015066755818642431,0.01757989831710939
2023-03-22,1.6975858088963292,6.368574101115593,2.6814467076208794,-0.002117132323743506,-0.01078797269413569,-0.005708185317332353,0.007106016360054408,0.009902395916845793,0.002305987718086057,-0.0011409014357916668,-0.001772264531224508,-0.0033356255788077826,0.007864239245772205,-0.005255740472147747,0.002051949464916875,0.015957785438610816
2023-03-23,-5.438216446368063,3.7682289346352604,-0.9047846811231497,-0.0015290899963070598,0.0007109847437789285,-0.0035842332278151613,-0.0025416373791995015,-0.0028001885088133577,0.00846864623703856,-0.01669103496840695,-0.004221759408986038,0.0,-0.0072867052996009275,0.0015449300637012835,0.005125991679632162,0.014537614420636391
2023-03-24,-2.9456403576513686,3.2962106276543857,-0.057705801838484075,0.0048750558203035765,0.001124693047788433,0.006917966521319538,0.009862801527472808,0.007449814952582275,0.0029821967545161686,0.013546827718957061,0.0008902738179826498,-0.0065069735653862735,-0.0044363077869752476,-0.008467831208099,0.002145538598122699,-0.028219172057138236
2023-03-27,-6.969814609474968,-1.228162549966988,4.690513289142131,0.03982134666968857,0.019335029331399464,0.02708731007596306,0.0068728792877620504,0.01577942010396521,0.026105726606799058,0.03957300414928452,0.004660978363831905,0.016091399012696194,0.005013508380200743,0.0,0.0,0.025745695563358678
2023-03-28,-6.479214940498995,-2.36536012127491,12.909460319105532,0.010284919363828561,-0.007338413829285326,-0.0004628558286752976,0.0001317089234700327,-0.004576667027411867,-0.010291686036547636,0.010130134540717957,-0.0007753226284162519,0.002915737316921629,-0.0017326022237814016,0.0033884279123481843,-0.010323085692123165,0.023954783555130924
2023-03-29,-5.058534041860865,-6.529616881166136,0.7997815870517138,0.01833299806485193,-0.0007017133788902636,0.005079669200081212,-0.006739371394931414,0.010300632180759378,-0.002935338376292492,0.0019050216674321144,0.0033185871164321443,0.0013577734604602887,0.03465271456888705,0.0003617130088322163,0.0058606921521626035,-0.004208384710051121
2023-03-30,-8.752548501124657,1.6198037384832276,-0.5856270662231209,-0.005151094497008368,0.004435891240401005,0.00928426635715233,-0.003985656930203558,0.0018144121100017014,-0.0025971791934332523,0.019919904961848846,0.012183894751555673,0.005219924853959967,-0.012736639680737887,0.00500352670468393,0.008551671889211384,0.00738480565155417
2023-03-31,4.4614965698539955,-1.537245516088502,3.98060562167533,-0.0012457611134252592,-0.011009070609032987,-0.006868945153045504,-0.0009322768205365799,-0.013689021530714489,0.0013860016078773747,-0.004005880640631373,0.005874051481570113,-0.005607672047650755,-0.009850430094122002,0.0014046076548401502,0.0033243717603866525,0.009469169926965776
2023-04-03,-20.21534328647202,-8.652790248284667,-11.720902018824766,-0.002357346997508968,0.003233299898016109,0.0274207073453065,0.004917933750740202,0.02591489931435073,0.010505564631128868,0.034454427087701016,-0.00609227297725342,0.0005815644246494651,0.002281803614114489,0.0,0.0,0.07781702235680775
2023-04-04,7.3238438828712,-3.6493038429852085,-5.675095690879214,-0.0058479698824231,0.012655812929318066,0.008236912109042838,0.008581477178998577,-0.00230503367521698,0.026041376880133922,-0.010656371147482697,-0.003717069984371978,-0.012676912818783252,-0.00839219115752343,0.011154850687541986,0.010150791746062595,-0.0001162587922019532
2023-04-05,-20.81290876057441,-21.620062141321593,-2.0840337998104483,0.006125593426682576,0.007563328106905798,0.006518999938700174,-0.0009206287228786243,-0.000769526779028541,0.004496635106065541,0.011948194089049943,-0.002412546405383878,0.0007847753983305457,0.004395611473037908,0.017867414747993925,0.02453969078550688,0.005333964408950728
2023-04-06,-2.4230576499724226,-12.010488000019766,3.3866213680605606,-0.008829053635751684,-0.013084190597056466,0.009863093655171577,0.011772536225267194,0.00025657472879694903,-0.0006648936415161481,0.005664278790096352,0.0038354109807962424,0.0031329573305711547,-0.009003029875148491,0.0017601249473367926,0.004311459990548386,0.00161774937061464
2023-04-07,-0.4760054649659249,-4.183451235122265,4.531417428284474,0.009384069606707776,0.008645503384445636,0.01127749970089555,0.0032457022975715556,0.004862453598325149,0.02089751078092491,0.017055268953647548,0.0005467169782452948,0.006819315272054967,-0.0054022898124026445,0.014674910002407823,0.011802119359006104,-0.0017334031034678082
2023-04-10,-12.4783306208639,0.546076227557518,0.447697052210799,0.027095253608710654,0.00834225129685777,0.0029071352910608247,0.004526357550131456,0.004584827185672277,0.016633407305923397,0.016521026579956695,0.010872035769486903,0.0067731270058459594,0.0046323186482795965,0.0,0.0,-0.005450868816680512
2023-04-11,-34.14726425766564,-12.252608231928876,-6.8149017100529585,-0.016379304950869356,0.015012223248721111,-0.006580035606737084,-0.00907329620567483,-0.013174072991801492,-0.0241522397199507,-0.0225969946393821,-0.01558359875045043,-0.008716762214416942,-0.014743235039227073,0.013210762063463973,0.011779964097846807,-0.003611584283311632
2023-04-12,2.038195820887433,-4.617046706260018,9.080313909738003,0.0028322160451390624,0.008822016590230611,0.010764366587158484,0.002860488233136408,0.0065447779332527,0.017564283057745458,0.004054744531491185,0.005257981223071049,0.016401718383800903,0.0027322421368730716,0.0053171106943728985,0.006186688546050097,0.019074620286148154
2023-04-13,-7.366737961344009,-2.6299370959308472,7.693587841552248,0.0028697038392418678,-0.00011189437182985165,-0.012389062314160352,0.0,-0.0020486562862981456,0.015516587406506535,-0.0022787704505876005,-0.00470898313077528,-0.00325889294460668,-0.0044926337895349125,-0.0010531231550658289,0.0003654860838403569,-0.0010311050922132445
2023-04-14,3.041535184025944,2.9907799122406358,5.260601984959247,0.009146129137671951,0.004298920726046372,0.0011917015656581398,0.024496255333548263,0.005878611178596978,0.028170876966696224,-0.0002535175574486354,0.004381168015563095,-0.0013449901153325884,-0.00019579050478604117,-0.005099871100327354,0.0027102307712316364,-0.005402001528029996
2023-04-17,-10.601177140740083,-2.2174737357324625,-3.298095862890679,0.0276925045258513,0.013776532583981883,0.004752655305860306,0.007195637939975098,0.008753623926234926,0.016529301951210506,0.012347391340695433,0.02215708043862308,0.0036464871036119154,0.016121549512290417,0.0,0.0,-0.017555528468333928
2023-04-18,-7.879292250058022,0.14803788566205933,10.523208272862258,0.01979403109827801,0.013101339204757607,-0.008766764303088986,0.0005030181192584843,0.0029009290697476517,-0.004716631033911412,0.002251408080457428,0.03508026167681408,0.016717714575413732,0.013587425570872962,-0.0005866370617897984,-0.0038349730434996546,0.005147414266669734
2023-04-19,4.272204406781212,-3.153930480071862,4.9383373426614705,0.001245677874185432,-0.012991449094757156,-0.013130728105400087,0.0006284170382132768,-0.0022695760593194336,-0.013202525206353352,-0.009540619693800118,-0.023813135680559913,0.004886309289861516,-0.02443604029972165,-0.00030754018941081394,-0.0009786292496225825,-0.012327717024589756
2023-04-20,-16.757168238202063,7.054202651258924,-4.091270888714074,0.014193704176228828,-0.0014845363551151665,0.04448528418389703,-0.007314030083116043,0.0010093364470315645,0.017919156240264755,0.027126212198534116,0.01593826336137198,0.006167667434869419,-0.012938819990055968,0.0006382547563594411,-0.0022096196140582365,-0.029978264095867253
2023-04-21,1.400668397563356,10.394322529116112,-1.1742276597469288,-0.004708885570294022,-0.00011005337599843987,-0.003482669342483673,-0.0002531645583143383,0.0056586130241517004,0.0028798807323548244,-0.0024582116606858286,0.0003120287091725449,-0.007293159956603988,0.005117114098372562,-0.00044220227248190617,0.0010087376314864458,0.0036452045223308357
2023-04-24,4.092459757050506,1.272053185171279,-5.610958935807292,-0.00029770132271666544,-0.0008808633029376788,-0.004025429164502737,-0.006222637387964864,0.0041293933420111124,-0.0059203208976216885,0.013203125782177942,0.001973924073477891,0.010641377370264068,-0.0021617380924997508,0.0,0.0,0.007491576845372236
2023-04-25,-11.758974651895569,-8.978655800861059,12.579115248179903,0.0008503401872929663,-0.014591509684494307,-0.004574719399136115,-0.010372075826033401,-0.009914117722657607,0.000608828024894786,-0.007068889886364286,-0.005933499945912131,0.007584903628388192,-0.006315394978849895,-0.0042273133729262115,-5.477225641276505e-05,-0.02141461563123391
2023-04-26,17.31764296442848,3.8522813657919386,10.181479276445796,-0.0003825636058645616,-0.0030785616657092595,-0.006418507272789495,-0.013476943644506174,-0.0017672309572863002,-0.0010656924202621784,-0.0034305350967893597,-0.006809517696097671,0.005880208049406649,-0.012150333722488254,0.003382788606900852,0.006399189265481612,-0.008398221522815602
2023-04-27,-27.177138285529526,-1.0768006650938722,-5.902662956049275,0.021742272397190537,0.030747875312722085,0.008761675881353272,0.002605864666781514,0.006297250029036342,0.005317141277620339,0.010742290800983812,0.0017854334417907042,0.0027444898756343247,0.006591455004480293,0.0009498870961496259,0.0012254631430484546,-0.02855719562059056
2023-04-28,7.075972952679297,16.38076717249943,-7.770063387820771,0.0,-0.015448976045958088,-0.005440303566779562,-0.05331567840418709,-0.01123678258513268,0.015634714147401935,-0.01912291663253899,-0.016611501901762016,-0.005496532709718077,-0.0025914496711343027,-0.0008248181241268946,0.0006509712954150225,0.013940157310112822
2023-05-02,4.077169099513993,9.280491384531528,11.829916085621623,0.009275428818130519,-0.017600008742931005,-0.02020489024462829,-0.002060864918452382,-0.00969642708133303,-0.05424955027518161,-0.017226739823944192,-0.021786884187541624,-0.005342188259953491,-0.029780383675124686,0.0,0.0,-0.0060590945279494065
2023-05-03,7.857286258371882,2.41661791950247,9.670919068369782,-0.02863967979658002,-0.029075129827198842,-0.01595281094678073,-0.0070388807631847515,-0.031252543504104426,-0.03705612842419679,-0.039291226845558566,-0.03179442554462608,-0.02109270918644032,-0.015751621011276782,-0.01980240660005496,-0.02863942583503105,-0.042812875152073125
2023-05-04,-1.7484743384438997,1.064167771208153,-2.142259892208235,0.013146441391269768,0.004559497697803645,0.008613127452315975,0.0020754071787121363,0.005145469496206212,0.004890782490929071,0.016108428331626266,0.0017993707059130463,0.014049121215179405,0.006039797596147941,-0.008210107146341657,-0.00091993071625767,-0.0074280750085098605
2023-05-05,-26.02622243766944,-3.0597297415269686,-10.084561233599253,-0.004993820571314976,-0.009081768855679418,-0.008502231971193154,-0.008188235326952046,-0.0034273695559622207,-0.006362693787828657,-0.012970350442627404,-0.006198949126345538,-0.010095430665350916,-0.008968669982760375,-0.008779129466647051,-0.006603542512466765,0.02081761607884742
2023-05-08,31.510284485271526,19.47208126033896,4.999186811193875,0.0023951100804093825,-0.007290149803553913,0.012233579584051269,-0.009380537809149004,0.0064495123199830575,-0.005580188449977446,0.02297171602493978,-0.0014708380770091455,-0.009439375355291347,0.0077220460939103185,0.0,0.0,0.00973212119155377
2023-05-10,9.757673288771995,8.49793870070597,4.01164785551293,-0.048190184710169975,0.027082522494988697,0.03265200365212607,0.02678669628609903,0.028455101418471487,0.044108228171073724,0.026439913579943724,0.025377249152411338,0.03375611874371825,0.025858202485416933,0.0,0.0,-0.0011628659492464413
2023-05-11,-15.189257963182088,-9.42246193536806,-7.1164028250460865,0.009904108303794387,-0.008007821776963119,0.015256227304412347,-0.008803358091894442,-0.001148325485038502,-0.0006301197435964494,-0.009237364398220106,-0.0025421400813939415,-0.0005503072687717002,-0.0014191588798460701,-0.02473939294369392,-0.033293482645352285,-0.014585491018892555
2023-05-12,13.95753243544436,4.675933585440212,-0.8374240040447469,-0.00013083011727961494,-0.0010342450933403047,0.0063492276786587445,0.004686431733627105,0.018467511941042337,0.0009450307838307757,0.005003763254789607,-0.01056915885257585,0.01421047779021599,0.0022292034765905248,-0.010595370375822491,-0.015111864324593187,-0.01360385504438825
2023-05-15,1.6023288869197336,17.10405577848603,-7.496673530539561,0.010455853515428062,0.028841342965664013,0.045930319264250785,0.015284140325373435,0.02206336399229951,0.023032452956756835,0.013140141959633905,0.010901109063092787,0.037981495233503616,0.007662872745569097,0.0,0.0,0.011897033911845843
2023-05-16,2.568453241977784,-4.943032465978186,7.5372043543304885,-0.004672097095360289,-0.011177066005702252,0.00799491007748144,-0.00040636641263570975,0.007085297170788022,-0.00478063983974314,0.001968504572672375,0.020693791495233416,0.023068676612758694,0.012774624820327738,0.04150416638667064,0.03786244024089136,-0.007121222234331285
2023-05-17,9.147978411320492,4.627557591098601,-2.4180018937895063,-0.0003035756902556338,-0.004245089154088183,0.002160464357976702,0.0010832770185953476,0.009811719437994752,0.0012359031389317743,-0.003447430156505255,-0.0018439183054087221,-0.002385416022930169,0.0013873751110506116,0.011056171139554677,0.012418188987157406,0.017058542503389007
2023-05-18,-9.305395651753804,-2.491706072973492,3.843117486365057,0.004975672785615771,-0.005916503776120089,-0.004325606430053641,-0.0028461088535047165,-0.0016889858038506525,-0.013366689532635357,0.01542069475795947,-0.005879807880503382,0.0674449892721831,-0.005959493203982034,0.009759695245521597,0.0047271183753215314,-0.0011716462968907467
2023-05-19,-11.834322157751453,3.1358983101219353,-4.738647516824781,-0.0018575722990499452,-0.004747070597661031,0.0006894174695677843,-0.00040724903841218423,-0.0010872849153297827,-0.01148804828825137,-0.003406329327718506,0.008806797882818468,-0.01785905401545544,-0.006797307258994881,-0.009049767983246082,-0.012391632629858564,-0.008240187885455816
2023-05-22,-13.75137504120901,-6.976566503720576,-4.038974807339085,-0.001168148617486968,-0.01130020672673431,0.0022618881650125528,-0.008727724840644883,0.02589180011521024,0.003318324922135852,0.01499786215875687,0.002594596050146535,-0.008804883232742295,-0.008460969088979387,0.0,0.0,0.0032780465989170247
2023-05-23,17.142354861973104,5.132287702206479,3.912912522410702,0.02323447051187431,-0.034687604381683695,0.01617496045894674,0.0031453017383153417,0.0007064641763270316,0.020455081210779796,0.025599881043081855,-0.046859401350011994,0.005064129094273824,0.0074574567117392,-0.0012339468168188312,-1.156118148165658e-06,0.016102152864320547
2023-05-24,8.5786294508654,8.17040002561474,-1.6365465554011709,0.03992322759835493,-0.022030932003075154,0.0036661883804108048,0.0032715405406151697,0.026023773421305293,0.013814494443188514,0.004902542794701207,-0.0488071364791092,-0.0021205456115226985,-0.002412546405383878,0.002855638637620073,0.0006229539660505828,0.01038005091055649
2023-05-25,-22.073454316640834,-6.879185341026191,-7.046593225230033,-0.009391273954569323,-0.0040582973980048355,0.002212496693988138,-0.009159951940305212,-0.013508258281677225,-0.012887567140608989,-0.007011012593045875,-0.04086159769643498,0.000652954642852817,0.012998883163045248,-0.0024929228177329116,-0.0040602152337648545,-0.030154339048845347
2023-05-26,1.756497869504836,0.7643656070894964,-6.491222615897135,0.01764775602030171,0.013342507746254605,0.01771474895863675,0.007389196182370865,0.006372769380577647,0.007844383837691817,0.0072438685726753434,0.024209520793536565,0.00520834510713826,-0.0007950706043952919,0.00021506586474989066,-0.0037518306267872656,0.01162575957438361
2023-05-29,27.212084077645027,5.522980757076054,10.1694207911561,0.012337922892225331,-0.005364558098153587,0.04467748092043667,-0.0010912564171181678,0.01729017710786981,0.001530924977512134,0.02800917717817068,-0.004358360409915033,0.018177931569177682,0.02085868619069394,0.0,0.0,-0.0020800839533278836
2023-05-30,-13.67664786080526,-6.376098595235297,3.2237209842820422,-0.02634119585484807,-0.010445563485057128,-0.001535890440607043,-0.005474216489681541,-0.013600986850357983,0.0016813148782957748,-0.006359321908292504,0.013736810777693644,0.009361432904159752,-0.00116913497339023,0.0008922792201076005,0.00028641619029417273,-0.03590502923172756
2023-05-31,-1.9884702792945714,0.8198427567124207,-3.1862734910028223,0.006193736437922483,0.006403174198906233,0.007027689073288128,0.00041160733242161907,0.03527383559344027,-0.00858900985654357,0.009749538738885762,0.027269587996028244,0.0015780340973898588,-0.0017562693557148987,0.007859806411334108,0.007083013977679672,-0.016868853274506768
2023-06-01,6.912139846156611,3.3214561827907865,-0.4939532156186248,-0.018490574573892953,-0.008567342611988365,0.020439705627322675,-0.0002743860629097522,0.0031055925581530666,-0.003549112590496467,0.015892891874451913,0.017660757977096386,0.0007880842081775224,0.007782140442054949,0.003797596618486655,-0.0001271582219907298,0.04072869890755091
2023-06-02,2.451000479825398,-0.5607867285710466,1.3921835426004896,0.009431506662684077,0.006355496047918897,-0.054409370656033997,0.014033883845092545,0.01636589880805976,0.03538445225327033,0.029323764089889206,-0.010697749689150956,0.02949608430625953,0.0056044208921310935,-0.00035193897124135046,0.0008724425997973746,0.013995388988285623
2023-06-05,0.9851159589179739,-3.555400435427371,0.4500847099663255,-0.028396944154124106,-0.0006768189767673282,-0.04105036290654772,-0.0012184391949429721,-0.0007629012412957986,-0.023246329806230297,0.024077012637226076,-0.025771603188076832,0.008378447976578045,-0.006185985316780527,0.0,0.0,0.014314513555682034
2023-06-06,-7.56453944766154,-4.825978675280754,-0.4721358779672113,0.015857077651960882,0.004237945107698608,-0.003295854088553123,-0.008161089909762286,0.007602947452416536,0.02845506246963453,-0.004219415542708211,0.004971601149245765,-0.005018640295572293,-0.010134563452193069,0.004481966600770405,0.005246308003029043,-0.009649479826565202
2023-06-07,-6.311085024700981,0.17154467439466137,0.4848888441766857,0.0014103204594121766,0.009090694373015672,-0.009463023642929919,-0.0010931949708550116,-0.004880968527514052,-0.009844948251144466,-0.004874440084836379,0.003771365695759819,-0.0041249772033796865,-0.00039184953479448105,-0.0009742920546614754,-0.0009184769103884957,0.011823810797671586
2023-06-08,3.4327191937641497,0.570729618038506,4.3284509672000615,0.0021531207854344433,0.009249529414461994,-0.00708246124014284,0.007491692057672817,-0.0037037079374844144,0.004188487798751994,0.00042480884241236674,0.0022325372060025732,-0.005526572248841863,0.01940678022633189,0.0025554948720112806,0.0024489292435685016,-0.03510500878411822
2023-06-09,-10.522398120670584,-15.85320473961482,-7.254319258331018,-0.005682658343477182,-0.0036170765261754724,0.002366398264610608,0.006897045394426872,0.011609743594687708,0.011723811658729134,0.0031803270736983627,-0.007067167223092443,0.012544144907488229,-0.009850393506113816,0.007763973330330887,0.009963382135604212,0.015494007434678148
2023-06-13,8.612108417412022,-0.5467853373754901,0.5457216109725453,0.016215567899626478,0.017065771499634876,0.03617065805775885,0.01697107612344217,0.03466717005772683,0.022033429460384734,0.018041185782553884,0.031416196233378914,0.004852906096729746,0.02112619381604849,0.0,0.0,-0.027876829928218126
2023-06-14,-3.4459074798409857,-18.041752981778377,-5.177238720012836,0.0011044526923928762,-0.0032707947449045842,-0.003425312578334131,-0.0027864411314858046,-0.0030263524272148403,-0.00942514045958311,0.014653032787340764,-0.0032124855530224596,-0.0006053268949970119,-0.003235940769840586,0.018675101595900186,0.026365131913043106,-0.0013406624879759984
2023-06-15,-18.475367990055798,-5.023931074989595,-1.0088703679133622,0.0023684114137763417,0.023430753419686944,0.010712526012018522,0.015426504089501516,0.006978104658053752,0.011443595585475188,0.05364659777063426,0.036556417106321126,0.018745394059978108,0.02689901669985705,0.008149342515555972,0.007460767663659823,0.012796762203866541
2023-06-16,0.3749518570204886,-3.6515564117624306,-3.7276470048258705,-0.005357338240257503,-0.01164675325385728,-0.007952328190495035,0.004959550755797833,-0.0028062170886473435,-0.007082489676462687,-0.006428384852690089,0.08155854333384804,0.01591780108738284,-0.0037188588787368903,-0.004323598715574725,-0.0011019962847493524,0.00804700602432118
2023-06-19,12.845013817287679,10.510853298666541,3.1575957844582025,-0.0065412143138442675,0.0018820213753657413,-0.012721966025648733,0.009588049611957151,0.01128084407961965,-0.000870700969244032,-0.015956213640853915,-0.0023513786839660395,0.005104656311683052,0.07308285673847673,0.0,0.0,0.004849606463845807
2023-06-20,8.130401304475113,0.43362854206069756,-9.180624341676351,-0.0022313136814355317,-0.0032369154001956474,-0.00841031589894562,-0.011542829670138826,-0.0050554660160654335,-0.01315231585150536,0.0,0.0026576730352298756,0.005657518535485846,-0.008695706967553932,0.0003036659650110124,0.009083953031972148,-0.011440719172967427
2023-06-21,10.656223985925328,3.5812627190327406,7.384756060461899,0.0019010626876808992,0.0032956715328837315,-0.004963272317139117,-0.0016972391305792136,-0.0042498120454069685,0.003524232722529904,-0.0005958883878777986,0.017104814574836657,0.0026004059727197755,0.03180328197770358,0.0029366292217740154,0.0030227720571764476,0.017177371150400456
2023-06-22,-10.535708694956625,0.1555782762333815,-9.46430339971748,-0.0063786821089753445,-0.010572733671310815,0.00233872646065893,-0.008397897406008287,-0.01233293223852241,-0.013428962967877918,0.0019849153003652295,-0.016492507177402253,-0.002745071434093142,-0.014658520523622022,0.00015550779558688027,-0.0007942376361349223,-0.030089364181490604
2023-06-23,8.549305110942713,-3.770789674079783,3.7723988625304394,-0.020952627610012764,-0.01561923976676823,-0.02104926737348296,-0.01259713005028012,-0.01675542910399742,-0.02192938583333167,-0.01942197399536377,-0.036571704981704395,-0.017071983898647503,-0.00017171803940200513,-0.007613778213490026,-0.0006349745027542506,-0.008611463334918695
2023-06-26,4.565731265031003,4.66934424118897,1.7218286338467004,0.011517413791190988,0.006672502289131461,0.0036711853505909265,-0.008442261196163365,0.014544552802059922,0.003940593156196762,0.007854234314577097,0.01146837757597412,0.013012830746185988,-0.005510604611329993,0.0,0.0,0.0043150013014132795
2023-06-27,-30.189342174366274,-15.072553703120828,-17.725075576744764,0.011717988172237358,-0.0027597809692922197,0.017572729225453047,-0.0013466201873358309,0.0030518308348366973,0.0075346950796013005,-0.0012043357537560233,0.012062119834220045,0.007957793568118742,0.025235780790070328,0.012557222955375582,0.0038417349907947187,-0.012728675578447105
2023-06-28,22.2548249252234,9.97604143881074,17.060666743495865,-0.006404946201371925,0.009566590150080793,-0.005855960517398967,0.006179493065568199,0.0025186286795024207,-0.00708100887144146,0.004208844774054696,0.07033563882189711,-0.1273945782497819,-0.015954174109691386,0.004551177878865327,0.00906419370216831,0.00679073640390324
2023-06-29,4.673186521487471,7.508817293420594,-6.9810492584850214,0.001334278645184901,-0.001012115705724639,0.0031274458641949517,-0.003488063638440546,0.010530254213721616,0.0027178032733928994,0.015282623531156982,-0.01104341359963112,-0.006404488596222908,-0.0018837234785020927,0.0066655351152171225,0.007776439082173828,0.0017580638783360237
2023-06-30,5.812903123460099,-9.713010150829348,-5.0952234258489,-0.0015846542098377216,-0.006094300991461563,-0.008820992215379811,-0.01053779002854437,0.0005184302049858945,0.0064627864533193195,-0.003947113867411337,0.0044708014987748,-0.022491577009775485,0.006151762394475484,0.016390438821817257,0.013132459744506364,0.012754418720791572
2023-07-03,7.536034836159569,6.86434605710179,-2.70003582206205,0.015405945152955831,-0.00023975066046284278,0.0032434054675033043,-0.0016310999946291148,-0.008954662085107472,-0.00948302432753541,-0.011135529661079247,0.021299855424311325,-0.030624239036509987,0.03761412909322974,0.0,0.0,0.01850436092738019
2023-07-04,-16.327552084888463,-19.942584138779466,0.030843338890435418,-0.010867201961336868,-0.00794419199634807,0.022030101476443225,0.002852681415626089,-0.0097746324515716,-0.00439561147303822,-0.013487874329601798,0.0005694220520186192,0.016198872218643776,-0.0145433070652104,0.025987005547231254,0.02238565036854509,0.0003927986957215008
2023-07-05,-7.085450884011193,-3.226644042936573,0.18527185737556118,0.0010380982973155263,0.0012680778245849516,0.017035862869699124,0.00837503206748368,0.001055631893659021,0.004395611473038129,0.016682127394951025,0.014411778661303184,0.020975058550152813,0.009609086527989025,0.002454290787811608,0.004923177756171688,0.0048318735862309834
2023-07-06,2.771279929864097,-4.14579419655704,0.9885878666803967,4.150152518712751e-05,0.003914842233008567,0.009111894333840919,0.019581045199106344,0.005995915506985826,0.03082665357973791,-0.004995514434989334,-0.010812949130731412,-0.008573642499089923,-0.007613409830379714,0.008816899175135067,0.0068946593485880725,-0.007847280656389366
2023-07-07,-1.9779251021237083,-6.622367015083693,-3.0180449951694697,0.011183906267132044,-0.00012022843416948414,0.017151488912405862,-0.005422935054302092,0.011781400932447145,0.023622575144328483,0.0035992840296468214,0.006783519511646047,0.0013497555617616027,-0.0036617883792609395,0.024401522352773538,0.023120518742203073,0.022075951699199826
2023-07-10,15.432689724913459,10.479049857497095,-9.489366679950749,0.02324318236727526,0.007486633956240578,-0.0006436485901030355,0.012127752126120587,-0.010314203016764122,0.00528534906544006,-0.02649563426307332,0.030515543925950413,0.018873211553903445,0.015717090846542624,0.0,0.0,0.009968133656601486
2023-07-11,3.362596196920278,-3.941687288212454,-5.592467578221313,-0.005669610474576141,0.007490226434794632,0.0005517241519264739,0.0024864241037295446,0.0028235312876065664,0.010628598603145648,0.005722476274066315,0.0038178393796590537,-0.007306575182438139,0.003604788435727171,-0.011696154144665776,-0.0029910757449569877,0.009491939898110984
2023-07-12,13.295167763891346,0.41026929305542964,9.761950705334549,-0.0018970359466039194,0.008550840837066077,0.011152871797601572,0.009884330701731827,0.01708381353314652,0.018713016378551866,0.009936206659129759,-0.0029075070455136117,-0.004342749434137024,0.01718868328244545,-0.010863986375343998,-0.007376603344194917,0.00952746331854002
2023-07-13,-15.951222810352204,-4.180960669095445,-12.354890174395667,-0.005387791283551691,-0.00789958715074602,-0.00036370249537124477,0.005549475428109357,0.0027679550195848983,-0.01575714118816632,-0.0018176315213245468,-0.0013658094542949313,-0.002849721147367551,-0.004188825200077027,0.001333850287585823,0.00211959501402829,0.006218925515656017
2023-07-14,7.347416610667681,1.965510426941538,-15.106833828616367,0.001055537610182395,0.004370171722283772,0.0029059228585510983,-0.0023192897910910048,-0.0015368068185255953,0.011875794480193833,0.0026244084912645646,0.003365628319125879,-0.0035314927814711484,0.011397506797020542,-0.004973434071043325,0.007875681763117075,-0.0034778323465908057
2023-07-17,11.175880529397977,-3.929056171571732,-41.93030674840898,-0.004310351501122212,0.0054652972989929416,-0.001996914523983279,0.01726495982738883,0.003377862877054003,0.01939404710663463,0.0008061266055245932,0.010388999895202455,-0.005574809606527115,0.017405502696458155,0.0,0.0,-0.014412180030856514
2023-07-18,-0.16859100052342813,-5.185361085701231,-2.3280098805653817,0.005607947076728039,0.024659735321926276,0.006249737293632345,0.0350082464465105,0.0017356684126572162,0.011377611560119016,0.0026154325340564753,0.021251855699366384,0.003044657291086848,0.009989157511556624,0.0027242933967636935,0.009596353750338687,0.008547060578458568
2023-07-19,1.0156798842212278,7.72794162493961,-35.846619588051794,-0.0037351348690441055,-0.010634423216296542,-0.003527659576159703,0.01277311934568141,-0.00860572875825557,-0.0037781720830326977,-0.0024140023792812333,-0.006354831624284816,0.004213371026266896,-0.00810857397659426,0.002969430542109457,0.0037068592751427756,0.008350519016875451
2023-07-20,-5.419920454041343,-3.642944739121023,16.64674955901141,-0.012895481125392677,-0.018195043591229306,-0.022728251077556175,-0.03957373085377297,-0.02258042975660387,-0.010464184632510433,-0.01603932466158711,-0.027103875770651386,-0.017645520610356638,-0.013080322023874167,0.005651621022776561,0.004078819688323933,-0.01778158546208329
2023-07-21,36.37068362003554,15.2028417095064,4.057221325384279,0.005874757565352121,0.007446312733112996,0.020369545457105023,0.011129984211739026,0.016905338427729545,0.011545119746541845,0.012407359410022682,0.04221839900619736,0.001881146343534491,0.010572090578773289,-0.003846008593364854,-0.005983067342996123,0.019393788948881937
2023-07-24,6.067710729518899,11.344947587565391,14.402329609960184,0.0030265871774264605,0.004604140196063505,0.007330017888016011,0.0027322421368730716,-0.003316752625993815,-0.0031108431119551837,0.006849341845574768,0.014459752348438276,-0.003937349946682755,0.00921809511517682,0.0,0.0,0.023634235437189892
2023-07-25,0.2299611930634029,5.845850722264262,12.789711801899317,0.009470268108201504,-0.0006979990976733552,0.015744130559424245,0.008275227856834261,0.015555296908826538,-0.0029846718670220114,0.022236373811321188,0.014253644636989792,-0.0015449320728025,0.021234833900598903,-0.00403102945430486,-0.014556545434047281,0.010114475149552288
2023-07-26,-6.877792912681256,-4.3063886617388425,6.231520695815053,-0.0006069802917765464,-0.002971943564459231,-0.0013322085544184444,-0.005550430530649092,-0.004610427714782609,0.01510276818575665,-0.0057103630605925566,-0.01279335145990947,-0.007241410953957619,-0.009330851637279976,-0.004369176891287551,-0.006694244336590025,-0.0009588877637513416
2023-07-27,11.34811894547709,14.488983650883165,-4.763283445666425,0.0036363676433837124,0.0037862284928353186,0.0074376117607689385,0.001236094100528306,0.013970553026676446,0.001070091059844386,0.00590669171539018,-0.0040424946463012415,-0.002772484881111626,0.020233442975495466,-0.0005295842887202416,0.00023870729083281945,0.004307772606281745
2023-07-28,20.668385274970692,6.3970559214694,-13.047699086377897,0.00522929590680496,-0.003261125648131488,0.03943783305860143,0.0028372312871076,0.013877937938480129,0.002803553001113481,0.01384172601433663,0.00025852040300805416,-0.0020844197229119865,0.005107416840839801,-0.0002698960916438679,0.0050186943023213075,0.0042892952691700025
2023-07-31,21.221877202388523,20.95991539976733,-30.51986016314589,0.07028925582589501,0.01671670358980247,0.007098221454532686,0.028896025277613275,0.016049482602992972,0.012717087533585343,0.013461741750898332,-0.0009482350609215424,0.00882893296759512,0.024275910887927164,0.0,0.0,0.017092418239858898
2023-08-01,5.6802157613471405,-9.687251107356772,13.211190374437587,0.004105249281076614,-0.006445323572935118,0.011719538120265481,0.01708631980195143,0.015505698536334264,0.0038100289142874986,0.005714301263438635,-0.0064025136515784625,0.0010335918232824701,-0.0021960333838229925,0.01728756792590567,0.007213191340153357,-0.006213748816503809
2023-08-02,-26.858699453250892,-8.62736328845192,-14.538501304793808,0.0002606736566791854,0.004952785982429108,0.010184314893887596,-0.026223195099102443,0.012023421907138324,0.020121403199421028,0.020677428427787695,0.00623001063234797,-0.002931289278842129,-0.00043978597791572815,0.0019981704634619503,-0.0024201367088297204,-0.013616929363982039
2023-08-03,32.38669788036728,22.28718762765815,-32.45968813939635,0.0020086303435381567,0.017257027624169894,0.013988530280695457,0.0054200674693393345,0.007145269289066398,0.029255553168778713,0.01879893178785793,0.001981990394175966,0.004135797726974856,0.025336136262073743,0.011542975092689145,0.012121025523929484,0.014204784298317235
2023-08-04,11.925877187687997,5.636329562778844,-7.869485250947083,-0.018716672622766287,-0.020767519532478042,-0.008484306074058928,-0.01891653350677532,-0.009059328635036234,-0.01597819738857022,-0.01064620921760722,-0.026254178996939628,-0.008115385987979899,-0.036838991305575434,0.010054730453985285,0.005910283283860102,0.014585171915394884
2023-08-07,-1.4789582887613584,-3.0470046028221356,2.8465662471691098,-0.008364431703545814,-0.005433853476667333,-0.008970146144592083,-0.011325985899572958,0.0050642695784658,0.010345789983227419,0.012470361492861213,-0.012002811358547591,0.005704916501279375,-0.015696562648081103,0.0,0.0,-0.006624464924939364
2023-08-08,18.80894796252992,-1.676252084131937,-12.61851142252422,0.01025572099144008,0.001100715576185493,0.01248681302783724,-0.0029758236467513533,0.006270804396797106,0.0006273919523191909,0.012316765014754911,0.013592356023858387,0.0018944292241091323,-0.0009044317770574317,0.02929191382342278,0.033786035223130936,-0.004909419562637981
2023-08-09,24.95846878391993,-12.876628121456335,-6.610078657078887,-0.002686698681571976,0.010368159234951777,0.007644799756243179,0.005325419731701759,0.009989716474983076,-0.0013807822441072209,0.024890173807552127,-0.010555826049330646,-0.0034470906246211806,0.009904042541182514,-0.005100656140072141,-0.005854680903037123,0.017539214927259978
2023-08-10,13.932969087414314,-8.628343201187006,-12.724621949906894,0.011303386992092736,0.012188327214374517,0.012959492357383966,0.016658885986638765,0.003743920509465061,0.028969592089351792,0.00943732974200843,0.01960327675858448,0.0022419600664394584,0.01261237877553363,0.013690843249052368,0.013700915460799592,0.0026447436792328715
2023-08-11,15.98540746606933,10.010417237865884,-2.157457666865436,-0.00255092609349381,-0.00169971712309328,0.0051848718235248965,-0.0002429838427699362,0.025457932695511956,0.01188757327327369,0.004339154599589408,-0.004733114279133178,0.005839934151545678,-0.00814276465997813,-0.0012379335182390147,0.002491054613141521,-0.0009191177117629464
2023-08-14,128.3713193337249,29.681294177838367,-21.332430601214973,-0.021949692640091438,0.004187421238646819,-0.025299447962624535,-0.010995834674529465,-0.016992372114613897,-0.0208353562049605,-0.0019069087862141308,-0.030055323308851637,-0.026904339066546393,-0.028345030464329974,0.0,0.0,-0.007730956407152393
2023-08-15,250.360042344264,154.29394387652917,79.53252901730208,-0.00011519189061815404,-0.00526540494633791,0.0006525817998131073,-0.006779686985378916,0.01206220600675513,-0.0014785611367846008,-0.003998962123054196,0.004877177297761865,-0.003524853843435579,-0.0016836309173330092,0.037928237899020945,0.03239710250897859,-0.019179631313923622
2023-08-16,-31.90234811702529,-12.040416431354766,3.5282975395870757,-0.017040145872618845,-0.011533099573900396,-0.006052693106189606,-0.016335546243571187,-0.024740664266526054,-0.014531709483439676,-0.01934976817987599,-0.008959741371471869,-0.004423611566373566,-0.02136634927236243,-0.03646650989299439,-0.03784979250441037,0.0023587698163689058
2023-08-17,-82.10557442337738,-10.552222571536962,5.8299435183849395,0.009640127520520278,0.0,0.01101467506072214,0.0010052777926264523,0.021348499656924154,0.005365288308806039,0.009193841280397347,0.010310302059358956,-0.0019526055729024439,0.010120755909162421,-0.007389041387854674,-0.008617952463665384,-0.002713065657098798
2023-08-18,38.047540562425986,51.75110815230718,23.503581506998028,0.010160968031408583,0.00766550289754381,0.018570411875126893,0.017060372688727187,0.0068640730766155135,0.022760409217308434,0.01207046929962098,0.019425007110540696,0.04005410915339902,0.00863802995611927,-0.03107093978024478,-0.03347212330655743,-0.004142753158193262
2023-08-21,-36.203775355328304,-30.478399291833178,1.1645144843468718,3.829290241527295e-05,0.005002284191723694,-0.0019134184264003474,0.003943319958847829,-0.0013690505492514598,0.012931475142671274,0.01638391395743703,0.04351515256969305,-0.0017085259580643072,-0.0018447353425132304,0.0,0.0,0.011673972563049001
2023-08-22,12.132450077119096,-2.7513645250819643,6.277948154028438,0.0011481057518319265,0.0006801950154553413,0.05299561924893188,0.0004918234453005541,0.003737640524242168,0.009560302261982335,0.009703029569497998,-0.002707277457270228,0.0020498811414440404,0.022667738640935096,0.00421953231961378,0.0038182655768563226,-0.01226719794676282
2023-08-23,0.4540765853127193,-5.310336599009018,-0.9499706419367231,-0.019504335587624645,-0.01616577631510917,-0.029804802375246547,-0.016109394222323024,-0.027677043378576148,-0.02383071011031308,-0.024696847734016977,-0.03027406984482436,-0.025930579921002447,-0.02051587798888254,-0.0002539029626267922,0.0017640339477821986,-0.010858647354067618
2023-08-24,24.42269148310935,-1.9495956362543614,-18.95474750260597,0.012518815510297774,0.007572751466445451,0.022970024857316335,0.00448710711733393,0.009866970118804209,0.01953988111941658,0.00984889170668291,0.023985275429515396,0.010972852410877492,0.03336914117461827,0.0034323216800297186,-0.004954199974672564,-0.0019214609010065962
2023-08-25,4.779857795259229,-2.1650272459141906,-1.1959703478547252,0.003345320636608883,-0.0015443135165175603,0.0006855837251966685,0.0038478294852958934,-0.0017614615410634273,0.0010744345330157173,0.010433687399295176,0.003913899321136315,0.001211806605489653,0.009753291443178201,-0.0004384599324225571,0.0022147645962849343,0.009927717445439665
2023-08-28,-2.986680927648306,-8.4395802489411,-9.72317319230567,0.024383590549022432,0.00854949636206828,0.014514920692087003,0.038639237427807054,0.012357221058266848,0.0032163944578808847,-0.00034036760029082166,0.016256411904713053,0.003971342524185021,0.01850420685840709,0.0,0.0,0.003919943250741236
2023-08-29,-5.620649093799287,-11.000953195061548,-5.118206409748771,-0.004693874673952863,0.014032747388490746,0.017483613148738916,-0.009099679648669215,0.023101992215207128,0.000713351593679111,-0.0017035779247838538,-0.0010867294695419574,-0.007263954458225057,-0.019534148831303277,0.011281380114035537,0.0075006926278291955,0.004730937268582317
2023-08-30,-13.020957794496544,-12.287733138343933,-18.747007689776847,-0.003695467835435624,-0.006850880344096372,0.00844568601143005,0.0031223755402097664,-0.002510761720691826,0.0034407105190336967,0.00493240221006411,-0.007134793350294448,-0.006617927323280955,0.01924538186423743,0.002461572537249395,0.0022552265050094725,0.011147079343174424
2023-08-31,17.130345140780083,0.5158660077117108,30.020484161065127,0.000566518757480127,0.002925788392188022,-0.0010243653489581679,0.009071439624698556,-0.0013476485575846318,-0.0022529208556884162,0.0013563922052447562,0.024053425466624038,-0.007189859994968872,0.030154467915528237,0.0023095963882664703,0.009360124626848655,0.00998498949443729
2023-09-01,23.022845758768604,6.435203894619844,-16.02535422230898,0.0005661979956863868,0.0012913732459122011,-0.00161184004418287,-0.0027366308946634712,0.005379731436159095,0.0018975337761914111,0.004732936488886418,-0.00032900148347429694,-0.0014089470453367218,0.0029380923549036813,0.0042244346296299315,0.004690770302977607,0.020581563453745018
2023-09-04,24.272331089544476,10.319561282905731,6.578444264330871,0.008978440824513365,0.01608583929187075,0.004535818735617976,0.019234766119468588,0.014382350185753743,0.0060244704093605755,0.01589326636708466,0.003940891799876627,0.01400092874269664,0.0004190236809687198,0.0,0.0,0.0073293444189236855
2023-09-05,43.876253118117226,28.57097343133434,-43.409821928102616,-0.009922282329219817,0.0075359964996879235,0.009588915546910227,-0.003043429716571505,0.012525894074063319,0.003292184043477098,0.007770560716610215,-0.011040731744983077,-0.00034764471061049296,-0.01491305072002546,0.0029592520959388804,-0.0050019735753259464,0.0214512254260243
2023-09-06,116.86589955426837,1.3616655536889162,-12.317031876403867,-0.004732616500098832,-0.00836456560832222,-0.007037428833752172,-0.00942292013450526,0.007630977023314255,-0.008014185498358098,0.0026315804660558212,-0.021607071227763855,-0.0017400387198733976,-0.02948793303064339,0.009460397239523965,0.004655050843165792,-0.007727160647115745
2023-09-07,92.46239661465206,10.27541343449863,18.5412491636173,-0.01803644597756312,-0.018516981943908942,-0.02970515441391581,-0.026015973052793562,-0.024839478937939675,-0.015862936241625346,-0.008412420745095404,-0.027551843606179568,-0.012971259870438338,-0.02064970129054354,0.003128230199191969,0.0016629905653268557,0.003871043931447826
2023-09-08,66.4037131094736,-10.108557737568658,-27.09499023008187,-0.012090259425944098,-0.009559166656307358,-0.006244612701090165,-0.008906299340273368,-0.011848163187678716,-0.013434392673145258,-0.01367599700702571,-0.007161602661264315,-0.009929159588219385,-0.019108382497850823,0.0035931481221113974,0.0018891744167292529,0.001434008298245495
2023-09-11,-14.814690012626604,11.448367099470461,6.799840813787397,0.0022268678747080824,-0.007473151525905717,-0.025840440904638207,-0.004298440760214443,-0.01598877834688328,-0.01188958052025308,-0.011994400068072331,-0.017596280530163808,-0.0057183858469950204,-0.021185932094588845,0.0,0.0,-0.000661594466738773
2023-09-12,-58.37819542577314,20.080091988453884,18.3323708737349,0.023716526617316065,0.01691972458866968,0.04141661323853327,0.013447635413802424,0.02322127560886403,0.02940316301296136,0.03046260652719829,0.031522869962683366,0.009098269879262011,0.028752554152268094,-0.017337484695191405,-0.01670833674894151,0.016843885049845023
2023-09-13,10.496127584788448,8.80740620035558,2.8973306152671334,-0.016213040991370622,-0.015203378838649214,-0.01784289034258606,-0.004747133252950314,-0.012263502393416443,-0.014472032608534432,-0.0031371279753134745,-0.022730238157561946,-0.014308954564457178,-0.02349101307559874,-0.018878056682565262,-0.01919728498227229,0.0008673027430046688
2023-09-14,30.002053375460044,5.172850064822874,-4.830434889982476,0.0070246149369644385,-0.008150191473089806,-0.013862663921192665,-0.005628303123881883,0.0020693695809727783,-0.0036509715618809856,-0.0036448019143572527,0.024543788462470482,-0.0012618298204221652,-0.0016992357529598016,0.01338262678181522,0.015068355259553053,0.011635554672747541
2023-09-15,37.95177184715047,21.83728693651624,-4.371551554370559,0.0031872230962960504,0.0015548072580235126,0.005201970114957575,0.008308943208446754,0.011616608158986531,0.009464941427300793,0.02020934629963075,0.0,0.00449924271992951,0.013666239566622053,0.001889245035891549,0.001185448110695502,0.003208215777095156
2023-09-18,-24.762915175893635,5.893404824712139,4.208691836026582,-0.006770558658445812,-0.005712817406687055,-0.004128761886230883,-0.00781826606415639,-0.010179568213464083,-0.012028575865607146,0.01837279722786464,-0.0034572203838577915,-0.012649247081853917,-0.014284860062688195,0.0,0.0,0.009669097272025163
2023-09-19,7.1724377033054765,-19.011120263949852,8.140410372935253,-0.024816138959548137,-0.022650428435318472,-0.02828471383858199,-0.019192070530376946,-0.02379551017082719,-0.02262288210693466,-0.026046930734498562,-0.03829992508754528,-0.014654960941700537,-0.004651892401959683,0.005044404578432405,-0.0013028092694274897,0.00548351052393215
2023-09-20,-1.7124389424924698,-11.708865022880621,-2.654969798917586,0.004146188490203099,0.0010649628269565903,0.012375813943108676,0.011930053262913735,-0.02729940806655379,0.01612338041149948,0.0027825535589963055,-0.012127943023576436,-0.0036975453478272765,-0.0012441681231678528,-0.004392584892127605,-0.0016833680648200044,-0.01259342533713566
2023-09-21,10.762877979060884,10.091922660307974,-0.27824628916136085,-0.014327631834447104,-0.01946562536853205,-0.006873953015837189,-0.010680677788053223,-0.04116839121090695,-0.018251173942254128,-0.02348379789819544,-0.03861627011455681,-0.0016683663152440575,-0.012842776361119884,0.004082129368596556,0.004351141911890255,-0.003948145767757621
2023-09-22,25.435557481638174,11.748532923137368,-0.941332322326641,0.007288691034782118,0.005112024363686925,0.018021304862744704,-0.0016244927033917237,0.011547246419701916,0.018005080671663166,0.021847939525869654,0.03569815752038576,0.00240896994102294,0.05608946665104358,-0.005615152584094552,-0.009811944242139103,-0.00042776174323537887
2023-09-25,-13.097061980818786,-8.80752835425848,-11.688694744721218,0.0026157275535496722,-0.004991440738796939,-0.007107570094322581,-0.007532046655581872,0.013049336977721059,-0.012382525720810028,-0.010202490999119566,-0.012405396857487741,-0.00037023325117453563,-0.007629627855105198,0.0,0.0,-0.006007957133976276
2023-09-26,40.443730496890694,6.372327574937494,25.004865908075672,0.012664371261210273,-0.0030794336444384582,-0.009816985735650069,0.004651463537786702,-0.005392405941017013,0.01410390816972384,-0.0019867556203970634,-0.00046242775390514297,0.011962965895122258,0.028863100323931776,0.0007220825423073443,-0.0011270448428397856,0.007717907320849628
2023-09-27,-15.061307661358022,-15.080655577190814,-15.169573454226931,0.0008984902063517992,0.0010275318985612353,0.016154436423408358,0.007995045710222887,0.02309703743837619,0.011724609151094006,0.019529627021483878,0.016514136764413014,0.013266891545090455,0.00552889521326625,0.000958502730057584,-0.0025118247624711263,0.027800042362094993
2023-09-28,35.98477892084259,-11.836834947656348,-4.150370327280003,0.006111703240763373,0.024172344603782932,0.02367740316325169,0.01420741668984213,0.01079164041365081,0.010147465667574143,0.00664131379265791,0.010229573656598602,-0.00018055430219674395,-0.0023242311450803487,0.0027207964576715414,-0.00010589958767892711,-0.00020772746231753132
2023-09-29,3.69006194937375,-6.861577460128404,11.246934731179726,0.011767338083063109,-0.014792202469805013,0.004728850996481339,-0.007140249466749874,0.0024237916219500273,0.0013212421596550414,0.009640177484638458,-0.008411391337539978,-0.006703530855448916,-0.004957000965189839,0.005186526687300154,0.001175053142443562,-0.009287830919796965
2023-10-02,9.448981676765484,-11.747892709474831,-21.03288848055279,-0.0066961958886121225,-0.006062989428528148,0.0064193696593263525,-0.0009888752350946759,-0.002703838298226065,0.018905503330483815,0.02198238274894025,-0.002910680606891171,-0.010783253532266477,0.015661573021287692,0.0,0.0,-0.04065600564112885
2023-10-03,-4.738133589067068,1.2585577596138884,-7.133784056829413,0.0025837316496337887,0.004026084818209229,0.005120794892540699,-0.0002473716772044968,0.006235768728812359,0.0047003611803318355,-0.00031289111644498433,-0.005114166397735538,-0.0025758983884320574,-0.02299621056765456,0.015108715208866768,0.017188705327990206,0.0002183644511351272
2023-10-04,31.63859035742366,9.429736670068566,-8.169187323703344,-0.0004622674299353832,-0.008128902206142093,-0.014014392618218595,-0.008572013479858228,-0.009227823321896676,-0.004700361180331852,-0.007696574551989153,-0.0007327349659218071,0.0016566961911611401,0.008941063594640286,0.007981990957431663,0.0018669741069664192,-0.03895873873795076
2023-10-05,-28.276541299423457,-29.666674431530343,-16.2422610300853,-0.0005781349527971542,0.003982386244293578,0.009116787102789858,0.008819385157062725,0.001403640337131694,0.007510009481460815,-0.0006309148474267096,-0.005789127125969653,-0.0031316227122288195,0.001166691105067276,0.0018900667451742425,0.0023065359649571734,-0.03688066093086177
2023-10-06,-16.28459293426267,-17.22604964374399,-11.061254985880941,0.013593669147573489,0.0031865350877410773,0.011169994452330754,0.005918636266453706,-0.00093554127882537,0.005014295387590194,0.006604836087969504,0.0009211496598283216,-0.0027713643603832594,-0.003796733532840887,0.00221662437839923,0.004642026298262976,0.0021176478501940595
2023-10-09,-0.008633865108953032,-23.037133918317974,9.808969332411976,0.008784940438923515,0.002817325406134674,0.009736177345076055,-0.0007379166489067023,0.03368313271604725,0.02117699118555147,0.00889449571378047,0.015984265057140675,0.002402292571731623,0.0010236163795001765,0.0,0.0,0.03646417595194009
2023-10-10,-14.624056640890846,-10.720460378046008,-5.575586048615692,-0.00851874531632799,0.0057895055620903356,-0.0014580450202783494,0.002334870492378558,-0.006354991882377228,-0.022340864687510807,0.008970057052083953,0.024701452799177372,0.006439172281021233,0.004375098126541409,0.016749630523868197,0.02119332518286538,-0.007164413427653667
2023-10-11,-21.53561733177111,-4.549849795330147,29.091835490845494,-0.010665034862445678,-0.0008335318415439355,0.0053841806437637234,-0.010364065625619812,-0.01588136376035598,-0.015964654128002496,-0.04842071741174321,-0.018828914803706895,-0.008101683054634552,-0.012004243111349585,-0.01415758885039878,-0.012653505207560515,-0.015643291166055322
2023-10-12,-4.956679056454632,27.190499165248553,6.552183405779334,0.016352253983035237,0.009543923772198341,0.032764074090821896,0.00938162664201941,0.010493468894562586,0.007896793938676318,-0.0019411199883445232,0.0020697420212082347,0.002769317748804533,0.007921414459342257,0.0004591935581501105,0.002532594313069483,0.001621684590312815
2023-10-13,-14.8868806038797,-2.8243121987711923,4.064373657716203,-0.003749933372908664,0.004121289318768713,0.01726581459728245,0.00036852773588261846,0.028524363710174198,0.0028136009182531023,0.017176760698334872,0.006719552228838054,-0.0005532503598932167,0.006843856345123995,-0.030320798734745115,-0.027940076541171685,0.03636764417087479
2023-10-16,-23.214485309008158,-10.265423468636737,4.332359585303955,0.017455207503488807,0.013712833404738866,0.012483871573778033,0.009047622545469966,0.012030220276542061,0.012332907917632302,0.0009545021405563445,0.011629586439358406,0.016647233433156428,0.018404545373213538,0.0,0.0,0.006563236196732107
2023-10-17,15.245574590444438,-8.02147951907646,24.37833850925246,0.006875433569440735,-0.003367006547904407,0.00672579728928284,0.005341114906629636,0.007707842312254527,-0.0005783355664060859,-0.0006362335191555819,0.017411525210901696,0.001087942083736703,0.013022123153096497,0.0030028646008954554,-0.005010834838084324,-0.007009764447062665
2023-10-18,-5.125504293981235,-39.679590173161465,-8.755919507368464,-0.0078081824478118105,-0.010463342574696777,0.013918530291062938,-0.0029097983673436675,0.023711073326118562,0.0008095761732868093,0.0060279370342654,-0.0019969618097148635,-0.003267383556669079,-0.009608665138107637,0.0006093541702471324,0.002267228907492286,0.018694200732046827
2023-10-19,19.882805272512037,19.427978996824343,7.982733107857202,0.0027956406242674874,0.0011745361932830438,-0.0002671296930536982,0.019002375745856167,0.014297439098145641,-0.003938381089700455,0.0012644224855134928,0.007360296465506227,-0.005835173376722234,-0.008985298988992144,0.0002732153457197109,0.0014898480135280751,0.0037191029522953656
2023-10-20,-7.348414664156449,-7.669478804482384,-10.02477596856511,0.00427152659882507,0.005910424789786414,0.0007344350188244868,0.019699840848949574,0.012769860128387711,-0.008508705684605902,-0.0042738490064115325,0.007477794954737825,0.005289570016820392,0.009836846017457346,-0.0006677631928461677,-0.0027285385489808967,0.020960145031563435
2023-10-23,16.970887262839927,47.44025165998875,-1.4465655710622083,0.001111317024914533,-0.005851734177333074,-0.0038785657823412925,-0.0008179959556316983,-0.016051172230762373,-0.01212992556161575,-0.00604616002557794,0.022773470973740956,0.0005456033599018459,-0.007118481084335958,0.0,0.0,-0.02358395762244401
2023-10-24,26.876569105159874,1.3468158206996335,16.04557558414895,0.004322374056869922,-0.0011744672205621996,-0.002482139938716194,0.005130608269372783,-0.012039144987805372,-0.005107809406439518,-0.0017570486111255202,0.016519696640296976,0.01837558459949164,-0.003291595100723984,-0.027075509945795696,-0.022890835078130986,-0.03169573081013185
2023-10-25,10.613164898742372,13.321107523549372,14.663668995718051,0.009027584245575121,-0.003354819073031502,-0.000873567908256224,0.01523575177742086,0.007308607360624903,0.00924615406508783,-0.005129038331793741,-0.004373124672245208,0.01329924735067248,-0.005606282203514176,-0.012598550002887655,-0.007501421171185643,0.003384097984240494
2023-10-26,0.19326221289688217,-21.362767830201413,8.67819826813392,-0.014090699077056054,-0.0069216710809921434,-0.02850322510538809,-0.01210040693408734,-0.01278244928692467,-0.0076991792816573125,-0.014079041522125697,-0.0223262754045003,-0.015264762144080962,-0.012912765563723378,-0.003982368013819807,-0.009072363655923803,0.00033778078348518687
2023-10-27,163.77098314463458,107.32233800315475,-36.5917698679238,-0.0007412898782746564,-0.007089481899182195,0.012305520830655,0.01473153583287753,0.019701724213504964,-0.002142602890860597,0.014239722811135428,0.017103032587949464,0.009257676942494545,-0.004977319600666089,0.00440143111460528,0.0008440063137835973,0.001574803475066391
2023-10-30,18.87594036166254,-53.52927248883913,46.51887891187684,0.0007042384323378525,-0.0005980503736650042,-0.009611497856336842,0.0037630468032869503,-0.01252343326369145,0.0015478957665828789,-0.0019298815896497778,-0.011201320828733591,-0.015897450102395225,0.00672812249901911,0.0,0.0,-0.009713200378037553
2023-10-31,-58.77843102382787,-41.9600000402485,26.913126664934115,-0.005722369955184052,0.0042980008856754615,-0.013543284409825154,0.00011381096011833874,-0.021778351596663203,-0.011969023795320768,-0.02213632055291426,-0.022098468524898756,-0.021658868311434962,-0.012615687342213914,-0.003405691894526853,-0.001228249898525932,-0.0013628622211690814
2023-11-01,-40.95213086030207,43.313154822761,-10.959881109322213,0.004943972302967294,0.013019476128247805,0.012438922066771977,0.013002614079956426,0.008578537076163854,-0.0012048194228504187,-0.002141857643932903,0.00957927270341845,0.00568756693270365,-0.00280878298341773,-0.01318015194517972,-0.006938688511322626,-0.010625635533317749
2023-11-02,-44.04889239075961,30.996763024507953,4.020280630553255,-0.0023016678684084566,-0.011234080188885926,0.0018629045991948876,0.015272578222611305,0.011580656980682728,-0.01164072802836716,-0.005955352588686405,-0.004607123582894861,-0.011592732643947626,0.006492571132160328,0.013572595587375582,0.005112782371588388,-0.0048359334314163754
2023-11-03,-48.77268831391821,26.7916069953131,27.98054349190669,-0.0019345244128347397,0.005987509365953083,-0.0021391858552691437,-0.010006754615552838,-0.008135347801770009,-0.019334387138958267,-0.001660578262692374,0.0033294946880079047,0.004432140219339273,0.008931899193471312,-0.0011488144930707801,0.005703129378592432,0.004261451885197976
2023-11-06,-49.16725843009819,5.765810561871701,1.4091507533439693,0.018009195859284077,0.0017125819876533828,0.01888656111274207,-0.007515037330810634,0.012730318446074564,0.02213568000060449,0.013208050687464388,0.00510075066634617,0.0016570012076293867,0.010296661198053735,0.0,0.0,-0.002762114772534778
2023-11-07,32.320695623484305,7.3791303298524955,-40.238880543513304,-0.00040239241118753883,-0.005621150270429848,-0.005778594549619828,-0.004174429258161835,-0.00852592768021911,-0.00622218807311632,0.0024572049385402873,0.024789813112021997,0.0031224196550270517,0.0038879737939025443,0.0,0.0,-0.02899770579600746
2023-11-08,-22.032292986490887,10.25175310395641,24.737691362037793,0.017553854428643486,-0.00023737463763463253,-0.0052637097299239365,-0.013086957760237827,-0.0039464704617990995,-0.006630672623531681,0.005384691153778648,0.007499314061896069,0.006215742132913907,-0.011854989209147319,-0.008167594940224288,-0.0021558684453115975,-0.02803191063869188
2023-11-09,-73.44687012781637,17.310017876424013,3.826108558557718,-0.005407367177183444,-0.001960493721653016,-0.004809353138044264,-0.002752926721405032,0.0024898059653349143,-0.006923009477574812,0.0011384891853448652,-0.0017256259674697252,0.007625309278957373,-0.011702883710917232,-0.0023595392405793237,-0.0035086581116129676,0.009592690886473394
2023-11-10,-24.5535888711603,-20.277238320479828,12.792275577871962,0.012714775128209097,0.0005350613961962242,0.003917934695225704,-0.003912998432815492,0.02573360216787564,0.0037147145242388342,0.007772059847702889,-0.010582984262893712,-0.005986412435747613,0.005575949883414345,-0.0029404134394288386,-0.0003322362118241989,-0.003874565932036104
2023-11-13,14.420295015261004,-21.395857736736087,-1.6194906633240491,0.013400654306418435,-0.0023802450987932466,-0.0015103668942890558,0.0037981285228620492,0.0,0.003331485591003198,-0.005985620070939903,0.0075353314777058195,0.01391295366735106,0.00874131440157358,0.0,0.0,0.0049615882022471395
2023-11-14,41.751831840088,10.990376012712758,-7.86937616163928,-0.010976669944830375,-0.011926664402986108,-0.010706370615631617,-0.013415258436064616,-0.011768797569201956,-0.018399325614582317,-0.009128017739108213,-0.020165669594594413,-0.020484718830585558,-0.01608456960507164,0.002085359181454236,0.001257242255796193,0.01723355240860483
2023-11-15,-33.23851169523706,-11.402138823663524,-3.85268174003879,0.007166200669275359,0.0036109812948913024,0.0033277900926747457,-0.0024479816386400017,-0.01071165559492766,-0.01721125755848418,0.0017995914877138928,-0.0008421053129222239,0.014726200128398875,0.002355713692459205,-0.009396089861797038,-0.007674653518684768,-0.019045913201912994
2023-11-16,-20.507987074665245,-7.246563532224628,-18.75726830621783,-0.011340529295277091,-0.0059046987247384445,-0.012326490556375476,-0.007497692105800813,-0.021162525898251627,-0.01842242116872275,-0.015981887246400775,-0.01905143520664847,-0.02189468960701146,-0.006787690218685125,-0.01992722824044782,-0.006615334150590828,-0.038587221748303854
2023-11-17,-11.55320271623068,37.65503445813037,-5.90498105266334,0.006770024075973488,-0.001027842528289946,0.012534110197939348,0.009363364288750552,0.01825231242598693,-0.0014312669153360399,0.022011401154106106,0.013729802510044393,-0.007406069770918588,0.0001480494487862851,-0.005716283948572532,-0.005588334098597859,0.012739025777429712
2023-11-20,-27.54800204876739,-16.358050774282155,-14.637120511329329,0.00464120157847073,0.001209116887528363,-0.004299590534912923,-0.004085688284300808,-0.003090661800872769,0.006230549750635942,-0.00016248273656679107,0.004647437491562143,0.003339520728867315,-0.013863231640674194,0.0,0.0,0.03271776200362834
2023-11-21,-21.864784924195174,-4.081528208233961,17.819088650948327,-0.0004242531440689954,-0.0021774641156503192,0.0020134002011063697,0.008850645873326776,0.0032620854749019954,-0.004279329619374256,0.030091899216305562,0.003534464674201114,0.01068543696794506,-0.004061071987317162,-0.005085616398225452,0.0006996054138405639,-0.0069905069532617955
2023-11-22,-29.531646222826065,18.703451588119307,0.7533400965537167,0.0118465222324732,0.001331235825306296,0.01240710704705373,-0.0018567952416057964,-0.002832255251219903,-0.00861399218275025,0.010353033649902442,0.015586896101373563,-0.01087067360828218,0.017035677977098592,-0.007090985709938877,-0.004184214966743157,-0.033326170469769066
2023-11-23,-7.9389244312182665,0.5653681140144393,11.48539249760277,0.0001048309601728132,-0.007648452970568423,-0.005633043678616657,0.004982340414994725,-0.0016343386718149111,-0.009614825468829148,0.0004680552390623572,0.034706234310400104,-0.013615803000324047,-0.0144767844305881,0.003348202831486577,-0.0011288771263426945,0.014524493434502747
2023-11-24,61.13275752660208,50.06522524571025,37.94918196418323,0.0023035051369448855,0.0036494171030478986,0.005084873183870441,-0.012093170633911066,-0.0033630868588487225,0.0018511178100943332,0.010705245359062993,0.010173351133911827,-0.012852189758177698,-0.009971377376508727,-0.0005014595755090067,0.0008296305397287547,0.013952007006455292
2023-11-27,-16.570396072450222,-14.158737075291006,-4.901072218402409,-0.015882831509074068,-0.011725325174165982,-0.009988028616495758,-0.0025770191138826115,-0.0014695079793599947,-0.002380638606157838,-0.014925650216675706,-0.005232708364126981,-0.010132961187052253,-0.017615527879043472,0.0,0.0,-0.017037857754895143
2023-11-28,-6.267039389549941,-2.585714839342618,-8.550987007641451,-0.008608476610220494,0.008685069883327507,0.0021437717832973272,0.00023454908047015495,0.020379162336652046,-0.0007948073010808872,0.004376374599799003,0.009099963884347284,0.004027237200615872,0.007697082335936111,0.006604290027963265,0.009639827537646011,0.00922913091178281
2023-11-29,-15.276074166724829,4.840343646551857,9.143464341596305,-0.011172899185071,-0.006353494400767092,-0.004986159914867216,-0.007887497481124876,0.005999933493484746,-0.010390395862642654,-0.0039065601678543675,0.004715136437133002,-0.01834913866819654,-0.005381730525938964,-0.0010636456976263074,-0.0009627994625082048,0.0012241401944872309
2023-11-30,25.442627882457256,5.940065961626556,5.604307375971081,0.002525709442974571,0.00036764706296454083,0.00512431008432085,-0.011052462619796642,-0.015538414942123052,0.010920337581457181,0.00015655577331385244,-0.0036916351865049694,-0.008024311575982598,-0.022609523167231617,0.0030862987421405173,0.006002600243008594,0.022500041954524746
2023-12-01,171.94475530154907,41.51060215931827,1.9463574472239935,-0.012802321843877461,-0.0038055533283124048,-0.00881062968215492,-0.005392140558609066,-0.015783673218372037,-0.006644542718668613,-0.009911195739181967,0.008072460467026936,-0.017043615100627546,-0.00887064267568385,-0.0034057260782423336,-0.007891761128786035,-0.018958486075997323
2023-12-04,28.450706177107637,4.38469468842049,-14.239105731464155,-0.011047402833095504,-0.01611838255684788,-0.006010641523331498,0.001320766236303734,-0.017805145195578322,0.003593535510130218,-0.014010737069598333,-0.022178407966319775,-0.005612361895511926,0.013433627541861181,0.0,0.0,-0.027812187537397937
2023-12-05,26.868523215760206,-4.310807115470062,28.756135016299975,0.03146033005016243,0.0028083770447267543,0.0161327468032972,0.008126239746928457,0.016413235444972297,0.024281001255849626,0.018270426400849,0.010874417593518523,0.01871818887965614,0.01650356623131685,0.023329874596596214,0.0173349714191356,-0.005530431391076458
2023-12-06,-40.931791642063295,-42.74766546215792,-7.9932985842885405,-0.04401295151420532,-0.010777046662780478,-0.015361925840846485,-0.023604178727195845,-0.015440257614023293,-0.024015326440259395,-0.020678325469389268,0.0029167180032845658,-0.020931692147851545,-0.033922850703381593,0.009980599168684387,0.005636530479956734,-0.03880738794615316
2023-12-07,24.335642747635813,-12.048710125399404,14.958488170758269,-0.009236033367220413,0.02881113225099363,-0.00646523685600713,0.03001065454794209,-0.008791070246702053,0.006223125015791875,0.0064082244287687225,-0.01395076525633261,0.01380436045186233,-0.005606742761235835,0.013021100644396015,0.010049801223463556,-0.01106730663968145
2023-12-08,19.652353716241045,-1.2745812393798481,12.296620095195864,0.00015086369493802048,-0.011573633251011977,0.006745388139531655,-0.008074135528263101,0.007286977948103116,0.010634906247209268,0.018198144428920558,-0.01512012077120551,0.00039729837630270425,0.020196281594063354,-0.0023437004922854453,-0.003222834280062115,0.01668566596695702
2023-12-11,-17.174454932785643,-19.119824769409327,2.8314265543074497,-0.031685439666980585,0.020652141910375933,-0.023093751394393538,-0.006938656860922197,-0.017326502932356568,-0.026735313914284676,-0.020116303584824535,-0.018236593227856198,-0.012792499057990056,-0.015388580025960157,0.0,0.0,-0.005749395165764689
2023-12-12,38.90176808346585,-12.461616808349184,-21.97725520368953,0.0027600165239883793,-0.014725466950279426,0.005360410219590355,-0.010984478845298313,-0.009868352231525252,0.003615187709252749,0.0007996801705642441,0.0021434468222964855,0.0028123763012660678,-0.008348097927894036,-0.01722516029306998,-0.017547572391452562,-0.02293161655086709
2023-12-13,25.66323850952881,-13.597340445817977,13.288072877874587,0.011002909961001877,0.008946686307836408,0.004125770541534522,0.007376537469099217,0.011398712164714794,0.007456758918989233,0.005102865482049571,0.004109144506445916,0.008191035707598753,0.0038616298993344885,-0.008485683400605876,-0.006894853841335212,0.0009381492345246851
2023-12-14,27.878750227566442,-2.4876898549965443,9.540322986315497,-0.014736579513050845,-0.01865760226770086,-0.02639776398043063,0.0027672519614058526,-0.03692417079270926,-0.03194556977099493,-0.01878517148362767,-0.003944454123991918,-0.01705669925778752,-0.023396680551746832,-0.0035889536181221474,-0.004661629306848328,0.03307066405232884
2023-12-15,-51.22080317924651,16.11422510272867,-15.689499332663164,0.04409593108209281,0.020364295355384282,-0.04471683878179622,0.020337265127121296,0.047037471291583234,0.023285199874204368,0.02922830436709958,0.04657241143276178,0.013069453145969556,0.045787453203513545,-0.0024336372817509518,0.008091978057358376,-0.008198367215698546
2023-12-18,-69.36643107259167,90.41093722670037,-36.36917965261757,0.0007081493372842252,0.01690861539842724,0.0246182493257899,0.00949096116092413,0.00913005500045959,0.004272940137272352,0.012980086845740743,0.0159828763855185,0.005577703703541645,0.007509422022131568,0.0,0.0,0.029230176042003633
2023-12-19,34.002766273466875,9.616433490458268,-21.319427763081787,-0.003919743702785955,-0.009143470823544395,-0.0021589437010366207,0.0030274825173388672,0.012887567140609058,0.02005079704556122,0.015112084048741514,0.002008963741657166,0.008111628214726989,0.01853048699348828,0.008241467756919594,0.0103830282576484,0.006072893157899082
2023-12-20,-54.15091323086549,30.613808807801448,58.992154318321006,-0.00277174497624703,-0.011670446096769137,0.003867901281576331,-0.005128814133424897,0.007981996222468436,-0.00013060798033325233,0.007623150195890284,0.03265286295824261,-0.014888612493750637,0.017291497110061043,-0.0036475848073273718,-0.0018385059568579866,0.008040244318565544
2023-12-21,-18.03441102255426,-18.05452743521358,31.33752097939753,-0.005340366208376267,-0.012241410207702445,-0.004911820547208607,-0.0018715644719075274,-0.002595830825113999,-0.03522661034790339,0.000151871820475743,0.0017914463251890902,-0.004610612557683294,0.004950133861170223,0.0035303423065654125,0.004772699071580701,-0.00804024431856557
2023-12-22,-48.30206558602476,-49.010977733279255,-66.57680432545135,0.022778669454768686,0.003213251235344951,0.004540556388498355,0.002338908796338532,0.011457247266186368,0.007682496172016211,0.004545462371674638,-0.003660955189005326,0.002007226687568286,-0.0020970648787638014,0.01428377637222569,0.014665577871028592,0.005032723254610419
2023-12-25,7.4472014245466465,14.309481654736995,-2.6211207596547887,-0.000811239396973966,-0.006188521514209908,0.0017066749959373118,0.0004671260157347668,0.0011984250706723774,-0.007817805014655446,0.021683092487953692,0.03811173826520307,-0.003414686455448148,0.005532724393867669,0.0,0.0,-0.0035202450232527994
2023-12-26,-15.96052001729786,-55.04385358719842,-25.654062919434637,0.0030203713705127663,-0.0005588500254112772,0.0039955658039539455,-0.045991981161427685,0.00826415779008814,-0.0012186041721951365,0.03245573380902551,-0.0027417044591379054,0.0014074597678797698,0.025034439476566105,0.002861574990315019,0.01055780173936571,0.02155443815388348
2023-12-27,-19.899742819116007,-20.56658407938959,4.174147887373922,-0.0030203713705128387,-0.0071059327865899535,-0.00044316419958619275,-0.003060914541678522,0.008869425039720262,-0.017493954406640016,0.02740284458403682,0.008918997482575238,-0.0048338462703164066,0.00493255025897577,-0.002853941947746088,-0.004541786896023488,-0.006182017710043014
2023-12-28,8.101942147215242,41.153796756403224,-85.08242886369723,0.002431746528265363,-0.004514114248484378,-0.00014776505383373164,-0.00948691893175597,-0.004467115186908463,-0.0017939699836502677,-0.013325114758222808,-0.0017917940647622665,0.0036275735064349476,0.018638532390372414,-1.962794146579566e-05,0.002245350585181558,-0.024481795176072154
2023-12-29,-55.57965771515421,-56.28036405133927,-40.9253363032932,-0.003391333241499594,0.002384988264139542,-0.004146311286008522,0.0009898540773579636,0.002193908567097693,0.010442524130994339,0.0025384303575575837,0.005151700002862521,-0.000402414492352069,-0.000710479603598674,-0.015395130255089819,-0.007870441036577906,-0.004713684758012112
2024-01-03,88.4659365290525,85.71476760596047,31.74233802647601,0.013715422744919424,0.011964250391770627,0.009525639684696217,0.011313450723871406,0.018042587671037745,0.014654264955280077,0.015235461375171773,0.025506913711010517,0.007018979984481263,0.014114560362447423,0.0,0.0,0.004459458240817043
2024-01-04,5.960773782023079,17.208683119118145,26.188395306388948,-0.001603849581974516,-0.0011776009294169317,-0.004788399145267742,-0.0036751235778911943,-0.00472971051389688,-0.0035083020736372227,0.006911832880261925,0.0163536506436965,0.0007990411931327646,-0.0053400913859538365,0.0,0.0,-0.0008903021255798202
2024-01-05,4.855908290938087,15.638110002592605,-2.508087950493353,-0.0018256842256548906,0.004269940582086302,0.0013283154487958044,-0.0009823183501104522,0.004812488544654684,0.0005405405537020839,-0.001240609436120162,-0.006867687180991506,0.004780885600341895,0.016074145798224884,0.0,0.0,0.007858088598104636
2024-01-08,37.37067218816921,0.2032293548111268,8.662812418074784,0.011410422138642165,0.006831005977359878,-0.0019931354178809517,0.008928084743606094,-0.002901315915897502,0.00458283589523342,-0.0029007548484233326,-0.006290850652152831,0.011460311164291916,0.016911106253874188,0.0,0.0,-0.030767713465597677
2024-01-09,48.47707957915674,1.4730600027934615,74.84288026574663,-0.005361943141385399,-0.003932900048816808,0.024020136401424388,-0.002560196460903213,-0.0029097580491760813,0.0012095962767747156,-0.05137338437962066,0.0006239384583156043,0.02655966916835346,-0.022333434450647765,0.0,0.0,0.00894309634871079
2024-01-10,15.250316836447205,23.204375954246256,-53.638752729373074,-0.0028739310757188914,0.0028283343989580346,0.00374424400565674,-0.0004884004981089855,0.0007490325347083292,0.015989681104346905,0.010574444880173648,0.022680748857207788,0.00895158820031006,0.005976805616025316,0.0011056506064421087,-0.015718016548789637,0.008096169649351614
2024-01-11,-6.878335355365886,-64.99556384183475,27.189670408940497,0.004434758267851264,-0.002274334815677215,0.002225493578002679,-0.006125218219544872,-0.03625672408868028,-0.0050357911879242104,-0.007085562143642201,-0.03663868360877212,-0.003609083602180502,0.06569846344364329,-0.011236067017514863,-0.011257021091489426,0.011832951859886578
2024-01-12,28.01453116731073,7.316237140550706,30.655038722239322,0.00047139879397102243,0.005339565268625138,-0.001076233287737913,-0.002583821800459449,0.007905179507113247,-0.003460211064895731,0.012546130389511443,-0.004578601313897064,0.01548369302289344,0.013021520934188005,-0.0068707731522897044,-0.0034224702392823517,0.006430079520903855
2024-01-15,-6.801547284500428,-2.745966996920653,-25.716170717743463,0.00043494020257961636,-0.00018364910828761984,-0.010899093779948297,-0.0004929143661107327,-0.004804401828865163,-0.005346891498121903,0.004575358281916392,-0.001695873781230642,-0.00018738873848518582,-0.008489888915577498,0.0,0.0,-0.02146795688544454
2024-01-16,-8.273410656849373,-21.389687964112294,31.599188427885665,0.00018116926694112053,-0.0007349338890328207,-0.004728485149593387,-0.0020976008678182108,-0.00517331728022064,-0.011729153677424563,-0.0025710626932642817,-0.021011278212593038,-0.005261192143361684,0.001290989076797905,-0.012519785653807255,-0.015205219593770337,0.002948909118207104
2024-01-17,3.862293952906533,-28.42202200855513,45.5400493605585,0.007184016745787975,0.005011316482761545,0.0076996094773510585,0.0006173983032445278,-0.006330507201263979,0.0002711864423400564,-0.002004295588652054,0.002956768461409544,-0.005478430628481893,0.0064300633068016515,-0.00035933697581939277,-0.004878213701752197,-0.006421804756158526
2024-01-18,-66.03400361152912,-32.67937451179718,22.399884526867055,-0.0033509318472536302,0.015005121802916365,-0.007626693949957295,-0.0028431937071330704,-0.0013928791317851076,-0.00625597035573258,0.0002865740096988031,-0.0184598265132506,0.0015142914118340272,-0.011863453129050999,0.008048920809955187,0.004721021344308318,0.011657084542212728
2024-01-19,-2.9169185037111003,65.80461847206475,-69.52605136349064,-0.00800830471667772,-0.0037302251303758553,-0.0033596292190506364,-0.006458045296496103,0.0017407959831679423,-0.006158076251392023,-0.011092817052942665,0.018603835730089256,-0.00569045541600216,0.02573930430243744,0.003468636079475587,0.005555416997462723,0.01328376798118316
2024-01-22,-7.257142419546179,-11.745677747455284,-13.266296713769231,0.0002546426831271794,0.0009639716374857084,0.0008044170238883651,0.0014940241822841743,0.005204279245602555,-0.008547060578458408,0.007504725654067792,-0.007806328041074085,0.005690455416002148,0.023365840924414773,0.0,0.0,0.0013814758868994214
2024-01-23,-0.6473623924752241,2.2823909873448573,-3.1078148511828214,0.003521961413407337,0.013458348304190387,-0.005938651567582494,0.0001244013188144758,0.003368315142118496,-0.009458966060295435,-0.00014379178973664445,-0.0010164078122016846,0.004152516348221164,-0.009305855356116194,-0.007796979376437213,-0.0073028521673017,0.0033828260036204306
2024-01-24,22.852673632621276,-16.13828626036959,53.271530372893466,-0.007750143400504375,-0.011653402263363822,-0.0006620324637695366,-0.004738163477836768,-0.007182136181600275,0.011533512133136435,-0.006202688476412266,0.0016692677244043504,0.014213817006817583,0.005965714933996341,-0.0005969562233146033,-0.0006134201494303995,0.0029973795389740382
2024-01-25,-16.61709003600639,10.884283414056384,-19.513598174639984,-0.0035127556337807534,-0.005666420610950733,0.002058218897722541,-0.0010003752241049151,-0.0019123788860269822,-0.008184827547204683,-0.0026079412057426585,-0.004433307889742617,-0.00037147102953177964,-0.003102701837510889,0.004120258174555726,0.0035324370051356287,0.01374719773482763
2024-01-26,-10.721770224184512,0.649256372370921,-13.867240330525618,-0.0005866608168847593,-0.008682243908405938,0.013421062137635114,0.0043692722902096805,-0.001305994700450778,-0.008533310506345025,0.006074649863280116,-0.006430420404484617,0.006111696031153711,-0.004360019364078721,0.004219537161294104,0.00488377140678488,0.016831718259802817
2024-01-29,36.39800925179389,-12.330910413875637,6.0518643137938675,0.005121650120054924,-0.0029924600180462847,0.0060676291326714924,-0.0018702081381582983,0.0032183735864777575,0.008533310506345107,0.0008648025906518042,0.012385412584808343,0.010286644710275525,0.017204459257814865,0.0,0.0,-0.00036291054653437416
2024-01-30,11.793110057070795,3.28250125633247,3.728601155619326,0.005893926688777798,-0.001714006296211266,0.007318680870047775,0.0006237914243819103,-0.0031312541892887175,-0.0011149826939081126,-0.0027411111442940716,0.020638496787432518,-0.0027449921161544115,0.032595836017444244,0.010689793332116804,0.003524538522581238,-0.000484085692619297
2024-01-31,-15.517474125861767,-4.7330734267285415,12.629667173592116,0.0011963675362467276,0.018874782761346905,0.013703221278079667,-0.005628180699956852,0.0018277562858446908,0.0033412254388932973,0.016192945353199782,-0.0014195474028336997,0.007121366715953253,-0.011828801522409704,-0.003580821243067484,-0.0019425378410826487,-0.008998115186057018
2024-02-01,4.929863547517208,0.5157232627318693,-26.40126740474398,0.00311109754243887,-0.006514288070647961,0.0004230118506393472,0.002880583117795095,0.002605298911763173,0.004576032390650788,0.0012785000676072934,0.011230121201291179,0.001091107582334557,0.0047961722634930135,0.004236790137073305,0.0033562962517788677,0.0004884601391538097
2024-02-02,13.599214698418734,-10.135709103977428,12.899778664739324,-0.0004335260183506676,-0.005156996109716064,0.002885801756360331,-0.002629767967245314,0.012840023015460797,-0.0015230186398457867,0.0035428365548573217,-0.00042149631814754725,0.001815871208974625,-0.026791104751705867,0.0062491274678950146,0.002940637275687304,-0.040232090006652226
2024-02-05,10.351762243494177,-1.3564000308538324,10.115368854587407,0.003966971194580063,0.002854801951007605,0.003297901455865158,0.0,0.013691272159431247,0.03445564505458967,0.0029663133552191604,-0.007546673331029331,0.015124523091877267,-0.004062794138787496,0.0,0.0,-0.009193118881498373
2024-02-06,5.8089499946612015,-13.27432176217858,17.869326712975326,0.002982877631720733,-0.001882039228385455,0.003566312650185591,-0.0003762463203600159,0.0026148216155371753,-0.011173300598125189,0.001831889471636712,0.01914303101460662,-0.003221767597937615,-0.011040241145302174,0.011169803352673934,0.00845483820841379,0.015906678836828194
2024-02-07,13.826106319723552,-10.307067279065393,31.041164260814995,0.02038857298740961,0.0003645421997961016,0.014139409389932044,0.0010030091111691661,-0.00650752349308437,-0.005157448999866638,0.0065951266902434256,0.011669388419699615,-0.006294418767629622,-0.007637926069088808,-0.0061475197947541685,-0.008012435038477332,0.005413925719807355
2024-02-08,23.92157694288693,-12.422489683883038,16.70489024565571,-0.007907132870561042,-0.008602072381893448,-0.0046218134905966456,-0.01375329230140437,-0.0033122455862796087,-0.021594952377414933,-0.007581111698637917,0.004725550690149748,-0.005426930830121101,-0.021085501109068906,0.005138719019707965,0.006644270869505569,0.021244354469051173
2024-02-09,16.445591697523053,0.9889422099618188,10.429928114963143,0.004702396983418965,0.00012253400333908404,0.0009675190803114857,-0.0008897363154475682,0.003397030867605495,-0.00935957101460496,0.003516919992709355,-0.0047942013612370165,0.0074094492770613125,0.01844249409571556,0.0011479792387736945,0.0026541403908201494,0.00905537269512807
2024-02-12,16.155723205364367,-5.944606481255878,25.666272352992443,0.013245226750020505,-0.004543787751258594,0.0057168595966334765,-0.011639192596782769,-0.0013574278829908022,-0.011433535520754521,-0.000702395196398953,-0.004679336917037368,-0.001982518446940265,0.0012594460103068452,0.0,0.0,0.000730638123102283
2024-02-13,-13.538326082031272,-0.935931768474644,-16.801723849447715,-0.0007312614585461203,-0.0012316030868944608,-0.0015121317060962246,-0.01073540673052997,0.006431434540721208,0.009326053181189864,0.0007023951963990391,0.0001379405478426768,0.013439858244384291,0.013005060122917375,-0.001977712718048782,-0.002067118450324841,0.0048573258828598
2024-02-14,27.217065705743522,13.741915037497533,19.89841024945338,0.006908190561414676,-0.002282472228689902,-0.0066945279180155885,-0.012694013286455844,-0.004565445873757269,-0.007198845401814388,-0.006198075906339992,0.02317758831270559,0.008331165797917829,-0.0008700516365143977,0.0014252683019372813,0.0004125435712153583,0.001452608898447333
2024-02-15,33.94885182122176,2.6128653739722094,-1.104585703055363,0.004073887906075806,-0.0020401231149441267,0.008550007266969879,-0.0009223269643896107,-0.001526458912407936,-0.0019852530626916034,0.00225829312630196,0.006916725020021598,-0.007975230574369947,0.0029798879760940785,0.002473756622541538,-0.0038611307885946466,0.0
2024-02-16,-5.570895165622153,-31.120750799940907,4.102349150366022,-0.006602509423469207,-0.0024784695753167258,-0.00799618239992372,-0.009004298124720816,-0.0062146371215775955,0.00042574328323486386,-0.0021170002966780423,-0.006310439845331562,-0.003922272812337997,-0.006342910389660154,0.0042792824911789635,0.006080849138720049,0.00410430320236008
2024-02-19,9.252881645991396,-4.79552071227564,-24.67024330416548,0.002078786737580024,0.0003101448401252257,-0.0050650585302163265,-0.00747667034302014,0.0012801367227170215,-0.015298032276431605,-0.006093691356919154,-0.0033729119942135706,-0.00196692061624991,0.0006236358169067733,0.0,0.0,0.006843174552824963
2024-02-20,17.083674485224147,26.5068669794073,17.97847670748089,-0.01756238076195721,-0.010850016024065818,-0.014997828251675685,-0.030202268401341038,-0.02443251848600595,-0.0065043229960546735,-0.013163732795216146,-0.01951481143148506,-0.015694378238586548,-0.02435912705572198,0.006366927924580885,0.01090467139908635,-0.013733500997511047
2024-02-21,-17.440978148181504,-16.458370541800576,-20.735915982087533,-0.0067149925408118245,-0.005406438013358828,-0.012863056223894631,-0.0029047672406011145,-0.017189369424452327,-0.014901663622999894,-0.008969967550793415,-0.007955491441114628,0.010850016024065844,0.0017870824260837585,-0.0006624839492519461,0.000703348671884155,0.003027919711817151
2024-02-22,25.846624005537755,7.225061106853522,-3.9894536837867602,0.009774765972715692,-0.0032832457830556973,0.004424785980355636,-0.004581750465696911,0.0,-0.01587452666655055,0.00896996755079337,0.01008922938801177,0.001976462776187568,0.008508528059585437,0.0009708439148867443,0.0033882242849857377,0.005186671056896641
2024-02-26,-19.298656049399295,-5.192098305958131,-20.93260151500766,0.02250016796908117,0.01238191866151821,0.02009161377236753,0.025554351116249895,0.023201673511040223,0.010561645220256629,0.011741257448673251,0.017583769340151607,0.012486783719160543,0.020897963800349754,0.0,0.0,-0.011860238262559473
2024-02-27,20.091059476089438,3.5389490115447604,20.915723860361673,0.004351035522840071,-0.006580414181739254,-0.003145645877919306,-0.015722519511577,-0.012852635940983388,0.017310099228504634,-0.008290499171827542,0.013221225437947673,-0.0005319620659183599,0.01194080784665555,0.002090011718758423,0.002806957655440541,0.01137889047949908
2024-02-28,-13.934353858659772,-7.4830204070977,-2.7059576129704954,-0.002635769236085034,0.010072342653603588,0.01666358074517558,0.006044804777948917,0.0005278437705031224,-0.021164811192043158,0.011842900776195344,0.017448066719762633,0.009180855446318869,0.0002447081867099061,-0.006385306948221522,-0.0025607338367464798,0.00791276158308569
2024-02-29,-94.2310577021738,-19.821505122996452,-71.90489491361974,0.001507004429469653,0.007256520817826105,0.01591618010876215,-0.0023311632085872298,0.016572555481786645,0.0023738883551622045,0.019385352097135156,0.0026172886759142167,0.022246311934770353,0.010224042321812975,-0.001884600613150159,-0.004728871628152115,-0.0025109118231822405
2024-03-01,54.48233032859464,5.939063500770498,75.59722707235817,0.010858387402029034,-0.0029706668708652773,0.011521873916673458,0.0023311632085871205,-0.0009520101112809301,-0.001186239759506086,-0.0020889917770152287,-0.002289752725915925,-0.0008597713537964278,0.011797416230420969,-0.011240790129109642,-0.009144752954642128,0.0069196172065309315
2024-03-04,54.463105942946505,5.934722150708221,-5.52631061579012,0.012749310695369092,-0.000620001259863249,0.006410706429184049,0.027424886629974828,0.008707326878759112,-0.007595538787944665,0.020969177758833606,0.008348600538516328,0.0029202116431874974,-0.0002393776193358033,0.0,0.0,-0.004408705383348698
2024-03-05,16.38363466961539,-0.46665511392966974,-4.136679322724087,-0.0025771053639276416,-0.0016138045833773724,-0.0015988278670641632,-0.004139686755770532,0.00522239104829063,0.004028353079023511,-0.0028710116104637153,-0.011497382987959942,-0.004641975153929853,0.005014935883402943,0.005610465457427631,0.005680741082107173,-0.006709826276231563
2024-03-06,-2.6986647618064517,-5.239678210960874,-24.16419230583178,-0.002315010008750351,0.004153370505854472,-0.002202570555055603,0.009190873888012388,-0.000683351867371007,0.03064531285810788,0.017507402450489106,0.00039414045048108003,-0.0044905084093425736,0.003685434831829707,-0.002114909359601232,-0.0017117524795169047,0.009928905061990055
2024-03-07,11.18030744996608,19.765533782767594,-9.327588281519724,0.008995061569124253,-0.00458830170038337,0.004001072288801981,0.0009277053213223492,0.007321674117361283,0.0033157963054562187,0.008039705639017137,0.004325322950145585,0.006556269171499126,0.01109286805560254,-0.009026978966509233,-0.007455714128391993,-0.01354206086558298
2024-03-11,-6.262642331005477,2.5006085765256376,-3.9504474049132283,-0.0020326903481718856,-0.0021774979829760842,0.005508558810735097,-0.0046471570057105135,-0.0018678898281986184,0.004595068395422595,0.005854973479159328,0.014799698920906396,0.0006876397039049885,0.009228498413643144,0.0,0.0,-0.0028999536997897602
2024-03-12,-4.388135686459281,-17.441609237749613,-7.783395479380546,0.003695754094191789,0.015021144743458711,-0.002385528929311677,0.0,-0.0001699813024660431,0.015495370098599266,-0.0006636140664269146,-0.0020639842208514825,0.009237150865849484,0.003598169978058544,0.0031387067781826683,0.009425742276245605,0.0010884683907083593
2024-03-13,27.63516864878691,-11.320244691774501,5.661146267704409,-0.006836208365736232,-0.007513275889938704,-0.014770527513558507,-0.001998268832524887,-0.011627043868419572,-0.007930929546999347,-0.008801230302513915,-0.012408799793092772,0.008983872610991202,0.005200219727107498,0.0028274410457708975,0.0022610971113073944,0.009982643486273491
2024-03-14,32.131503238331526,-7.672545233450337,10.94284821782646,-0.0101568102579159,-0.004150283158674098,-0.007569649553643113,0.001332622798494601,0.004375999089174737,-0.004846075618478522,0.0034764040894501185,-0.005374947392193954,-0.015303818490834339,-0.01732299320471535,0.007269801190295782,0.008327075373694271,0.019905870542051222
2024-03-15,60.85722482576219,-2.7220752183416854,26.645603832626254,0.00831472650835556,-0.0014908687070056543,0.001355932411135997,0.0034565309607118904,0.00034240712541365535,0.00014286734791069176,-0.03186926428584214,0.0005256587281826002,0.00887075076603568,0.009570567915904873,0.000993553991312394,0.0007543051122582706,0.0
2024-03-18,24.482207556857993,-15.386197672457754,27.63169273577419,0.0019090047159239715,-0.001742160719385037,-0.004889985294191792,-0.007058696152504376,-0.0018846917255303615,0.003280328121569929,-0.014994033511285268,0.0032136443463295643,-0.007500887538121973,0.005791074789846584,0.0,0.0,0.014095404898883137
2024-03-19,12.904272089247666,-18.673260592480617,33.17069553867506,-0.012355603510309517,-0.012722259772181648,-0.00143076161351645,-0.012643073588960801,-0.030913689846856166,-0.02435805372446631,-0.017212614574653978,-0.006569462596793995,-0.01135789184440963,-0.007418603630851591,0.0037795739116001214,-0.00019251323089176567,0.012986449243952652
2024-03-20,29.24692958094085,2.341202115399022,13.445846568595721,0.0006772773709619713,-0.0008202669482228831,0.01421632391048833,0.0018931716269706624,-0.008972653810015383,-0.0008757846129761295,-0.01001152526855638,0.001712216420940754,0.013409174614967115,0.012716934385339884,0.0026209631131723383,-0.0013825951962831427,-0.017856588739995502
2024-03-21,-1.9847347795463393,16.800296676851637,-29.316837442286953,0.0007444756866474486,-0.0008841175189099371,-0.002827142432321346,0.008475197027189501,0.0044519706689950716,-0.006445964305825643,0.01143359604290763,0.0006577649385348907,-0.0008541898529113925,0.031325001445393935,0.0049948619451004855,0.005073780829195918,-0.006413642182309899
2024-03-22,-6.052958041552513,-10.536571717406302,41.34546748030255,-0.00893636704212343,-0.011693066629910183,-0.015556850544867112,-0.008880575047739992,-0.01539869281135576,-0.010935530876978882,-0.013159966778104822,-0.025776511211350116,-0.01186294321194471,-0.01243504512709648,-0.007974651764048768,-0.00247687819217418,0.0037365760429696623
2024-03-25,-20.14520687546535,-11.358274165747408,-16.04428593280315,0.003101094683068277,0.015224856375737464,0.018316772864905653,0.02271610238361648,0.0069229316728457,0.014310194779506985,-0.007950891180739859,0.02676234810233902,0.0039699715557003695,0.03249523505279926,0.0,0.0,0.011587615172387829
2024-03-26,-17.992473795009552,-13.25470181465667,-22.730218161272955,0.0007142735971438525,-0.005682192193615825,-0.002557718295489495,-0.0001321265774530761,-0.003500429908205444,-0.03624287506137465,0.005500086234566744,0.010130474532871987,0.02012346214497315,0.007176283923511823,0.008945200016627783,9.9636277773879e-07,-0.0018450189735692395
2024-03-27,-33.83583273658683,49.548866455466936,-14.192938792578335,0.0033604349268782597,-0.0009501790218573604,0.009924974174784782,0.010776816088867136,-0.001259559320819176,-0.009308070560809734,-0.004919703165460318,0.002597741427081487,0.010914389262553826,0.020269877325919276,-0.0021753377598904516,0.00046818065854599205,-0.006600684031352136
2024-03-28,-7.964555303962481,-5.956988488062204,-6.658470204466649,0.013129291441792581,-0.004700809062921989,-0.001602778491905822,-0.006031223212261675,0.018463709640947696,0.010522399793211786,-0.00217817555079658,0.004077807521257974,-0.0026755868804377884,-0.011962120637106588,0.0001879390650919169,-0.001412181167255056,0.014189544184173354
2024-03-29,20.0537830401223,-8.196603178131097,19.25838980533397,-0.0009368935972738404,0.001081872380954744,0.009313531931020613,-0.006464828901479945,0.0,-0.004408977115585063,0.009260665227259223,0.019890017132797377,-0.0026827648551814827,0.00877198607283682,-0.003560638141178166,-0.005647689908851012,0.0011448198159332513
2024-04-01,7.932365205143043,-26.02754390424959,17.246434759849503,0.0057081019544134365,0.005328609411218932,0.014984507502489001,-0.003713039672307942,0.005464494472078745,0.0030427529941539013,0.024471273770679418,0.0059347355198145265,0.011850259679144532,-0.010923218482539025,0.0,0.0,0.006841531816716564
2024-04-02,-7.762045798782781,4.045240611915863,-30.76340502374518,-0.00016644197039143645,0.03798867914329079,-0.0014361253202669177,0.0,0.007094402428806534,-0.025695697921526216,-0.0030968493218660634,-0.01586227028023189,-0.0023255824434756326,0.004512255184952585,0.0003099360537872633,-0.00140110163944142,0.011411908492633654
2024-04-03,-2.311994884227289,-16.98907805928489,4.219471902647748,0.020886939519899835,-0.009485704979763705,0.004237156367006578,0.0,0.006957759848311676,0.0029569704838765614,-0.0029650568846072054,-0.001792344609898238,0.006960584947623973,-0.004404583583233689,0.002532238682181801,-0.0015529381538692093,0.00983797761446763
2024-04-04,-13.434606689224172,-24.60641082867581,11.85613026624155,-0.006903009434257578,0.0003688675807224304,0.005319851653617303,0.0,0.0019914288584868198,0.008048333182828415,0.00507758495706257,0.007722538937695301,-0.012631047106288306,-0.017814939973448796,-0.001473112719387173,0.00016193981808598174,-0.004683327025803371
2024-04-05,13.1287498024727,-19.710946076255784,5.5411113532507095,0.004879576088290036,0.0055167480850009856,-0.008447093761804539,0.0,-0.0033791133829930856,-0.010537831901277404,-0.002394535970545126,-0.003120127336243634,0.005504141991960773,-0.003733396232754102,-0.000903110594964433,0.006407216102517909,0.022107676108768383
2024-04-08,-0.45864835774306933,-5.583213565655049,-6.353640147583428,0.005375919113195938,0.0018321734696559325,0.013545688175180452,0.015947619696705433,-0.002781159449527084,-0.00015579964197605207,0.0023945359705451106,0.02020270731751947,0.009271589595557562,0.012028575865607122,0.0,0.0,-0.013538261918524357
2024-04-09,13.022864129682594,2.1875036276842668,6.033376478430441,-0.0032220821679043742,0.0011586426883892899,0.0025074755157459775,0.06968997852110717,-0.010674701065864824,-0.007507073103593046,-0.006634225758195034,-0.008158187701463582,-0.005784662027661116,0.010273137118412792,0.0029769589093616147,0.0015657268848926658,-0.002218771711217131
2024-04-10,-17.560505303210793,-11.879727139947851,-5.384291412106405,-0.0009131825042648287,0.004014359748977421,0.0049322714729606145,-0.0042774278477788865,0.008409299731071329,0.002508624708518224,0.0043807036777516175,-0.0021447052944335485,0.004960327630968929,-0.0053937563343191665,0.001783871494752953,0.005211711599954808,-0.0027804055058141914
2024-04-11,39.851800551233346,-2.224314527931008,14.795238208105113,0.0015323674811117086,0.009064053837814527,0.0014685696857687895,-0.01120770399167948,0.0035700329614584995,0.004686776271623074,-0.00042310133908102715,-0.004747295050480239,0.010990022858526523,-0.008800100247839143,0.005092336971404506,0.004812352650982622,0.0026693375876680626
2024-04-12,-2.107526020676563,-4.314353043966648,-2.7483836395100694,0.0004885595732714712,-0.008517887607652652,0.00038275070638239995,0.020351321490631367,0.0015633145445482462,-0.00015587249661361835,0.008428199911834388,0.013987123193112409,-0.00523390138205707,-0.0006549503563453864,0.005347200118103532,-0.005487536589779977,0.013460044342215465
2024-04-15,-4.560421708881076,13.868437481196157,6.138508950349586,0.0028938874672484894,-0.009141945678216704,0.01027927832840016,-0.015039716142341753,0.023330674827760862,0.013932113896868917,0.029766563129878888,0.03165288880727091,0.020933827324252096,0.001963565592165987,0.0,0.0,-0.01768979241145895
2024-04-16,-18.56503227483036,-33.85063288201128,-13.706051160600738,0.0009735835130026111,0.006408126655305965,-0.0029713946313244225,-0.021291970386631495,-0.0011027697601427718,-0.006322790745674341,-0.011333500161351772,-0.0020023671020935386,0.026778119081392885,-0.0021819777367492947,-0.0013934218871325154,-0.008838168655396283,0.00777781698709557
2024-04-17,-11.618448408798583,42.77698071474214,-35.16607539761987,-0.005529548307260901,0.0014589668241439834,-0.0013939050600085383,0.003141298053378885,-0.008095830148475662,-0.0069859788891531455,-0.007719917027793217,-0.008784829555732803,-0.006116227017436094,0.015604998068890054,0.0051699088791172035,0.0014089198860924425,-0.01741698599400189
2024-04-18,21.362815020643808,24.590337314438635,34.92759681819377,0.004555964794258215,0.004726995045093128,-0.005850201093118944,-0.005030824344603495,-0.00893860700081102,-0.003589547357933194,-0.010153783599201853,-0.010037957241267522,-0.003624619837823775,0.001933613235394781,0.0026539519097694394,0.003442340752280628,-0.017955027805341365
2024-04-19,-20.83407526190446,66.96942746556435,-52.860720219746284,-0.001982547734859283,0.009806654412265156,-0.0005741443811827803,0.0002521432186833728,0.010648447547326526,-0.002347970085497979,0.0015366350722185952,0.012669296152064982,0.004725162359092371,0.00042918455594433933,-0.0024626318860573055,0.0025187964333188723,0.0013750431867473672
2024-04-22,6.915347157310144,-8.048237430329406,-29.362893075173698,0.02445612511080522,-0.0015578193683683692,-0.0010215157627099579,0.004025669042146027,-0.0037655157886225866,-0.009289211092783831,-0.007003810672201851,0.002746332323320991,0.005172019992460201,0.0078004349148792975,0.0,0.0,-0.0026371625671844966
2024-04-23,3.1758192459121815,-7.627737774499571,8.969345471532367,-0.02442359261897613,-0.018580133256398745,0.0015956601438927357,-0.017222155436234732,-0.003951895177575026,-0.011614162846481448,0.011460642562023355,0.0009137705853444,-0.028059223716912534,-0.011992862447633161,-0.008970718962275297,-0.011674179740684817,0.008232381275114291
2024-04-24,-7.00921537652601,-8.697330290937243,-4.049483237081467,0.0017876591307778356,-0.00514454833810378,-0.0024903432301572725,-0.004865566577056165,-0.007864189516863313,0.0012793860692819163,-0.0027831913317916657,-0.007149653114704847,-0.005966316174656491,0.003977858279704349,0.000427781807785057,0.0019715910364809597,0.003183267808562489
2024-04-25,3.624618218215971,10.43590992532277,-14.647888517936767,0.0015251077832395936,0.003004202008093875,0.0008946830862644324,0.010850939428158101,0.006054858044934478,-0.009474177650670036,0.006389798098770988,-0.0038095284166677302,0.0008083421343880153,0.004816707198552034,-0.008460870203906547,-0.00654097328523418,-0.003411032301062821
2024-04-26,21.570026295780792,-44.967673093899414,10.769622992714664,0.0019112103127329973,-0.005463320424271344,0.012946807738094694,-0.006240865954178203,0.0025837582197497442,-0.0024230687891248527,-0.00471895393395348,0.02288317960325085,0.002098636656921427,-0.0009614871741192361,-0.004055526331155596,-0.002063560185095757,0.0185065087657181
2024-04-27,-2.1304815442840446,0.8316003688520375,-0.10601875359996854,-6.472701384178166e-05,0.009800396951796058,0.00916401090536246,-0.0031991837382363,-0.00017204301117691316,-0.006164847558433487,0.002362260530172831,-0.009066245237753194,0.0075508431696438595,0.008726244582263086,-0.0012816003074888349,0.00010940774962216585,-0.002238639842457252
2024-04-29,-58.85344570064453,-27.44358457158377,-39.18061626069993,-3.236507808357011e-05,-0.00018287665020941336,0.018509303058542714,-0.005655542066689322,0.0033495114409309037,-0.0003255208362079103,0.00013878287441612563,0.010749544901784392,-0.0028850797380229917,0.022731822576282062,0.0,0.0,-0.007874942260336653
2024-04-30,26.023302071078827,1.916963545333079,15.338517601177308,-0.0023654844879179657,-0.0049503538832975655,-0.008190961884562174,-0.008153801726932844,-0.00197399540562098,0.005357590540684816,-0.003196889233236983,0.009683858329191001,-0.0049883440795794485,-0.001762297662336805,0.0,0.0,-0.00782361267088887
2024-05-02,78.82653213137952,28.739228446970557,8.87285318553224,-0.0028264666889628275,-0.03408748261977427,0.0023471289342316885,0.0037615972754253164,0.0005153311116364386,-0.003406053086058226,0.0019471494330028504,-0.01462154524445186,-0.00032268473981177256,-0.012213732914586566,0.0,0.0,-0.047794643927930355
2024-05-03,6.9964873661452085,-4.743897932836005,0.6879115291451041,0.0005204098344803137,-0.016296893672204237,-0.0035846762736623313,-0.0005180005295830807,0.0,0.00048728986589181465,-0.0018079415257688477,-0.002841168603068777,-0.003232587266208397,0.0058645052359280045,0.00043897012231098546,-0.0007498857789001464,-0.0004777260332109013
2024-05-06,19.741032877885463,-2.0063474324922668,22.672362855850942,-0.00495486230644791,-0.010102404271414291,-0.0060862192590989,0.009026495845972125,-0.00559694921268757,-0.00831639526131082,-0.004604123933639499,-0.006072032743112769,-0.0024313165392858558,-0.009125777917645845,0.0,0.0,0.0015517759007670886
2024-05-07,-20.496467241312196,-17.93099462925412,-0.3338282915727142,0.007196032550259671,0.00337882062840703,-0.038610421626732276,-0.00876746204061241,0.0015530632974987738,0.014468268313624516,0.004047175993873857,0.006979666000593109,0.0011353500530252856,0.01110773235561164,-0.008086594369012764,-0.0017421068064905594,-0.005741642567675283
2024-05-08,-10.153711068615596,-2.761726261235591,-4.270974076726893,0.00965411175682193,0.0003891302987035545,-0.0011012860245636716,-0.0040225837671279355,-0.002503346294154042,-0.00973085848966716,0.0052785231604639766,-0.002422188419320248,0.007268060743354134,0.004678492704795209,-0.002075254738665534,-0.001695301535418839,0.006576217876921181
2024-05-10,26.731026346734517,21.294804956370506,11.481464358838958,0.0072995361735373535,0.002331607273910528,-6.481931617885844e-05,-0.006784109515694072,0.0015545387015187563,0.0016283996433378964,0.009788456179479096,0.01486412202248398,0.004656025108751473,0.01635754799428281,0.0,0.0,-0.0004768148856577799
2024-05-13,20.01334970891517,-32.57005016422131,-10.71442353637227,0.0043288732971608155,0.021250159582871457,-0.0031813044198133736,-0.004855333992165691,0.01719681340288652,0.00858652501148929,0.0012339756141798754,-0.00689306532475138,0.0030387868246069634,0.008231335536299445,0.0,0.0,-0.00561967163161904
2024-05-14,-4.525756322946659,-52.10957222508512,-4.414905872046799,0.010332335154182776,-0.011080798596814054,-0.0022133984689067035,0.0028897957848440597,0.0005935976430393109,-0.010214924654827172,0.0019164961375931738,-0.0027705854017474204,-0.0031989790556263093,-0.004564596858879623,0.005580129178704394,0.005502289251266035,-0.006616565492129338
2024-05-15,-11.41126191571145,27.08712005791029,-31.40747769495036,0.004954385976861184,0.005173581622333194,-0.0021529938181243553,0.0013107879711371916,0.015811935821833944,-0.0035918405963123595,0.011557678453881821,0.01840616083887051,0.0030392729145857205,0.0017268529863912272,-0.0029935740892189783,-0.0018266805675533405,-0.0018121418429262025
2024-05-16,-14.258272406726334,-14.955462190199423,-22.334164567773158,0.009990590559246854,0.0057805465075307354,0.0077421420521114935,-0.0005241090266724362,-0.011075797063544878,0.001634254326794534,0.01635863779015921,-0.010595967938717116,-0.0014385042039432004,0.0010144046315190398,-0.0011149054580519957,0.0016051050840245613,0.01058465499012361
2024-05-17,-13.47937391323452,0.7282007963470617,-13.815866415037426,0.0007739099864653796,-0.017313960699253752,0.01792013014273317,0.02395711857707451,-0.001097463281819554,-0.0031073702327692504,-0.007207719404736135,-0.015074147358378647,-0.004167340539813755,-0.0012174090983142624,-0.0036600963457692477,0.0007191825298792813,0.0020319136854064883
2024-05-20,17.06739013956502,-12.650977510283827,-3.4156837090763075,-0.00645724334813184,-0.06758067252323384,-0.0025495583955312956,-0.028686502063829496,-8.44701609659925e-05,-0.021189337720550778,-0.017704361342019515,-0.010320387164891424,-0.005152990468405401,-0.00958799674772912,0.0,0.0,0.0019086251768021827
2024-05-21,29.2785519462495,-14.392409057996991,-6.856726344077464,-0.0013713148069308633,-0.03858931906106824,0.001721664700735858,-0.01968148635908543,0.004551208867317971,-0.016362007931581636,0.0010902154255084018,0.006607549277276196,-0.005504304005582616,0.00867396631797348,-0.0029761402225751935,-0.003175988329106786,-0.013558309561391625
2024-05-22,22.28824093088824,18.24495134189802,-14.14358355484565,0.007116583013160676,-0.0020804197036970824,-0.0035741677058422875,0.0072260450917396276,0.003776914977049995,0.007117467768863955,0.01567599668198632,-0.013444445730962958,-0.0014621073191971139,0.018921659530057727,-0.0027117814454132695,-0.002916480168533864,-0.005450925010251719
2024-05-23,35.15191443198853,-38.569237284823124,-6.671225895240941,0.001887172431942268,-0.03329503719666991,0.002745588035122537,0.0267068428285639,-0.006218507433935089,-0.016686918785014822,-0.0032232098815686704,-0.000989364414118382,-0.0035830657226366422,-0.004196229556317383,-0.0024308291901374867,-0.004059211673716634,-0.007069751532971888
2024-05-24,28.230483835009714,-26.63236644410477,-11.611490831650453,-0.007881630771532118,-0.010073584420809505,-0.0156157785556575,-0.006642811792822354,-0.013664545312921786,-0.03886363405646792,-0.015317141210554705,-0.003098087861223006,-0.007698015248421729,-0.003409891981164353,0.0006639425684203836,-0.00020533492906106438,0.005367830383045754
2024-05-27,67.83184021495623,-2.1105754148485687,1.8419499556385508,-0.01225547787610311,-0.03759611482401174,-0.023393262810514823,-0.021398254048878206,-0.01177647168264195,0.009239582433481643,-0.02643569623830108,-0.023229119045106626,-0.008586578516078854,-0.024509286016168946,0.0,0.0,0.012093508135387716
2024-05-28,-20.729376905214643,12.399134486331226,-10.928481380793286,0.0035573222257976535,0.00038927167761614154,0.006410490181368578,-0.0012023246388602612,-0.009120584396808965,-0.015686596167699508,-0.0030903241337997297,-0.006819439448524426,-0.0021582145008793557,-0.028721101115997683,-0.01747506379948742,-0.01622635407402597,0.010046729644330479
2024-05-29,61.723165159844626,-19.675228765113403,1.1489646219820386,0.006764823793626956,0.003263913373169789,0.01230865349877166,0.01578177440201741,0.004614120404933916,0.004123717183861935,0.006171127578808304,0.007136970331070321,-0.006001018175794738,0.021280744378047587,-0.0027969329902525725,-0.0006762171776887056,-0.004891152011707868
2024-05-30,-26.17763900420003,-28.883006451571863,7.641011459114896,-0.011773891524663457,-0.03120574697295022,-0.015343557193925645,-0.03685509238915442,-0.01619929474016348,-0.029782480861037828,-0.017489867546362413,-0.023383862418438497,-0.020608837499768454,-0.04215832939960289,0.00924504773844943,0.006759227988700429,-0.013242037725368038
2024-05-31,19.080091852617873,-36.01883773092007,20.31474952579877,-0.011179333248603844,0.0121724721867291,-0.028348355004255085,-0.045525873195728477,-0.017363866204793684,-0.000922083974968425,-0.02055703814423252,-0.0841025028787175,-0.03473174240226477,-0.03893945875682725,0.005897949357925354,0.00251203967466717,-0.012437667956233961
2024-06-03,7.9622901350883435,-0.395344347443616,-21.831761740094095,-0.006922438950171806,-0.018516091644960413,-0.014171039815524795,-0.010484835727172232,0.011254138074423334,-0.009640415782174266,-0.0043668191663404025,-0.054483660407429205,0.013863519398786245,0.034385124274411046,0.0,0.0,-0.03432474254107461
2024-06-04,-31.971868651877404,87.89049566150548,-28.604853144091678,0.01765951795856262,0.0077034564873587705,0.023710062862283717,0.0163257241897208,0.010601742553878211,0.0026046526353334866,0.012323461504435381,0.01944536520842907,0.03358780430945706,0.0004346408848168831,-0.004592489529813908,-0.0027071232593119097,-0.016129381929883644
2024-06-05,-28.090578646413427,-22.055889867881262,7.8271260335352375,-0.005608290867711862,-0.00867057455113353,-0.0018195914310445173,-0.0111413807807039,-0.01193489833058616,-0.017430860220871338,-0.003464206697669015,-0.02859565780814413,-0.012037103886552077,-0.003918585617277458,-0.006939790242844683,-0.0031959066693781828,0.008353193851065815
2024-06-06,20.868844620245024,8.897665188907785,-3.0531256411572127,-0.005224605704111728,-0.0033922978981415653,-0.00195807091358155,0.01821855115478894,0.007266314647327645,-0.01851021268205386,0.0018779348242001143,0.00840341079637938,-0.00017057569337719622,-0.0038245143049565455,-0.00015549208204808775,-0.0012300054450296563,0.02314947471687405
2024-06-07,-20.990815777174713,0.2794401473338177,-10.994652589613056,0.021549698018834888,-0.006656409024240003,0.012225583856967743,0.010383143654429109,0.009402942868219731,-0.0038595184921778043,0.004032844296260267,0.007740437574976806,0.009507711689317026,0.007960349542901602,0.00018929150948901623,0.0013004233129714818,-0.0005003127058707537
2024-06-10,39.43538629758517,-60.746751480984535,29.962262640966575,-0.008223782183986532,-0.03127064288782091,-0.023508242795142367,-0.02932013725696121,-0.01480333667562505,-0.008153801726932957,-0.013603683015006814,-0.024618475362328477,-0.020313065083714298,0.006063905966181467,0.0,0.0,0.016748732192244126
2024-06-11,-36.57190681050924,-18.700416828405228,-15.692352897596546,0.0016375893311297747,-0.012429872966766606,-0.0034234884515208057,-0.00201438917036782,-0.0007104165115407643,0.049439725738227726,0.010003707926862122,-0.014388737452099556,-0.005880335173281156,-0.011072627238818751,0.0026328418154803438,-0.009709425336762277,0.01125531823196256
2024-06-13,46.75922844198027,-2.415920738337805,14.949206105065699,-0.0002832370870692727,0.017710026038050063,-0.015413098434955209,0.00230182809157654,-0.013144553721128353,-0.02917854059840561,-0.022171269901055515,0.0007705941662052955,0.009151406351987374,0.002834098256257709,0.0,0.0,0.000729660740143868
2024-06-14,17.541081843399102,12.703034604311199,12.657704114307414,0.005148662992051996,0.016744423046718856,0.026055851367394234,0.00801492769171125,0.01713409755611293,0.039881724524711074,0.02519611916457653,0.01967876789758529,0.006510216586000764,-0.0005443954622990542,-0.008875784556866407,-0.00844551458128892,0.005092772011289486
2024-06-17,74.58849703851202,-29.319405968247835,-23.65956438777646,-0.005337532295056063,-0.000904642522322487,-0.022648693045779815,-0.012623894513956362,0.002827356539775893,-0.022835857251722356,-0.010118617700653606,-7.553155334228274e-05,-0.010298752200574473,-0.008311508914439962,0.0,0.0,0.006149413482228648
2024-06-18,43.90184233425037,-14.745766238165912,10.649056181023784,-0.010474945064358915,-0.02938932507818652,-0.02345777903191413,-0.0165942672489369,-0.021853431776348693,-0.030314016921840065,-0.01242615214230288,-0.009562914406232654,-0.01092907053219043,-0.15763430117903487,0.009499224923085624,0.005868918082760063,0.02269988728353201
2024-06-19,62.208566852049195,20.828708526919826,6.057209205278515,-0.01164738624918163,-0.0359723091192741,-0.021694694694693577,-0.016725025394610668,-0.03384247032842299,0.021827403044521396,-0.03381025109890244,0.00342583411451901,-0.009287721193185583,-0.03320132429477153,-0.022881954324058536,-0.022166364140383945,0.003870291584198867
2024-06-20,10.400977066570325,-37.51986206285747,-14.604361768838771,0.011042762449954275,0.01801850550267843,0.032508667271831194,0.01716526313009421,0.03483395267563249,-0.0011370097870752357,0.04580045177023067,-0.00106455792883922,0.020906684819313643,0.048258390692396576,-0.051963905826275976,-0.0461508679093054,0.0012867756352352717
2024-06-21,-34.188763998390264,24.86998839718726,-36.18281420260331,-3.1832434069729436e-05,-0.004495943938427692,-0.004015079531862258,-0.017165263130094227,-0.008958930560989932,-0.014130462343713275,0.0002906554300363243,-0.017653386530691696,-0.01388911216066715,-0.0021553098676295158,0.033201141934000145,0.02617658490594465,0.0011683609227194078
2024-06-24,-14.899875136914941,16.747361824169346,-13.01884935154424,0.009851360179610795,-0.015104840375380138,-0.004598359770429255,-0.02846089769668111,-0.004738049866010661,0.00307219903697028,-0.010370355116107406,-0.027635610172086253,0.011126679464757053,-0.01805773598522985,0.0,0.0,0.0032641670390724507
2024-06-25,-11.828042542177503,18.469147777117726,6.937518006924151,0.008005693805356937,0.011371711067029675,0.021396067163551767,0.007191523611359226,0.019983485189821477,0.012573989250588766,0.019339025098867705,0.017205064917199635,0.011346176387301522,0.005155979455234265,0.02263414189528644,0.02826250930761918,-0.00443252796179199
2024-06-26,-77.71877717995875,19.10367912618345,5.492441353795979,0.014743807079623828,0.01750271003210739,0.009807385743846557,-0.0029009868424910465,0.004822729719050622,0.0,0.010172736196375149,-0.0023501773449536266,-0.0068610903799452404,-0.008781048158317328,-0.001099341650940972,-0.003633451736760043,-0.008334848979119293
2024-06-27,55.14323243997563,16.407365361453852,8.834297598295658,0.008009740387295709,-0.01160554612030789,-0.006619800756712161,-0.011379486165866096,-0.0024977711469528797,-0.007601708973725911,0.0017091586556365142,-0.00542646135167259,0.005150225976315861,0.004787484074527331,0.006047422124581721,0.004028798972619011,0.013465457248492112
2024-06-28,53.93264769313774,7.4027268133778374,26.121574127775702,-3.056655102578993e-05,0.0025044272341386152,-0.002216374366221491,0.0046289235561355006,0.009688534076726178,0.04056251789840583,-0.00399259050265817,0.0044848416964114,-0.003774236767125826,0.00025813113204763545,-0.032906753558367884,-0.033776215112865396,0.0059140892502849195
2024-07-01,-22.139175305291914,-8.968897848188991,25.967750008258886,-0.000152846771409426,0.0460180627138111,0.01582202642200022,0.019663769012909275,0.020400830104764508,0.004751470927573051,0.015594305239943537,0.029243207033227858,0.018899004652220785,0.01752523267362233,0.0,0.0,-0.00011562698746758748
2024-07-02,8.794404551616479,2.911662818395552,0.8255998724727847,0.003875086851341635,0.038777071481714886,-0.0022547923870890937,0.014088962065726988,-0.006783224548104135,0.0337009846172365,-0.0007035812574771131,0.005171114184714109,-0.0042254774270592665,-0.004702900310758816,0.027090751656134542,0.03212896712738549,0.005190023760020064
2024-07-03,-53.642086586761565,-19.01658589829529,-20.8856425896119,-0.0005178427396894903,-0.00987426401573698,-0.010866681896823672,-0.012882143394593959,0.0015694483995773259,-0.029698068064085512,-0.008907800152872744,-0.009449849318830892,-0.010214593409718295,-0.004469138511797804,0.007928648700348014,-0.002805176491461058,-0.003341594398237843
2024-07-04,19.555475473790697,-30.53444843251766,3.5469708357103253,-0.010844697773291497,-0.022580168675407332,-0.016876272218417733,-0.01733620060101669,-0.02211056820952834,-0.012057142776556196,-0.007126598007148041,-0.009230834775530543,-0.01257011815962358,-0.026322427347624244,-0.00047174450283668875,0.009431872591581092,0.012160296685402123
2024-07-05,70.22867486199982,6.964769270737742,0.40420043965563995,0.0010467014470384624,0.036724226479402274,0.0127879874124376,0.02992063634232522,-0.009846123225164451,0.007689528918123062,-0.010063339670121754,-0.005424267464719263,0.004667654770634307,0.004849606463845586,0.0019299027805593878,0.0042275464998369336,0.0017089152549687743
2024-07-08,-26.628194382786393,-22.29262736927183,-13.920792216837828,-0.002865640489998955,0.007859204238072166,-0.014547745723883862,-0.013640322407023266,0.007616865536162556,-0.012848928607070624,0.004612953257154342,-0.006704632584116408,-0.0005175537077486283,-0.004192878260035927,0.0,0.0,-0.018844634411272567
2024-07-09,13.655375305233049,-3.6806326173159363,-10.05213575724647,-0.012669796534257684,-0.029312237995633053,-0.022226303185399265,-0.025836490233374344,-0.06547927178301335,-0.019023326374578597,-0.05134628314259207,-0.040874144399018444,-0.03351484831695454,-0.048284777193064295,0.0005479629360212201,0.007121081674749763,-0.007568296007628638
2024-07-10,-23.997880176333602,-31.431700885937957,-2.9379664299156785,-0.010397945002247807,-0.05161155287978198,-0.03698147022117567,-0.03819908868165542,-0.04304042749954253,-0.047426003739615454,-0.039214657153450835,-0.05021311219468376,-0.05690652466985106,-0.04063828074579834,-0.0018811178043970582,-0.0033265809802465757,0.0019849384764597873
2024-07-11,53.728365384340776,30.667617522261885,22.684588857632022,-0.06797163164018108,0.03289660470467121,0.041079100051532993,0.014377244454208469,0.04703548655611287,0.03186591750534687,0.023805091424671625,0.06726058623869725,0.04325198266045927,0.0564964394573118,-0.0016831746821165637,-0.0002527990161644599,0.0008161838032518753
2024-07-12,50.07231151628734,4.872912445437962,2.926984453787186,-0.012447446797211912,-0.017398947608316808,-0.00886332590337184,-0.006683665873606943,0.0013281474298424644,-0.020284671171505776,0.005366876333629433,-0.004254813146294231,-0.0217618535760788,-0.0020365223249309344,0.0015115750951254108,0.0037811108056227936,-0.0017497817237875951
2024-07-15,-34.92736155085559,-84.14082374656087,-33.646867257907616,-0.02716134989761173,-0.003097143897899336,-0.011794821848288948,-0.0201603473457314,-0.03747782634070439,-0.020704673361691166,-0.015566315702522532,-0.05370972729917907,-0.037100573626691155,-0.03428591286743304,0.0,0.0,-0.004915740235922709
2024-07-16,6.681724803789363,-34.05812707677764,-22.46876068879966,0.003054616773956708,0.044757900641493625,0.007878651784199546,0.026844013219338284,0.01736798462351162,0.017577227497496267,0.0072738848917908395,0.0037281859824052814,-0.16550292664820931,0.01811896258247556,-0.0020512454311374237,0.0010779949087079154,-0.011564915301735198
2024-07-17,-52.55622482116194,-71.57401971156766,26.677962872826914,-0.0020002463111146113,-0.002247191956904721,-0.009784670981567992,-0.006683665873606943,-0.012556742586969179,0.012644852851085091,0.002618004113306386,-0.02085189206099683,0.008341836220786455,-0.02418514468890762,0.0053915711323030404,0.004986248189470526,0.009803421099565333
2024-07-18,-11.421289509141705,91.90797766918165,-29.474477255054392,0.01792880176645752,0.04208746376383128,0.017096920757518872,0.023979694524323938,0.013233627010627969,0.03737511749939543,0.017532273148208922,0.03670992459438889,0.027896429290917672,0.04048799223574452,-0.0022135343018563247,0.000424784355628645,0.003754110462487732
2024-07-19,-56.39562615360044,3.6719498882607295,31.25486851559762,0.0002414917300819364,0.008209029949533762,-0.0026725430331657235,0.0015576327136836792,0.01325158627292918,0.010927046402540622,0.0015101180761673677,0.01757543486729563,0.039598538980071804,0.020843893207315185,-0.0024073309019758686,-0.002108038766908756,-0.013557531562053145
2024-07-22,-3.4030095726532372,35.9539473250398,-13.921414983487903,0.016455786053364577,0.0055621309917954515,0.01364865667096229,0.01068204289937059,0.014583591799092216,0.015172578788043463,0.0007542047269039846,-0.005495195292252511,0.005232874316658512,-0.028893598997431692,0.0,0.0,-0.02026326749921848
2024-07-23,82.12194973313063,-5.934072676371913,8.877107496919413,-0.0010864030944624688,0.018519047767237312,-0.005006805395216679,-0.01395587854618585,-0.002447290378074705,-0.014436066141971559,0.000602954495204124,-0.006601228691139843,0.001877151453284588,0.003418806748785461,-0.0010805217386173048,-0.0035723835805961863,-0.01944658603522969
2024-07-24,25.872191475770183,56.32352529383123,5.8735552793911845,0.004406189341232742,0.019646126707520462,-0.004815822425116246,0.021472980753133537,0.003199099453989675,-0.0007365126460719271,0.005859831958115138,-0.017622705194565935,-0.0004168403561815688,-0.011671948505505979,-0.00550037227596556,-0.0031304462521293858,0.011542367829487763
2024-07-25,-5.228302491611588,19.535434391693617,29.302103468091353,0.0022970654967476778,-0.011992933354837124,-0.005346060991584986,-0.009983955138464208,0.0003756926878040501,0.004227558910972312,-0.014942546532434436,-0.00532253189109916,-0.008583743691391442,0.0006903693750206325,-0.008614415603675119,-0.011420532102728814,0.00048822166232801936
2024-07-26,125.07980839080552,-46.464010479875,12.24762368274705,-0.010412697741086952,-0.000740466527723695,-0.0018125797966052396,-0.02421804167266148,-0.020971494961991508,-0.02150620522096362,-0.011163048866864072,0.004985434298154793,-0.029878449622737006,-0.0037336695520489493,-0.013261402464496572,-0.012847096586371223,-0.013761121444085781
2024-07-29,-46.919302196587424,-68.69421681282758,5.253786197739142,-0.023178246694948654,-0.030153794028871878,-0.02386748140664343,-0.010013593964468956,-0.035529796113170566,-0.04445176257083392,-0.00555128642255894,-0.029858071562982487,-0.025006786721258067,-0.02624896300357248,0.0,0.0,-0.01119693210782517
2024-07-30,-67.88801772665211,24.435507409603783,-28.628544849948188,0.011863193692062986,0.010706659093350283,0.011527505171067414,0.021492609859700654,0.021138279072700255,0.02686930754790693,-0.007917451900242374,0.00692343743484652,0.009945932358332936,0.010469818332039577,0.013321481398991742,0.010325265294633922,-0.015635169091035794
2024-07-31,52.5126483678095,79.0808793336859,31.235330241430585,-0.0024167109984302715,0.006849599622677829,-0.006782185967668269,0.01735939438508354,0.0038838771027924217,-0.004779666875858988,-0.004373640211447516,-0.008139982597050632,0.011371213714913272,0.0016875267680702087,-0.002607509109616244,-0.008999552825082881,0.025098569313523188
2024-08-01,-66.50649314140733,35.25095657120663,-48.57228101336402,-0.007250556472681484,-0.009496604382444276,-0.010783579750481519,-0.011746657480126165,-0.018682990731757054,-0.014088817428523645,-0.012444044964093568,-0.010488689810691615,-0.015337723983709946,-0.008749703012356799,-0.0025620653417418302,0.002357481649595579,0.0013623136666345234
2024-08-02,4.5854451185819,-2.417451117582263,-12.25452695596345,-0.004081994329212727,-0.004554087567251184,-0.014460261001258667,-0.004987541511038939,-0.003164559602962914,-0.010354688590852812,-0.012761379116663906,-0.00909137291476233,-0.0064237677978026715,-0.0038344149799266016,-0.003790748050980522,-0.007136571095016685,-0.031046294147902494
2024-08-05,13.534276860496423,-19.472422947274623,27.93390955221676,-0.037580330886654745,-0.03247289574525797,-0.026676448307424414,-0.032394067811003964,-0.021829243680424302,-0.01304624157375963,-0.022896185712623814,-0.02404997465040176,-0.021110148396122647,-0.023174840686311288,0.0,0.0,-0.011943890783465617
2024-08-06,-31.293771060082083,36.59851492729031,-44.20150544955103,0.014093116529320873,0.011330459171448674,0.0045862725653246185,0.007717080098563407,0.004545232813671341,0.0049618043645151075,-0.0027962844110876496,-0.004186772294049187,0.008812620585716462,-0.0007283852022813144,-0.009795639047548654,0.0020549706302252935,0.0025806465934914914
2024-08-07,6.220836394307915,80.61669058778773,-16.72107655435455,0.00997159259585221,0.008818808604255003,0.00895620563598544,-0.002244669853823862,0.024488581876896016,0.0017802398134586026,0.026815615047232993,0.015116830070549396,0.005608539659609617,0.012742715140442817,0.0025571447292473902,-0.00015478262209006895,0.017753834987154597
2024-08-08,-56.657966820584065,48.39716776326931,-26.33922044668002,-0.003941136667653475,-0.013179506995460416,-0.014633840953850348,-0.013900336953990742,-0.010379176850915668,0.0059113472630571645,-0.01583999499798575,-0.018314201816552283,-0.001343183546467737,-0.00896089245127117,0.009229905127715909,0.008727052569227647,0.0013916125972804163
2024-08-09,12.815947180907333,40.88151193978709,-4.994494334044824,0.001244378238188061,0.0038943892197806276,-0.0003120368228766779,0.004708947566387719,0.004955902699706601,-0.0029513056345803093,-0.006210185018278823,0.007928954731817267,-0.0029164350452924115,0.0043459433895472075,0.007046315768229337,0.0031004114736918197,0.008810629682154906
2024-08-12,0.07537164604740276,-23.96427347277732,28.480730620392006,-0.0024903068830680543,0.0005440062306302021,0.006222311434567117,0.017980898630452033,-0.007941276595730056,0.01951281422358172,-0.009057287112509568,0.0004537822830512177,0.0,0.0056216364265273796,0.0,0.0,0.018007316754083826
2024-08-13,12.95879908594346,15.316604435725472,-2.930418685195788,0.01126353423206103,0.013734783812869168,-0.0006204917596116672,0.01672490862593384,0.0015933084430235025,0.019139340210697506,0.00758078778759169,0.021720473356154634,0.010726359825317892,0.007589354104994433,0.03836409135949587,0.026748477230351408,-0.0007387343354918146
2024-08-14,-5.77866296065204,-32.31552972417466,77.0172618065752,-0.01276070059021446,-0.004993672267819705,-0.009275564378194526,-0.016247695541239223,-0.013423020332140661,-0.018559798032784403,0.006545596926203296,-0.012957600534281691,-0.010951053680886388,-0.009459723688449665,0.029702079444727105,0.039284279847076053,-0.006797282551296535
2024-08-15,107.92669828367802,-59.33899379799844,42.838330528410445,-0.008274723481316885,-0.0174025522956463,-0.0059692291601696,-0.00606159137859538,-0.004143303385758575,-0.006393512043332916,-0.007531142341060373,-0.014313135011408249,0.00044933723514943824,-0.004908339578470489,-0.02905746666240752,-0.002440350307454918,0.008151212230706337
2024-08-16,-1.6771351032170068,-1.074923904662467,-64.45635836012359,-0.012341590932838887,-0.00976539497680499,-0.017082209358561046,0.007015334893904929,-0.008236357507059925,-0.020222540520284923,-0.012734811977656918,-0.020090990036601912,-0.01767551115872233,-0.005077994226943583,-0.01352917563564739,-0.02004425809908931,-0.01511988154679978
2024-08-19,-8.476478971760315,-14.54950246818633,-5.239565883664495,-0.023694385565999742,-0.0005541262758056927,-0.016319638327014354,0.0009528347552718458,-0.012328078879334129,0.011241613307290576,-0.015431369613280092,-0.02450179110329313,-0.01011038024017756,-0.023696744994791887,0.0,0.0,-0.01004024498523259
2024-08-20,4.621807686951682,-23.407441301136576,-6.134657052957657,-0.007373201806859749,-0.0034901280767539317,0.0014650824694529456,-0.014549781014731186,-0.004558648590757299,-0.013624457961370762,-0.007976283272356005,0.0005722460814242363,-0.0172377899750552,-0.0035810244177060277,0.008375119325734693,0.006208111140700934,-0.02064556571821138
2024-08-21,33.61305650305421,23.705836150479207,23.67779544056321,0.0027385457814327933,-0.019821697799832238,0.026010939002617566,-0.022311812289426983,-0.0011429166395556963,-0.010592684235230765,0.02789159297329732,-0.006312789974375787,-0.026909588944078494,-0.01278693616584844,0.012778889944103991,0.012739985358806544,-0.0012884939290701187
2024-08-22,16.68023435809214,24.474993695972497,-31.894728363553924,-0.02016983215940034,-0.0402716785811352,0.017205908218812894,-0.02113750995058362,-0.010765716729767283,-0.04626171781607336,-0.0029870583112800767,-0.023788684277228363,-0.060443609959663996,-0.021578616755494443,0.01087626399854989,0.017282235959835753,-0.000515862791940303
2024-08-23,43.80651646129667,-83.42884963966117,7.489761646271426,-0.0080599169771004,-0.014448662032752548,0.0014011055456249694,-0.05054106532046414,0.006180942625998379,-0.027305450690267446,-0.008512110145658006,-0.027898591295240468,0.0017932629373326946,-0.03111012868879421,-0.004351437640900898,-0.003243089423837814,0.018911884884510774
2024-08-26,104.11747220552137,44.77026190384876,5.3222532409947405,0.022443739607161513,0.08206235883552065,0.03320124428994242,0.04666476485711841,0.022308061305224617,0.08931552547448005,0.018599008402044516,0.03757939833308313,0.029258076894717662,0.05087028760116243,0.0,0.0,0.027221058943730236
2024-08-27,-28.904747718644852,-0.8634935901866396,38.64184983375839,-0.01859758101968316,-0.018546318990239365,-0.017993880318501236,-0.04790403207777417,-0.02492244187929546,-0.024831071542458453,0.006232593572214553,-0.027626066274931152,-0.016541730564364025,-0.0334675386432486,0.005314041695265369,0.008544321980383244,-0.012644274074197125
2024-08-28,15.284783949175221,-19.291842234580617,-1.3101652730857742,0.007533928592861256,0.0003213109514350253,-0.021293050226501242,-0.007111141077502234,0.003240816176097497,-0.007734620281617954,-0.012338726910211654,-0.014510532714414465,-0.006337960118367106,0.00015682584522062505,-0.0032064601901892072,-0.0019689063795743896,-0.014197110119670711
2024-08-29,-22.85626552370259,-10.519508783433297,-27.939717228210363,-0.008263561312774914,0.045223185745151565,-0.010225842272980635,-0.006802747322752412,0.008108152528422525,0.019225523858420468,-0.008478149029246308,0.014710592733087136,0.007853111923377981,-0.0056612826152400405,-0.0003914159686457963,-0.0020678098035519154,0.009069214448070066
2024-08-30,55.28583756854074,13.075315526412687,-17.008891318220176,-0.02276887543866635,-0.057668796525116875,-0.028713176329227454,-0.025101354278056747,-0.014810450106952474,-0.02086151604335144,-0.015139061215684266,-0.05742909283396934,-0.033092669584845254,-0.03465772828710389,0.00010825605520051904,-0.0030257387279143395,-0.011222613215472852
2024-09-02,25.36240289536704,-9.730624527182242,22.511139210701142,-0.04066644233013498,0.007211472325558973,-0.004893973878862446,-0.051593869846372986,-0.044695375494987685,-0.019843561412724933,-0.04329680575332419,-0.02684004378981362,-0.030722755324200397,-0.044229152841869394,0.0,0.0,-0.018945779177114305
2024-09-03,19.295982252470214,5.9723775758485855,-11.645455338150043,-0.0011057644210550094,-0.026672611216829872,0.011220542145985262,0.00868982971399434,0.02987558484226958,-0.005652689604100483,-0.0015941904005105142,0.003259101200906703,0.018124163487878844,0.0035772118888976055,-0.01602074648724988,-0.024973354628279116,-0.035649944224756466
2024-09-04,-53.435207474270086,69.1804800540487,-26.61615693717601,0.0360968673544485,0.015305161756723279,0.013013277062910849,0.025625393822387245,0.01880469525474826,0.014796560462567753,0.033641516687690484,0.020397916028785882,0.010771153656434091,0.049267779018571004,-0.015559083083158128,-0.014707475721476659,-0.010906995623193232
2024-09-05,-41.75029391688005,51.21465248643538,-38.93112975446256,-0.0007512405706887554,0.010559760215002253,0.0011166947000751544,-0.01739174271186922,-0.0012566762571196868,-0.01837212426771941,-0.003778125737493057,0.0015927797367861123,0.01529914451168331,0.00032367697320961696,0.003571017974139106,0.002658709805585556,-0.0020329342232197375
2024-09-06,-49.91767465078773,30.076698625201516,-73.01996911271075,0.007683404295315532,-0.006159850892393276,0.009520858970659036,0.02038575692447396,0.004078437025813709,0.01588662174540752,0.013161458254397166,0.00918842605440617,-0.0038674793597373146,0.006451635281488595,0.008683770697228877,0.011357421798540695,-0.027508267306713925
2024-09-09,-31.077624629648668,0.8315133473276674,-0.031823938937868515,0.03297086790940902,0.016449330740803687,0.02925823391979588,0.009854128265244238,0.03022123302200274,0.03083449997362216,0.036021903600234266,0.03186696297789392,0.027266308836269373,0.053982601003671485,0.0,0.0,0.0030632159847814723
2024-09-10,54.16541439313252,-25.81011777631159,46.66091676544974,-0.007701143665415277,-0.012878478058315792,-0.01312253489047158,-0.019995060241293612,-0.023460585294516504,-0.00868429167800279,-0.02437325327157754,-0.005514156726906036,0.00025135101301112833,-0.045816676193875694,0.0075618232975219616,0.007172327599312045,-0.035806556366506086
2024-09-11,-38.242480221022234,-5.340661490166357,20.184710075801465,-0.011896423194178567,-0.014853778362941699,-0.0033466972903216617,-0.022524334578486262,-0.009582408496180219,-0.022357612631113494,-0.008596765965992159,-0.018498951544608944,-0.013918989741674966,-0.04317686199974529,0.008015558238290034,0.005916001889696595,0.017709688782945626
2024-09-12,86.33879580071536,-43.41100615328331,-2.632638429726336,-0.012745480742750375,-0.0236283871042495,0.005364861446558781,-0.020478531343540562,0.022149528978569116,-0.008540828920120667,0.004560433543531703,-0.01428745808194051,-0.0045977092486293196,0.005976113403341728,0.0016734478458156903,0.002411033479371408,0.027230615001044726
2024-09-13,100.28542976308496,66.64222646974214,3.3251147211985606,0.012939110329956236,0.009468418803627561,0.027004892121713576,0.01097404703197687,0.019362964925701456,0.013093816917727598,0.02315419504680812,0.056064456959786964,0.0035778213478839024,0.020801667263021222,-0.0017074722215403813,-0.003494212356566141,0.0016517553652161062
2024-09-16,-9.166571144163518,-7.79484923120357,-11.310226254884704,0.021225224059272532,0.015064016030163165,0.02915788562499708,0.03654860059566971,0.03608791486095047,0.016789911202960094,0.022630188371002505,0.06983285473667643,0.057016680440235744,0.02497328438608243,0.0,0.0,0.002060864918452417
2024-09-17,53.19145083032007,3.935095946570751,7.569637721968501,0.00830538203104451,0.011191555768902696,-0.002569091588114207,0.0035637288021356725,0.003190720618507747,0.008693070007125415,0.022601630560883726,0.06063010958283159,0.00983103470032763,0.022975145142606675,0.00035884399944154566,0.008808523872240648,0.012818940026009043
2024-09-18,27.541188260553373,-18.938088341728232,-2.944734329000604,-0.00978492478088458,-0.007501665968786791,-0.008488075466188951,-0.005632759917371083,-0.01497791081415697,-0.008896136308970603,-0.013627211353550056,-0.01718072724149595,-0.022440319126226415,-0.017456802404159907,0.003142880856643032,0.002236857183106907,-0.009393575301202198
2024-09-19,-29.67813013031239,-18.212767312677855,-9.240296411651233,0.004167461989173493,0.0004909581965893742,0.009663336362446569,0.04581796682222903,0.0044974655394562175,0.012713318241778359,-0.004156680645186534,0.001338987033350384,0.007293978362553626,0.00141409403719782,0.0026433600463088955,0.005240138606659779,0.026455855279686274
2024-09-20,-21.754048238480163,8.312184099540394,-20.54981609977202,0.017167481859051016,0.0013080446600153889,0.01262007485012282,-0.016136693180802103,0.029982067039760724,0.004601388532787929,0.011943768067975657,0.05459292934543073,-0.007782140442054963,0.034869314780049177,0.0111192169617562,0.011788453417026832,-0.005744455045822543
2024-09-23,8.535848713085073,11.995654298207317,-3.264590125913717,0.015085578846457191,0.06292877030128502,0.012247991727890623,0.008372819208604958,-0.003889025532409605,-0.0005989817489657307,0.014770853088556888,-0.007631035844063649,0.002681947237214867,-0.007152126660389497,0.0,0.0,-0.009152150020164384
2024-09-24,9.125514794024015,26.743898211839433,-5.228612846172499,-0.0009156000566392674,0.06934570528288499,-0.0040180867721470274,0.043276836459952235,-0.0076321683202548955,0.03801398144312778,0.0014028526967494119,-0.004521227578012888,0.020485112044319458,-0.005666605254163381,0.002411428619371628,-0.0002896331221047524,0.013430231411242746
2024-09-25,-5.496372676179554,1.0889674129745257,4.144800661028621,-0.01893827869015075,-0.031040107837515717,-0.012661602426508479,-0.010469472700801227,-0.018753570393927554,-0.015891807315489295,-0.003120127336243634,-0.014554793388547123,-0.01635438086402762,-0.011119805698678598,-0.0006222340123531462,0.0018477557547727434,-0.008709105760788791
2024-09-26,46.59049463190168,5.735292530973927,12.649421080569047,0.00029868578477727206,0.014003674716403009,0.003343755387027976,0.012723483191298566,0.0005853087670757732,-0.00804162419295946,-0.0007815553348201155,0.004501003011260517,0.002905571051414652,-0.013131343914629093,-0.0051195738059424,0.0006360997440974359,-0.03408254337144125
2024-09-27,31.41827231896295,3.430956264862714,-9.740757258438279,0.0007090213936359878,0.022675076232517678,0.00354957089700883,-0.0006930007207350915,-0.0033212885859505454,0.009798236335882018,0.007012105085456258,-0.005282083545655307,-0.0004836759465515822,0.013597146267589694,0.00020996193705309806,-0.0027357785938954605,0.0009741841978434143
2024-09-30,83.8912885249383,23.287093201211945,1.2358840479865538,0.0015655288720025173,-0.016577938958407187,-0.005874477494933846,-0.02066261569772719,-0.007069943038523001,-0.021086602565800337,-0.0040454388452990965,-0.0161039713370531,-0.00048391000218443107,-0.024195995782101822,0.0,0.0,-0.0008349569090699831
2024-10-01,33.384793550348206,-4.955735835516795,18.776425740237144,-0.0082277288261776,-0.014431737356142976,0.013725564028739583,-0.02182164928803772,0.0046207622893831065,0.003578532645892399,0.008074578032278217,-0.07757531128602874,0.008194791581388255,0.011385322225125429,0.008777756024536601,0.00945578800967514,0.03864225739972745
2024-10-02,-11.452722284694193,-34.20238409599302,0.925939967073172,-0.026561683312017102,-0.030487211936661342,-0.022125598812334453,-0.025271441924237446,-0.01941231603270622,-0.02776838377105052,0.00478285259515267,-0.036508909056897104,-0.016945455101573637,-0.019208464223381558,0.0014578183975146066,-0.005036009906163149,-0.004968120322722799
2024-10-03,65.74560770433982,-12.483385991737157,6.039137244154953,0.018871367581053764,0.013158579275217354,0.020258452847989255,-0.012879319419385662,0.00010000500033327544,0.013578078703767277,-0.001078001182395398,0.008566838863879371,0.0072975269118534195,-0.004820060745893503,0.012214339281231557,0.0076685288647470725,0.03361883571582857
2024-10-04,14.012121801332224,-0.8025288168742846,-8.15966030214493,-0.000605670609422688,-0.004116926358267505,0.0075904410261511315,0.004685605049076463,0.0037927982386962624,0.006220547800255584,0.015442551354584187,-0.0046189458562945285,0.00531787571822076,-0.004681580913156251,0.005495667327049796,0.00399686172585635,0.02112119725983834
2024-10-07,28.706644355611985,-34.30686914794967,-10.121050788072706,-0.0026541306245689987,0.001349224400765385,0.006541547786589598,-0.006942517799434567,0.003182815497728982,-0.006220547800255634,0.00423921906620273,-0.0012813564416438406,-0.008959982451539464,-0.012210163906931396,0.0,0.0,0.024919487299010317
2024-10-08,-61.76506696243678,-28.71945725174404,-17.443226595468257,-0.0037657664464215324,0.002468859967978905,-0.011619334488165295,0.00169316191329092,-0.0033820782262950883,-0.007881216907936956,-0.06121022911736926,-0.027903205355898738,0.0014584348720262331,0.014634407518437777,0.01087136166997527,0.00419178501745176,-0.03671298381584445
2024-10-09,19.226033416974534,4.822746734511384,-2.199612795888696,-0.005886192127796815,-0.009912223531738484,-0.012990007295751262,-0.02454694650846113,-0.01192817230018778,-0.009171571474782507,-0.015213111009848679,-0.008248939284405926,0.003636808469624424,-0.012180418556871072,0.0004475139116214822,0.0036228214565765266,-0.00971824946892134
2024-10-10,-37.56556661665986,8.657383302126737,-9.764023344990122,-0.003379159962263973,0.0013574662718002582,-0.0038572152186334826,-0.0032802730812544925,0.003824481312171552,0.008968669982760536,0.009090971701251884,0.015927295860984982,-0.00315113580344845,0.0034254988230274425,0.00870632809027,0.006868271552212157,0.025454517389133423
2024-10-11,-36.703094549715956,9.180212183367232,-8.07496949323639,-0.011762110376409538,-0.006578224923771264,-0.0029209893705704694,-0.018728600481350718,-0.011314394869085347,-0.0286116048707464,-0.007298710529029305,-0.013374059525256755,-0.0019441075382021743,-0.005879487784594166,0.002998132405432803,0.0008444292362426311,0.003547900325779624
2024-10-14,-2.0156078500979056,9.642134522873208,-16.05085041482231,0.016750034618691255,0.0007583226267694889,0.013727201064636749,0.03806119607964344,0.007792378649707267,0.012038335502766555,-0.00604132786910415,0.0043763745997987815,0.00315725823897204,0.022192536285919856,0.0,0.0,-0.021995771689388426
2024-10-15,6.185107732122239,-17.179392301871722,10.229296938820104,0.0028663718006741593,0.015420216037551171,0.008547367533554373,0.028039220064393126,0.004827040748315944,0.00493929796116665,-0.00328084283790679,0.01681727364208807,0.006043775196017256,-0.004817738562147076,-0.011764811153855402,-0.009641911589744274,-0.04239097751052273
2024-10-16,-29.03406705034561,-17.012125922412586,2.7071320395311442,-0.00970229841688572,0.02411532370135447,-0.001574690755566994,-0.015604998068890007,-0.003920193993640212,-0.0037021844013264728,-0.009078217005929649,-0.007417093239270321,-0.005801321564086513,0.000643707778905692,0.0094245450170115,0.0018024158002492479,-0.000404776366587263
2024-10-17,-1.8527305198518782,-18.71893922545602,3.790001487807939,-0.011355170743343248,-0.008708752760993619,-0.0069726767779874285,-0.02483304559235766,-0.019321325072394875,-0.012440550245584858,-0.01688862145921566,-0.017762456339840388,-0.010478955398991279,-0.042895410258082946,0.0025191899414882045,0.0038600331928832694,0.0028299998673367373
2024-10-18,23.394564386230794,16.14472510985677,1.278798051641093,0.00241357949617411,-0.0027969987320383117,0.004534175964115902,0.0005756500206932692,0.001744037374611609,-0.002088555479334379,0.004710641281456329,-0.00441320570537852,0.0017133769948521936,0.0010070494305260034,-0.0011090205235526577,-0.003100449801548305,-0.015323372578317094
2024-10-21,35.08620959511848,31.222271491411806,-20.106550893213264,0.003958095970718509,0.0022088066703775406,0.008152802077309966,0.017871198059789085,-0.006375342930489629,0.0018798961149882455,-0.0010075567602996056,-0.008885273870638855,0.003661666485963174,-0.002015114032020977,0.0,0.0,0.011818381122746975
2024-10-22,91.19930904463033,42.65225506531136,-14.22246430942618,-0.010863958261376806,0.0019837631868382015,-0.01002155846101899,-0.0030194399237632886,-0.0118295454404151,0.0022928618695391466,-0.0038717328055602454,-0.0008305648317994543,-0.021924760469743364,0.0021828570501111802,-0.010935653847970935,-0.012889552903924208,0.02599279957252329
2024-10-23,-28.799648827994584,2.934118534152299,-15.902701876904233,-0.013440479804341323,-0.010922617816080862,-0.004325889947122606,-0.01581135901572656,-0.021097828964635926,-0.03366465884704238,-0.010000930885225558,-0.01760313685703861,-0.01202720586653189,-0.017256391666958484,0.005183622925357865,0.004438343655176114,-0.009784555121039767
2024-10-24,51.46765757457122,-11.997006336753875,-13.692400656113161,0.0024967812435573054,-0.0047604969403242684,0.005548164248192876,0.00917437627604145,0.0015978698472952333,-0.00734820682708784,-0.0006816632847456984,-0.012016946863340483,-0.0022712943518189937,0.0015346579872762354,0.0004771523308750302,-0.004630887975689524,-0.009210503609587903
2024-10-25,179.85893134427891,14.331126641859548,-2.4499682439824433,-0.025212261517359887,-0.00838579337627407,-0.030347357662607207,-0.03662135468853665,-0.02948855457591985,-0.020379800336090062,-0.024505108861054913,-0.03683135853114344,-0.021967677766043407,-0.02554064628980563,0.0010580309718952621,0.0012676202322217328,0.020178568632727968
2024-10-28,40.33805862705278,-53.20817759320434,2.9014824667028796,-0.015504186535965199,-0.06307593209469997,-0.002521508307204282,-0.053091884071516965,-0.04794093048326239,-0.03951298521636697,-0.05383431105611006,-0.028941831989677484,-0.024576400335012703,-0.036853302684786815,0.0,0.0,-0.05650151307402875
2024-10-29,-10.883435082882885,-5.889125962683778,6.170018914082864,0.0004121841697201221,0.008770587237157793,0.015253971023697388,0.037177484141729694,0.01733027069500266,-0.0034606102133523872,0.008810629682155126,0.006378153740753393,-0.012250486094220534,0.021174306254136376,0.0050502710317186054,0.00676088030968063,-0.012313014104684043
2024-10-30,-23.481457831214726,20.532836591394346,3.1324076331385546,-0.004998874304176064,-0.01737642311371585,-0.0066035899226106615,-0.022304249836069844,-0.00748812212339047,-0.003936557127091265,-0.016398340741429242,0.0009078529901797361,-0.008071068833791661,-0.017373052695141177,0.0009878899486115587,0.0020374030831985103,0.023376603652246798
2024-10-31,226.58736531091708,47.1945461722323,3.3272911950289883,-0.014811995010638842,-0.0029121521955903767,0.00036801236936889525,0.014857299852683248,-0.011338379500456703,-0.021339770973454866,-0.004281864496109471,0.01754036424740311,-0.014968302324762574,-0.019520824187977615,-0.0028099747318392062,-0.0020545097719141705,0.008899901286244113
2024-11-01,-23.926561405447437,11.09753619158946,-1.6044696153562306,0.0005462988390441544,0.017347045979192836,0.0073319486750147555,0.0016148570323998384,0.023337617878936272,0.012718023519686409,0.0,0.009650122029188829,0.016857386680910545,0.01608221795843279,-0.00031327998211663093,0.0028660357601587444,0.008956499009800502
2024-11-02,-2.1304815442840446,0.8316003688520375,-0.10601875359996854,0.003941304892329675,0.024381860567982538,-0.000365323498016889,0.016403648470278545,0.028070850709720457,0.01555819145042546,0.026692795091932703,-0.00209956428306556,0.008323312918986775,0.008844024796452774,0.0042949154484148286,0.0030128057474429256,-0.00773042433812356
2024-11-05,-8.61474728954764,32.192673426198006,-12.375426884738237,0.0010874112322041456,0.0005437526836116811,0.004520605584055311,0.0331737736819984,0.007629464801156942,-0.0009220839749683138,-0.0038220084745753846,0.0020995642830656473,-0.0029455102297569146,0.01320976009753688,0.0,0.0,0.03386524513959326
2024-11-06,18.779253908496333,68.86377567389444,1.998753815637745,0.018102103563252016,0.02416781096565084,0.01780933187416281,0.016183123288094348,0.013695151234573455,0.03177752631233378,0.0344119975977284,0.020972915102030813,0.015962030839780022,0.026943547289441996,0.00630192718295937,0.009841671916926656,-0.003163725285830915
2024-11-07,-106.00841861451288,87.08910663928289,-14.932372730949078,0.029646479938387316,0.02692355265240092,0.019181675987262944,0.032698436028319,0.01835887505551013,0.03079873875611973,0.01815692338648979,0.032123587498689696,0.01258867922835155,0.013204341725518156,0.0017057286647700883,-0.011098112046082341,-0.013157210202852935
2024-11-08,-17.436689576849957,20.353254735057632,-9.57984082464123,0.019925300653516442,0.0028000902533536487,0.005592855741992474,0.01954813378170234,0.012539349252735173,0.023127369129317243,0.0298275201229774,0.016609953132322244,0.03281504382199611,0.0300383352847721,-0.0015384916242312584,-0.0013319041237410988,-0.009813885312785897
2024-11-11,-74.517103356364,-35.672209714451654,-6.909556810138584,0.018386072689832895,0.0162035513646936,-0.021065275746624812,0.009455069992350084,0.018722900586208808,-0.00021170742113578954,-0.005894753911349112,0.012380574569554019,0.02736489160601462,0.050449824202175315,0.0,0.0,-0.026003928622893316
2024-11-12,-17.995671753402316,6.748308288690565,25.09882658201508,-0.019206785974786235,-0.02166361067570243,-0.004638723750542829,0.0076059445117250355,-0.01758128871399959,-0.017945365144373504,0.0008442381252804908,-0.02356197276922765,-0.03064896680720463,-0.035518051167901354,-0.0011998311881390564,-0.006802608305429122,0.002907582526072849
2024-11-13,-12.274662133702815,35.175153020645126,-16.47116941419981,-0.00419222115728091,-0.019122184094327054,-0.009342504172316732,-0.004592025024341331,-0.003532838254641827,-0.02775831157384882,-0.015820692314837785,0.007778105067965663,0.0037883616465717615,-0.013940365153995526,9.18785019113991e-06,-0.005728224629377589,-0.007215238738963194
2024-11-14,19.25331646698265,7.776669894389046,7.902123309554867,-0.020547309685863453,-0.007494073905529694,0.001082446434393869,-0.011573172883053621,-0.01478556794354521,-0.009575844244443297,-0.02306927385349463,-0.01048869888773101,-0.012939416863929042,-0.007459628457939352,0.004174788665082354,0.00035292414319492804,0.01588760364384963
2024-11-15,17.086956586325567,0.8567643634123875,15.384820594145735,0.015548578477355498,0.013284216788070827,0.012685159527315642,0.030684826729912587,0.014264978624692304,0.026497465461382017,0.010820349897383714,0.006866443956937799,0.011930589540034033,0.027084133966924658,0.006609485734216836,0.002025943295072077,-0.011302670290682888
2024-11-18,-49.13779572075124,-56.104496802954664,12.226629275069048,-0.018759885026404875,-0.03238501611266454,-0.009372944517623577,-0.006097048763018905,-0.01712136776594135,-0.020918961649559014,-0.0240679162418824,-0.02892655010736155,-0.01039958643414346,-0.02891609384308494,0.0,0.0,0.012535462721315498
2024-11-19,101.64082933823413,-35.386298445661396,-21.22817356220129,-0.0332335258334425,-0.028516130399421948,-0.016452626962075174,-0.030695215668622013,-0.026298944958771053,-0.026836653953559622,-0.03106064067407753,-0.0421791940032612,-0.050193494118430285,-0.04048171792070987,0.009298371686848174,0.009135041154596402,0.00396202444647146
2024-11-20,-44.44994361654635,-4.287964666149676,30.315104051786168,-0.014823150568928398,-0.02910707545447159,-0.006378086941809339,-0.024809736566233673,-0.02299457714851381,-0.03157912743907777,-0.01534084239385389,-0.015142457467090586,-0.01621657158924528,-0.028344473009142553,0.0009181019738018598,0.00258719125497645,0.0013625836690548889
2024-11-21,74.92424685119158,-5.318412221992955,35.294064447369855,0.014324252292251961,0.017968693542816338,0.020383613215324548,0.009558896313766763,0.021361746001431505,0.01985350740646171,0.012217849132740368,0.03520043651168925,-0.018980077399740607,-0.001966217453542491,0.0018416616109479674,0.00071096726683797,0.009621322271706118
2024-11-22,-8.766457488898453,18.600058703577286,5.831462176450154,-0.018763536614769292,-0.0380223983814291,0.00021616168978513416,-0.007344873269136252,0.002067802880778167,-0.04978510854619645,-0.0029482239891956037,-0.019501526968585602,-0.01878121076923367,0.01120908453471996,0.004585396712202958,0.002522121805963258,0.01352910596132343
2024-11-25,47.39311383854615,12.767550072425795,-11.199195680178365,-0.035319856819746726,-0.01713772896292701,-0.0077388011434638086,-0.04312067821043521,-0.013683098930240178,0.0,-0.05033222723788999,-0.037175631748738905,-0.032205198427502885,-0.025989454541936578,0.0,0.0,-0.022742014913078486
2024-11-26,34.31361501873091,-4.606443612609126,26.342793097319,-0.020622945228535798,-0.025352741871911142,-0.002471649993383472,0.0013460246239540344,-0.006302193450016618,-0.018398654649489584,-0.018212586046712973,-0.04245920777179152,-0.007038152220261366,-0.027056035197633953,0.030432151045869556,0.026001398741146386,0.0048879934388881
2024-11-27,72.47206712162642,38.95996807444866,25.108396184624617,0.01397254966216414,0.04198812655099896,0.003922713151571751,0.06400994180232629,0.05049994516411513,0.02469865125594724,0.025367213878423167,0.015066648754272641,0.031859051260196225,0.022870786617357218,0.01215808804759342,0.014804833400956246,-0.010484131703937683
2024-11-28,2.9616679573213216,16.785928407823857,-35.09029950198925,0.009937205283025968,0.007342544460688005,0.0013041590024086814,-0.007962401821542562,0.0014752373592252616,-0.013863775499784299,0.02905359579783687,0.011915436203087847,0.012183179451014305,-0.0009121591437893063,0.027692095917575703,0.023261584922348026,-0.0004107057351180791
2024-11-29,46.33252939663155,38.30948926100751,-26.463412468687874,0.034107165817408885,0.032712050751438855,-0.006537870156753478,0.02582639955989846,0.006611767802494403,0.02300065079693543,0.01964481262532696,0.060521138927238274,0.022829499278113997,0.024697064167231497,0.014410930835856041,0.026579449365488738,0.003007932265158294
2024-12-02,24.937988428924474,32.49364067488018,16.995230690715545,-0.0055972668711861285,-0.0031427561223233273,-0.007388205217671846,0.010041483123097918,0.023365065803621916,0.012605708603556457,0.006584988126232359,0.021729303921927963,-0.021703689983860745,0.0172996370850712,0.0,0.0,-0.011948229761580336
2024-12-03,-30.341768475755238,13.577194698280861,-24.330245395505745,-0.018757122234795892,-0.01972514845754875,-0.005743333657912622,-0.032965123025034924,0.0024494807103398186,-0.02658520837649543,-0.01839978311884165,-0.015127893657550285,-0.033756065387507424,-0.03817121157015611,-0.02216797273666074,-0.029171787311020138,0.014538728176638765
2024-12-04,-12.755454948737531,-1.2459426497122348,-19.94371346445445,-0.027453135100197493,-0.052212212902534735,-0.007486229974442417,-0.05779800452372842,-0.03611849636831531,-0.02955880224154439,-0.03188648598400006,-0.025208152849578273,-0.03373100849523957,-0.038929846368217245,-0.00926125226407164,-0.006955756112045448,0.001496700735211569
2024-12-05,54.29677275273158,19.954116590513863,15.761102220547246,0.03899802080184303,0.01146910342794513,0.017771363249794968,0.037299482975387405,0.03141837532175728,0.03729578474369693,0.048461451078212585,0.007171702634558316,0.029064916623010337,0.02206109287045477,-0.018550706163550503,-0.01634332567329427,-0.01341383375740095
2024-12-06,-23.186421054842665,-9.921616415515096,44.403446609581295,0.01850175835425212,-0.014161362642385137,0.0027735219589329466,-0.003333953819757212,-0.005957901547689104,0.003366196975192712,0.02060810458499658,0.02164873590093369,0.017673935350529597,0.014502319336175545,-0.008211209040205206,-0.0038539161628391855,-0.017935830127491545
2024-12-09,-52.853116710288575,-81.76542276791837,-2.8038392333530813,-0.0023151568861761213,0.01784145580250148,0.016338106501079846,-0.00875809194527146,0.011778699192612705,-0.004812328825192388,0.012976806402146965,0.004687423418842427,0.0005742176442589765,0.025550148405051088,0.0,0.0,0.020275656396289095
2024-12-10,-54.91828564365124,-41.17563716822884,2.251159659064853,-0.027644835811407427,-0.020366599727749856,-0.011394080144200076,-0.030982236704242615,-0.013222147221357816,-0.021453772609964904,-0.0022986483465828778,-0.016668880297941325,-0.022936119388780648,-0.02427521880880745,-0.0395376798784343,-0.043571712969033456,-0.0020642682620935944
2024-12-11,-21.395595674692277,81.10903694389022,-10.835569760480013,0.014494565711499808,0.00400244160865004,0.00021755683758173952,0.0048146457955404506,0.00852730291715003,-0.0019733602851753,0.016154872842374737,0.001657367375679122,-0.0035304537993825335,0.003996372257973393,0.006584503974167217,0.0104382354460251,0.0028887839058909185
2024-12-12,108.59289238021006,-83.05380397607199,57.698515014142686,-0.022323415718565234,-0.018050082621900367,-0.004797218096606276,-0.03718628065303329,-0.006774815483421645,-0.02348346735798204,-0.02880312198020265,-0.01917134062030534,-0.005911929722579935,-0.01848007947810152,0.03185956249693359,0.021945254247839493,0.00013735320397941831
2024-12-13,-69.52806018894135,6.462607472897898,-4.42121105712073,-0.0013982349564580529,-0.002124270581080678,-0.009149194653587977,-0.003996009313381976,-0.003714791187597893,-0.0012647023312119543,0.02443897086232395,-0.0072284028309687175,0.01266771984681033,0.0075430400882071464,0.006556318295662385,0.017546167988906743,0.01810188931596645
2024-12-16,21.16864797784001,40.60529540210283,-86.81712025527732,-0.013957913240718293,-0.03746432632508506,-0.003019259261834228,-0.040863703765115285,-0.013006790723826272,-0.029538554408061916,-0.038521167829195783,-0.023511605425118175,-0.03485088367987924,-0.03430612334095485,0.0,0.0,0.0017519039586188672
2024-12-17,19.362301445128608,8.391115699584274,-31.59579561448177,0.004291757135071554,-0.013427992661129802,-0.07486279411117827,-0.009639638768416767,0.006784640607095538,0.005718757462345487,0.011209663573347918,0.007284532414629069,-0.00638591192480628,-0.03670491230223388,-0.010030901679477629,-0.01623161622923277,-0.0217784570526605
2024-12-18,-76.13743194424521,19.00729017347304,-29.36744128022576,0.015986325340161835,0.007338289398115818,0.013343532235441373,0.007133895131174909,0.014561108204181739,0.01696262721957923,0.023279594157171485,0.021089410853912468,0.016939304006964234,0.01697436131592991,0.0008294870477317184,-0.003291471139625128,0.016919492168250817
2024-12-19,-25.43738064884035,-18.164648871370428,-33.65310780207481,-0.005009266709010811,-0.00827103827648703,-0.012787292402274665,0.0004180602067577146,0.037132605328753836,0.03702273754510501,-0.009530605143899742,-0.003842681039506099,0.026928687385586462,0.009434940500634276,-0.002153817977818365,0.0015116254601346309,-0.009925977205734477
2024-12-20,-526.8889385305188,0.21783672755113337,60.10471321711698,0.11768599067595895,0.07269386553991981,0.06623512684568773,0.09350366635843047,0.10038917474656542,0.09325412937725581,0.0618860438459109,0.1084922841604091,0.13090019683665738,0.10832659925609112,0.006250353767439457,-0.005088110303587952,-0.008646180260864049
2024-12-23,-419.45425914929655,-7.097656991939759,52.900804677746386,0.027944402047825355,0.03838932607469688,0.02843932502877132,-0.0007616146598157564,0.01823866404962777,0.054420390971986504,0.05843558868107468,0.01261941939802311,-0.00823049913651548,-0.012807374785127994,0.0,0.0,-0.0046974388671066
2024-12-24,-10.918729651130285,-61.82261177504054,-5.94717987123596,-0.0021162429483634207,0.01615276370245696,-0.012507434718032746,-0.00038102496174456077,0.004901112558857795,-0.03076503792595904,-0.016967028766869938,-0.00775470928739364,0.006179216365958118,-0.010858250290204378,-0.01762086219009427,-0.025388683524306194,0.02123803878524827
2024-12-25,0.14992325853107502,-38.99075375346859,52.11036656602493,0.027425557125346625,0.05133026987486085,0.02235902268257629,0.02855190192844086,0.016022513988173635,0.015178088431336178,0.006217636610870582,0.016444770466911694,0.00843455479603397,0.02263327811509993,-0.01728589568927294,-0.009740284050719352,-0.002851132200891924
2024-12-26,-58.416889657391344,-42.01570975971086,11.951165379446616,-0.007870710376990952,-0.00956870045951926,0.002215790192163103,0.015253442851682598,-0.004909359156241261,0.021712219464143482,0.002698200192641017,0.02872324109916725,-0.0022932867739514783,0.010786852301819113,-0.002610718858663302,-0.0027803869138888888,0.0016302136472757442
2024-12-27,-59.64992790829663,-56.78367389185452,-3.6506255574279542,0.006065555988224155,0.0070677222117888705,-0.0017865442276384395,0.012505826782591973,0.020340843174353942,-0.0006319115534128283,0.0077366770999384386,0.006933772001438072,0.0,0.009997541544374959,-0.0038523096091614677,-0.006194730999322215,0.0016275603755530638
2024-12-28,-2.1304815442840446,0.8316003688520375,-0.10601875359996854,0.005992334531221872,0.014064492297562329,0.0010723094997539641,0.02455202493373614,0.008424649659251623,0.002735404125401488,0.02577382227015659,-0.039343561389795854,0.030153038170687457,0.03804626917584415,0.013001941293123388,0.025353577051548008,0.0031121058877345317
2024-12-30,185.1141062676361,133.84304019293145,10.601709223052,0.023902923403355907,0.026798193154724217,0.03330596613795084,0.014828008269617634,0.016721823851171196,0.0453923288975883,0.054438251852291265,0.01643438631968028,0.04193029102382071,0.08192624103940793,0.0,0.0,0.006463798427504039
2025-01-03,-14.26042291242331,-51.48476406417284,44.828960384174586,-0.026031052187748482,-0.03407771109004424,-0.015741775227861177,-0.0247185869536763,-0.016554052690640073,-0.03286345337836596,-0.029760593539217183,-0.014938201311629692,-0.025725664400137585,-0.037171072915336216,0.0,0.0,0.023742742716624292
2025-01-06,38.75314022311326,69.7759653408653,-14.390379677676329,0.007756798615696731,-0.0024902736604849934,-0.004785371552806201,0.006545799577710005,-0.012916476902209532,0.0012442971327536157,-0.003745603300353574,-0.014861203320895473,-0.004148877214236699,0.006189096036353234,0.0,0.0,0.007964008409460351
2025-01-08,38.51539533912731,37.292849436823154,15.373143146832456,0.009539945758571955,0.008611713875177222,0.00014107357010055384,0.0051007058086135525,0.008461003178842946,0.011949050288574025,-0.017412810312533538,-0.03186292155587059,0.01673374805331609,-0.010544368125258746,0.0,0.0,-0.0009106876320548533
2025-01-09,-51.338243289725085,-141.8893431778976,17.169886693862658,-0.018951004470295095,-0.042932498682865534,-0.020162404238358793,-0.019486887673496735,-0.03193081029764449,-0.04803272019942331,-0.03228590215692504,0.010079578245781767,-0.021145519914979375,-0.043814255908548615,0.0,0.0,0.0025997674853309714
2025-01-10,46.789729899319866,5.281211428421342,24.177713276404546,0.025320567362381044,0.02067030219539464,0.01073739736173994,0.03911750155220568,-0.020831339955730162,0.04022018046262959,0.03045131977415595,0.009569451016150672,0.04350079095885969,0.0509593624169774,0.01738537974263502,-0.008177584112244566,0.027402482818467994
2025-01-13,-21.914852232734667,0.05341856998505734,12.359502879364817,0.0036879931519562706,0.03774617899843713,-0.0017102548172124483,0.018070726989374404,-0.031488008976014094,0.03886342142078396,0.021795928667313665,-0.046641935631142495,-0.008028378423118605,-0.011519429996576264,0.0,0.0,0.019636676241452267
2025-01-14,12.848321657122609,-8.324865727438594,4.881765335035003,0.0001786831059877956,0.011495248716558944,0.01486647796252843,0.013425272962368125,-0.009485727523950853,0.001586987042058839,0.0,0.012369532847928787,0.025282245474284166,0.0032825351866058537,0.00406831417052709,-0.002226299343552093,-0.006585920045961556
2025-01-15,67.225248264019,-5.518542084375775,-10.489496552064042,0.010380101021176657,0.025024509844630425,0.008814944444034049,-0.004343474920787146,0.013328015665119286,-0.001190004107111287,0.0040343723005379,0.007706557011878611,0.012861913642407602,0.0007799704006678026,0.007081415075566691,0.013204053993035507,0.0088128169207116
2025-01-16,1.471463197589752,23.56044777962436,-10.50358752030967,-0.003436246893965388,-0.007582207181288153,0.00410107272042522,-0.0028501989284063205,-0.0021937851577135507,-0.017618073319174973,0.00964613845947152,-0.008024538889591086,-0.0004565167849200391,0.001869450614557799,-0.00611117376751014,-0.0014335070061326461,0.002715045478756358
2025-01-17,22.032395913970714,-10.333732561364243,-2.6847707622275196,0.006120338210494466,0.02502958201313452,0.018419764768605754,0.047221887831423,0.015436609075275253,0.015830407732361766,-0.005182509563482762,0.005286542233874132,0.012478891373188064,0.0320113097435772,-0.0042069619127893705,-0.002736142502636905,-0.0071738093679942615
2025-01-20,-59.670719330931334,7.124859519873495,5.635321953273648,-0.019013604194830034,-0.012035235533280278,-0.02036393980121037,-0.011922164735889139,-0.03148713351622302,-0.03191545370405199,0.003556613114847021,-0.02099283230386044,0.008308120091255249,-0.02395050032408054,0.0,0.0,-0.012616493626511014
2025-01-21,31.075619138336357,-26.616062094610886,14.847445603372972,0.013070681047339787,0.006615559731679929,0.006304797965907157,0.00935641605445538,0.008149702450660122,0.02473266144998552,0.007369230106548368,0.013902480360245714,0.003125700245218698,-0.004177309393098969,-0.00409428073272911,-0.007223076474624661,-0.005672880010187765
2025-01-22,92.64363766224375,55.4142049071261,19.729366650318727,-0.005300522895460036,-0.008586866908229698,-0.0033899510135050985,-0.006604937422900193,-0.0038813467079724944,0.018647634180239667,0.0007339449870748329,-0.0028715786815652128,-0.004468282680050449,-0.02989994569567395,-0.020108054880885507,-0.016897526961987763,0.0013896787025801179
2025-01-23,-73.24563705741228,-52.82823407410574,-14.252636548059849,0.00046358207124244286,0.007354312827955408,0.0,0.009811095988533046,-0.0016680571006969474,0.006464906442592223,0.007164297037165174,0.0032962973118611924,-0.005838776973832841,0.005257719432789276,-0.0166273104538769,-0.0004231882015923591,0.0008833365455443233
2025-01-24,-1.1634557344279783,-18.55834934801967,20.13575803697319,0.0008909004028133834,0.004271190479969437,-0.0021506130596461288,-0.006583725105869138,-0.006046811298616945,0.005452788583590944,-0.005551511701145768,-0.009707260609447757,0.014977367264377848,-0.01215042925759591,0.008282623642573664,0.0040531106011581905,-0.01333268432474328
2025-01-27,69.62037648876951,-21.63474044519601,154.2929918035932,-0.0198218623604201,-0.030586564189038226,-0.018787794125524317,-0.0384283736813468,-0.03706944104159305,-0.025970375561888418,-0.022369646198202146,-0.01773594668715562,-0.024027202784295692,-0.014582241543682962,0.0,0.0,-0.008343543685168233
2025-01-28,8.043364430303576,0.126716077077765,29.08165713661906,0.011272202883756853,0.024136565381084624,0.013286195931890347,0.014460486331054326,0.03520150363472676,0.018758571573117673,0.01531286889854629,0.019128480788247942,0.007923074837327427,0.027209277371584534,-0.02003636312852295,-0.008867965823529209,-0.005169305902348335
2025-01-29,-106.01812611411884,-57.688273525342915,-85.46266088147019,0.0071951770026072006,-0.0035689611428951665,0.004459316196764897,0.004774064545213873,0.00140128006487753,0.022820561001597905,0.0017688683857451637,0.0007490236292624363,0.02053185269227867,-0.0052552075718263775,0.008547560008369984,-0.01125871176408493,0.0009065596683820428
2025-01-30,-62.47161337760776,-61.76722492730181,-11.581747984644933,0.005726190668195856,0.024648120094023472,-0.0036216782865571,0.008015091571107526,-0.0014012800648775968,0.03715946389579115,0.017084448536231252,0.007565702879093139,0.023360957556362968,0.02132613798405038,0.0004776036633590622,0.007925539452266163,0.0
2025-01-31,-6.185555809959748,-18.11895659297725,-5.606881759111589,-0.004407328975307308,0.0026305514440333284,0.0006974960176758039,-0.012954186234692456,-0.015165363883014042,-0.003321649114232473,-0.009893867990877,-0.009492898336386823,-0.016097802483889746,-0.054440671564474255,-6.529985901629016e-05,0.003646517409510219,-0.005712075767264273
2025-02-03,71.02315401339261,12.929120237111503,-30.521670102670726,-0.004212185852358171,-0.008628427332748441,-0.00013946028890886593,-0.024053272532501953,-0.014531804479245534,-0.010965633529222566,0.002336790898318663,-0.008610536462703357,0.00393959800408031,-0.016138774706972198,0.0,0.0,-0.016672522726279768
2025-02-04,52.81577801251315,19.92025888150668,-13.208144466901553,-0.007720659591923171,-0.0201837068446994,-0.010726782841625855,-0.009683249024808322,-0.0004816259785822205,-0.007503317888905451,0.001749016624261774,-0.0074866079621512035,-0.00196785894924054,-0.01469993522565713,0.01957228320727468,-0.002798278430535551,0.011320378888164066
2025-02-05,18.939121464807723,29.51699978931572,30.671890425648826,0.019562271568547476,0.026039193440848662,0.010866243130534697,0.027279010915187973,0.005955829324821091,0.03496795079816307,0.005663269329261212,0.01877280289490239,0.006761940913914841,0.023384024536114538,-0.01420541842058323,0.0018930076489633448,-0.015964452782539332
2025-02-06,12.95579533544275,57.03282473298753,-20.219235319987714,0.014981947861026832,0.01083464906098725,-0.004192292333464848,0.009094729905882407,0.011711631126912628,0.001271918041919248,0.007501477761949544,0.0005342736676749505,-0.012468716717783076,-0.005000843894161178,-0.004862942033300728,0.0022985642397732823,-0.006270449469348369
2025-02-07,-17.546099936483074,19.857436848851677,-14.213346395862818,-0.0046774729235077766,-0.0005636184452427904,0.000979774730208619,0.006399234242030699,0.003873593581759857,0.0003631082102348823,0.0017231480426822385,-0.003960401216096905,-0.009510190000992224,0.008983590612470949,-0.011747824449962252,-0.022068061701795087,0.0028065504556322235
2025-02-10,7.206007805940132,3.5424580507626517,0.0012684556868072377,0.014346750635953625,0.003938674384210793,-6.995208285184492e-05,-0.012011662312038584,0.005454217019396664,0.027570668641088425,0.004723403900948073,0.0092874967031402,0.01980262729617973,-0.0018234567837398785,0.0,0.0,0.009298685491718708
2025-02-11,17.987722609270843,-10.276289884132462,-13.091736911932976,0.01410982312675967,0.003573559490864922,0.01713118845358993,0.0024799549785434866,0.01072721447526251,0.030605762169732584,0.003563541651470075,0.0409112477892154,0.03004517843138778,0.029911521444480255,-0.0013247804511205734,-0.0017497277971300098,0.013266103794667031
2025-02-12,-7.984578039834732,14.588421824897212,5.448352807078389,0.06560915775874228,0.07820631811224872,0.054204744477533734,0.04945044811550747,0.06978429448199934,0.08954854499118974,0.04751553587639456,0.025577872083906862,0.05870760082677812,0.056048476204739565,-0.01017432297275649,-0.013058138099004324,-0.009043904620823225
2025-02-13,-149.7034053755925,223.37037318658815,44.21748121173778,-0.012498159801850048,0.07307250739643596,-0.018672468875604156,0.00657897109804234,-0.007905179507113374,-0.016897362160617976,-0.035071936397656454,0.005255602359488975,-0.0029949108938529044,0.008640999722158801,-0.018477130198544873,-0.012001734265999032,-0.0159260167709861
2025-02-14,66.93687940376172,-146.3002159942863,-19.36938579087423,-0.0007419714197515234,0.010645396864812397,-0.0055235890611680626,0.02619564271513071,-0.01999626195006075,-0.02990605156845507,0.007420405067146396,-0.02351636862632897,0.005583264753060908,-0.013219063570267064,-0.03260720323504952,-0.03203234465350987,0.0034722257107492787
2025-02-17,12.083592001369635,31.540973059519164,-6.180672347222256,0.03060441913093777,0.06867554968031452,0.03823205693891099,0.04969505971575025,0.04054079118169309,0.05894364065527697,0.04366910239649475,0.05150590847859102,0.009499378775429505,0.04763872000020868,0.0,0.0,-0.0010670936053255222
2025-02-18,-48.17702165195308,-16.39450642245384,12.737708488762161,-0.020713840446879007,-0.0504021263872426,-0.01814814212906079,-0.026394494122942,-0.01897590145900569,-0.029993612104188026,-0.01533937504134644,-0.014335774377106824,-0.031412005461040525,-0.04321292109339178,0.004421652880424005,0.0092562328891274,0.006120295847391034
2025-02-19,5.022074076337551,4.0658660049562725,-11.10087437359586,0.00941392952351269,0.029070977984736367,0.009115239882412222,0.0287073023235939,0.003043083685551876,0.020043281251020048,0.009446763910088857,0.013566099526718852,0.021315908617183636,0.020647255970946306,-0.00103843816865029,-0.0014153352606871524,0.009505022055689585
2025-02-20,-29.00224878731603,20.28589876001798,-0.3556841788493448,-0.0027260065061586528,-0.018611847194599115,0.0007126891357412368,-0.005646869417669041,0.003466508367760836,0.02194493875056602,0.0010739697635844788,0.02462218592211061,0.0023847388090180418,0.003276250138295969,-0.010045934493773175,-0.016715829891994008,0.003803033893174681
2025-02-21,4.955224229513723,0.47688769434970674,-15.29619637188517,-0.0009844552153461085,-0.011101860661221695,-0.0013610294074145302,-0.004073918045376892,-0.009387291880928064,0.013663488716801585,0.012135909431599584,0.0029068424988021764,0.007514371921722746,0.02973488932716621,-0.021421754216925395,-0.01715569782957994,-0.01676274979140574
2025-02-24,5.991425725981646,14.180892105518007,-18.16111851739965,0.004090244616850216,0.03486354521844013,0.003625303381444078,0.06873040812095595,-0.005429085138988112,0.0122884807248493,-0.0021231430480778664,0.0046707231105582794,0.001968117147786613,0.039892135289378336,0.0,0.0,-0.0057398542422975336
2025-02-25,-6.89289238478487,5.606946611942868,8.704161333333584,0.0029699863853526604,-0.011696039763191298,-0.0010991498859805285,-0.026900028766927438,0.023173091600689408,-0.011233548820820853,0.015160793977668468,0.0036280797041367036,-0.004927574767987002,-0.018192497264985535,-0.00343827298011861,0.00035783919564252734,-0.019465334788103236
2025-02-26,-20.107116191927034,29.460353643856692,10.664287627453206,-0.02152540897831643,-0.033921245049846255,-0.022769892400031105,-0.035725709232748155,-0.023524369377200687,-0.047029401620574236,-0.035965517253233506,-0.04123220648175099,-0.016937736795062674,-0.037848966953925645,-0.018013702734783452,-0.017180517049342668,-0.009049835519918038
2025-02-27,-13.228343342746829,-8.033891966664298,-2.0616740330743215,-0.010108295749828125,-0.015240204485211602,-0.00770665520377784,-0.02702470235373741,-0.02923298795543814,-0.009836665068341272,-0.033513444581308914,-0.031854836537863696,-0.02998694854547353,-0.00928320230354906,-0.00815838117760337,-0.008366743466042265,0.01855948468817379
2025-02-28,35.22578982542142,14.530097273404696,-11.210195772127722,0.00820460879917486,0.024707243703433756,0.00658093909642089,0.043551628785154395,0.005771501276440083,0.024256977645559962,0.026845392386059583,-0.011049836186584935,0.03099126719974148,-0.000592329352428683,0.02037569786189865,0.020345474113877514,-0.01060224692786321
2025-03-03,-42.85680268014925,-13.274604710512357,28.566554626003366,-0.013428257634301584,-0.00946703921822219,-0.027540698196490715,-0.03185905126019642,-0.03114264735585372,-0.023619425822880586,-0.029232531060886247,-0.008317321504683547,-0.03993568460496472,-0.01853842895364363,0.0,0.0,-0.009335597730431704
2025-03-04,-73.30235344812024,-1.5474815364653642,17.075736022649153,0.035057457281848704,0.02715942913093929,0.006990425154107902,0.03612587610936041,0.002038736689848309,0.049578951298491755,0.004768592486463779,0.025740411687597962,0.038529355895031196,0.033096439168044,0.017553788917606446,0.008835619536818459,-0.029393298696632254
2025-03-05,-11.485921953960151,114.8850455514549,122.40651016154524,-0.009016506572977341,-0.017224307287588992,-0.020774288168279306,-0.02835742370327774,-0.017934349544807614,-0.025026254292612553,-0.013665071413664609,-0.004277549422110662,-0.012746758324105307,-0.02602927194495165,-5.4903652507384495e-05,0.01124899683693316,-0.0169034249567986
2025-03-06,-54.45657825240735,51.336785119578764,39.07921688066915,0.005153174873403701,0.011515772252520567,-0.009156556760998845,-0.0038033983824814752,-0.001792368764359682,-0.013145729212502729,-0.006403437035206913,-0.0030952049073024236,-0.009822055635458809,0.026029271944951797,0.006065952960614735,0.018988276121534805,0.0021646591900117626
2025-03-07,10.850534441703955,42.715157093589504,27.103967775216788,0.0055054719031159905,-0.007953828689151192,0.006944472352810995,-0.0055849645464542425,-0.0014173007522017289,0.01361203838392731,-0.01076436658715843,-0.012781334364733152,-0.004740810693108449,-0.009386985912095436,-0.002401871803815241,0.009297990553471119,0.025897861718571905
2025-03-10,-43.36692251885442,28.33980713056765,4.137282417525078,0.0020488903761730045,-0.002743325812122505,-0.005551714467507582,0.01055573501539493,-0.0028406420010524598,-0.0015552102668064743,-0.013657047948467399,-0.01943198799991856,-0.009341012393138849,-0.01275413996511811,0.0,0.0,-0.017285780357976517
2025-03-11,47.12046530390226,-20.94821466476651,-21.96887124029421,0.006653509779006539,-0.0039237554367473094,0.008799031377826859,-0.010408361940188937,9.481818619926278e-05,-0.015054384988115227,0.016107146457399475,0.012010615047132077,0.004369999671118388,0.0019384185596939903,-0.013320074034353997,-0.012010029707166485,0.0018562152827390672
2025-03-12,-19.966994184927856,34.22327131179505,-17.81759889752262,-0.004074729810380166,-0.012577296674827985,-0.0060193214573297385,-0.012754139965117997,0.011969418617275969,-0.00856876077532066,-0.000864055353297269,-0.009844214034777235,-0.0018705190946962905,-0.009278725654330262,-0.02080963736474921,-0.01882998839637927,0.011206585826381902
2025-03-13,43.46397678053603,5.991343632300203,18.99464361674401,-0.006364631731465322,-0.0010701546800145068,-0.010463995025280788,-0.01579574022764242,-0.010453549070728095,0.006987482773470635,0.023071373658226167,-0.0045445234173224,0.01793677610865629,-0.010580509828301998,0.0006178282322295026,0.0032733811696575733,-0.009211430540065055
2025-03-14,-71.10157549174758,16.73862782578979,23.618464018890272,0.013001062411650225,0.013823471538944632,0.00273118976456042,-0.010364366516197635,0.0046281074344682385,0.009763857094891783,0.007713382328161134,0.019071633111582265,0.007126162702760884,-0.011615597509513506,-1.6162605042901972e-05,0.0030271998058421564,0.0021332582931791314
2025-03-17,-53.586267339256935,28.231670499081183,-3.9500215066029982,0.017045252056117843,0.013287683121280872,0.010158729167488447,0.026607767722740254,0.016727017106103158,0.010755305921471276,-0.0013980150466524639,0.01100965618015069,0.004655407659054301,0.03623037769525069,0.0,0.0,0.009895472321351462
2025-03-18,-31.479919968138248,34.27006760498738,43.402440680968546,-0.006030045345288946,-0.024675244594377217,-0.005484030265588728,-0.014879661317939021,-0.007627943962858406,0.009412923447043975,-0.013804980473004283,-0.01732653913128833,-0.017930390718429133,-0.009533812716378952,-0.02706734034557874,-0.03686637174596407,-0.0012668029000763859
2025-03-19,27.317835183934417,7.914326858558153,-18.362973828126893,0.0038191496464511235,-0.0011280986798254818,0.005276324376380143,-0.00030289262688047583,0.0008400616539205077,0.015241874096716141,-0.007260335116774676,-0.0037888530297982862,-0.0018520429205775909,-0.0031481923910425527,-0.03382674480386015,-0.03671200439488621,-0.001268409725410191
2025-03-20,-73.82930883158082,-55.942210029771026,-24.29531587182864,-0.0038500086055807386,-0.0014267881856874904,0.009990093075086186,-0.006686955008544701,0.0017711493793399421,-0.004700183014215234,-0.01627691679107056,-0.0038032630518394367,-0.009727904510381786,-0.006930869992696807,0.01639094684912319,0.036507237509159414,0.01567123158536623
2025-03-21,43.915111313656716,-19.224248599168426,-31.374692786239414,-0.0024408718920624784,-0.008843798304325386,0.007240468789732969,-0.010423147706457745,-0.004199922175325905,-0.007780953132729397,0.007667307001079656,-0.008480762382408049,-0.005422328196773463,-0.00896049734393787,0.018498029903314898,0.017869523826175623,-0.003058956779045373
2025-03-24,49.23719791219199,-51.55098637322454,-14.127105072643573,-0.011793580286260449,-0.01238050659627577,-0.007583298509570625,-0.030665732073783595,-0.025001302205417384,-0.017303073436118054,-0.010575976881911395,-0.026308999253430936,-0.006714250989583127,-0.039837226575871236,0.0,0.0,0.015476334873915495
2025-03-25,40.83369492616166,12.677095737825475,-7.0393091486570825,0.0010324277044516925,-0.0006078658019522664,-0.003572413802047082,0.028969378825605196,0.0005752085289457673,0.024932039335482405,0.016323944999514173,-0.002455560941341614,0.004830419977209751,0.015594550887534248,-0.006201986728048426,-0.010197464833621802,0.0008223684673990678
2025-03-26,16.077878391431376,-33.86845388715784,8.155428875693365,-0.014393269280261686,-0.015997399170496203,-0.011072777491258002,-0.029605106755471115,-0.015355944217902723,-0.022286329287026233,-0.019387181294602335,-0.012802068233803985,-0.01541252930774665,-0.0267696352553178,0.0037996864835311036,0.008872819420825004,0.014147970991466209
2025-03-27,28.875556988353562,-0.8824478307294088,0.613955068598113,-0.01042755665729489,-0.041633259558665155,-0.010704268437372646,-0.02267160374101645,-0.022340150656455452,-0.007175198464068681,-0.01264350862219521,-0.02144971708816383,-0.017167803622365446,-0.03812322603165708,0.00016033301795947866,-0.0036670653286680227,-0.0039250236490085836
2025-03-28,44.857094718874244,-9.573353285313841,18.288031642902407,-0.012645329791247821,-0.06534184962396931,-0.006209008869890204,-0.011613772476731368,-0.011309733722062594,-0.029710660985024975,0.017162137402385834,-0.022032988810487028,-0.029433268995630823,-0.03911398102414082,-0.004425112492694456,-0.015983073456400345,-0.0033960502652185622
2025-03-31,33.48513140846775,-13.912341716449168,-5.102820380969083,0.005439018847473497,0.0017862054762856152,-0.005393526665062831,0.014212442121706272,-0.012661602426508479,-0.019212574029172765,-0.021016277957459074,-0.0009050798219383027,0.01284624532083354,0.029730534158343,0.0,0.0,0.012978416589238335
2025-04-01,-0.1010058682833872,29.929253099282334,1.8455414248007342,-0.021144092330419723,-0.057857159559278476,-0.017442928697407246,-0.020484124669584054,-0.03295293500375449,-0.047295309639355854,-0.029848462486958518,0.05118576172440048,-0.02698948253266046,-0.043878006172054194,0.019626097226846204,0.020588610509017665,0.0032184552389573503
2025-04-02,10.599851043481483,-18.440455514479112,9.454220862906958,0.009419943292039332,0.012503324814568,0.01051655590332701,-0.0058115564147767735,0.006929161582449337,0.05482891880438228,0.029699929252374316,0.018538779397337276,0.004511625067581662,0.021060738399938928,-0.007344178296392194,-0.005025177081562214,-0.0029498546464211237
2025-04-03,48.69609742376495,-52.28660418432134,0.6193459534379802,-0.013219528257366567,-0.03426568932373439,-0.025545656179578678,-0.031120387242348384,-0.03210651026459098,-0.0016329200231911772,-0.035993602647905486,-0.016712294871302814,-0.010862292816631118,-0.03416290883360326,-0.003759826743619681,-0.008297316731887586,-0.06247270957215287
2025-04-04,37.48731620425937,-42.2531892147387,-1.330714587351645,-0.05700848924005878,-0.06003946527036626,-0.05383447368398129,-0.048575447487268046,-0.04757007904401997,-0.06620685106868313,-0.0492368299707295,-0.05346509353542935,-0.049917078762712355,-0.037034546368967074,-0.0020031355996499344,0.021223890825286577,-0.06297694324601973
2025-04-07,26.936540844285172,-68.3715311808986,-1.037207894514264,0.007715037132953708,-0.008958715326220988,-0.01500614325407146,0.003780042301368626,0.021077013421100948,-0.02905430231856427,0.028858120540730434,-0.004653546789579519,-0.021516604285048004,-0.02623346989861553,0.0,0.0,-0.01626800762957753
2025-04-08,-71.39219119325591,51.43905120013373,11.921874268409288,-0.01941808585710174,-0.029580304423817556,-0.010448919573888854,-0.0414510101315955,-0.04934501076858559,-0.05905296519170268,-0.024178050673489007,-0.011441772419784942,-0.01229422910795077,-0.059249073158891614,0.021177760045279933,0.01717018796636805,-0.0015484673270555985
2025-04-09,75.41492793960039,-80.09460436884099,-23.56987827228967,0.039523417450312175,0.04687043632970213,0.03495137043978482,0.08332168204983789,0.038862033092047193,0.049480057263369716,0.027159614278885958,0.039043659328456236,0.06674723796836685,0.06417332553348966,-0.008447314831936482,-0.010593592456966778,-0.05937598281573002
2025-04-10,-51.64670417306288,66.95897820082115,-25.469256122417168,-0.0032089605251483405,7.826869647477124e-05,-0.020416001171387442,-0.017730344531461075,-0.01810004164361799,-0.03697278791097562,0.027204150566404527,0.01428438748117554,0.008067348120917922,-0.034794475800616766,0.007323571813983514,0.013930699983758541,0.04312816405034011
2025-04-11,-57.79857284545352,56.856591173791614,-2.961127279321723,0.024821035498859993,0.03944043483000956,0.020569670015331692,0.026479006559200307,0.02902667505059233,0.048700482092334955,0.046332856809288024,-0.003387796256962258,0.00914083147066091,0.03479447580061681,-0.01258167871966958,-0.005138797546936967,0.006123910164453198
2025-04-14,-15.074449848927722,10.626814280651404,-19.804376966256456,-0.011101722244812817,-0.006491568690100103,-0.005238033852738728,-0.022453447609377234,-0.0035547693509241406,0.0005379718591147652,-0.0007281730460833636,-0.020906684819313712,-0.019757132425718537,-0.022545853724417638,0.0,0.0,0.01244571136209442
2025-04-15,13.477009111506952,-38.52605116974676,33.14894587631944,0.005012710457594141,-0.0034136198519245575,-0.0012364762008112663,-0.020291829905698423,0.006101977107261128,0.03816518758641794,-0.0033564424068001117,0.001898487364568314,0.0,0.006740516613842765,-0.02680765838612592,-0.004662897267690887,-0.004027890805853455
2025-04-16,-25.67169421477824,32.858615239033305,10.034291088363336,0.009385663180310427,0.003034903695154111,0.007549531273567115,0.007458745287676133,0.00044233109202909324,0.02656379587100003,0.002627738738323381,0.01318944030053482,0.0011594204197349384,-0.0005759815845134746,-0.005655886557533379,-0.005100946444801998,0.021195694428218743
2025-04-17,-43.1787489025077,-25.722554796756572,16.482737473815348,0.013210231736806482,0.03564498051498196,0.030832123361204465,0.022048137221762385,0.056838972123058766,0.02456555065160427,0.011740116001528845,0.00197998084704508,0.006468029017293481,0.019587961073085306,0.003504168496133592,-0.00373008666902286,0.028023111912862737
2025-04-18,38.249248094360674,-19.420643394085463,-48.8507802742493,-0.015840016378500094,-0.014877281320284931,-0.013409947365376502,-0.03468963023774696,-0.0038721203735419167,-0.022215767764439814,-0.0008649272558814587,-0.017067908512147997,-0.012978165936844858,-0.03800111817861375,-0.006915801409086858,-0.0009036004750158219,0.004864754931972531
2025-04-21,-8.422990237365275,33.51057115030494,-7.032179588348514,0.026673510050773983,0.03471001012304742,0.015417159130980546,0.020396202303378165,0.01074213802567876,0.03621795029457173,0.018857701674121888,0.008791999208288204,0.011365076521505047,0.017644665232932677,0.0,0.0,-0.028641575963384153
2025-04-22,-18.58280772157581,0.7058354284234817,30.723609886602464,0.013314831520921996,0.03845411051645912,0.004667885332716836,0.024110091628844612,0.0013476392440238138,0.006285781031639255,-0.00439685837060115,0.017573214448144366,-0.0018467225931646629,0.04912873932033553,-0.015485041236428578,0.004494913751158975,0.023185542374125855
2025-04-23,6.76883099576596,-17.570619882301752,19.040283784042458,-0.007231851526495089,-0.0112352939958483,-0.0031095012838889785,-0.01955587111060082,-0.023584762792593333,-0.007580070162328277,-0.014028286163188094,-0.01237897168169272,-0.0020816475656164407,-0.028395709454369027,0.00865857511871465,0.00392731047519326,-0.024396929560422928
2025-04-24,-11.109282409506967,24.950734936852736,-46.02151366410568,0.0005159958834818652,0.006326714884438211,-0.008863127323054198,-0.005256714400312498,-0.0031870843932607306,0.010948426863778863,-0.004623617541908859,0.010744539282977163,0.0018505672641837853,0.008435704724690631,0.011008152025042604,0.00564439766888327,0.002270148534539299
2025-04-25,-24.29674944834816,5.478827246875982,8.426906762160284,0.02083508405978133,0.04034228976516793,0.025555305028381013,0.03334506048463411,0.021266197793166738,0.05118920570389814,0.04114055347807579,0.009766762389714629,0.011717537857923527,0.03214529690368842,0.005958148501408796,0.0014855892151991695,0.006779686985378549
2025-04-28,-26.938380690774718,-50.743441988773604,23.79629642548352,-0.007798175573300954,0.020033618936484046,-0.004311769021628391,-0.0034042586068012653,-0.012684273002885972,-0.03751214771944955,0.008166700521379452,0.02842582406655434,0.005239788728283167,-0.023039965948255955,0.0,0.0,-0.014214665472896845
2025-04-29,86.10144209820989,-14.934436974084417,-5.011257199247434,-0.015457943611932342,-0.026578319738104893,-0.015053412948240436,-0.03187520853044883,-0.03434182305005404,-0.04160548464655124,-0.003175701667895797,-0.06426564979471537,-0.012345835822299379,-0.045023681373955245,-0.003738760577825358,-0.016316030976204415,-0.019065768170393748
2025-04-30,-71.45123002165363,-20.128085352957346,-38.177652653725424,-0.005217036832442864,0.004278939469792774,-0.00611531475475557,0.006666691358189297,-0.0075620942314629565,-0.02315419504680817,-0.011404852408100097,-0.007302172535611642,-0.004842624475787903,0.019544596072970346,-0.012005630821451766,-7.619943004362791e-05,-0.018170926025550004
2025-05-02,58.78523082277594,-32.23161859970566,11.955591876183645,-0.025801088971590305,-0.07621943881437682,-0.0272992384876378,-0.04817835625802636,-0.042243980494137065,-0.0661801329840223,-0.02263500228972279,-0.028592981729053127,-0.03385372652442529,-0.03671910096288039,0.0,0.0,-0.027728357125103815
2025-05-05,71.57106596044154,13.139164515423383,-6.722636751668371,-0.017894860296378764,-0.027741029946537456,-0.02624863498868355,-0.016092088674364506,-0.020872742929442134,-0.030158549933248128,-0.02741487231293088,-0.01956596891145196,-0.0038332581676615435,-0.023099394248029797,0.0,0.0,-0.025847187518002034
2025-05-06,-34.27239459061794,-26.15880121211977,30.038189025930706,0.024738968210833316,0.019208801757444546,0.005980031984012903,0.004093790607563833,0.008285244897694458,0.042683315557004164,0.007326040092072881,0.014681102254474224,0.02160834400723504,0.014995782356100213,0.004307691063662078,-0.0028460712714951674,0.04292784770221322
2025-05-07,-50.979024444153154,45.794975058286354,-28.133501179220406,0.0025462555712349533,0.01577785693240095,0.013248323449094278,0.010713068843711131,0.017852475284797272,0.021286756792355224,0.009588915546910227,0.008475118935503517,0.011909072448126895,0.005146488002185783,-0.011656702148582946,-0.010727000884649642,-0.01643078201349142
2025-05-08,-113.21275352046867,-37.72174519672732,35.72716316446385,-0.0021159131113104826,0.021217203264386194,0.011775254386252152,0.024858396941156626,0.013380401463543475,0.009528006251654732,0.007490671729157438,0.00046232085890520304,-0.0013937284486039143,0.001972387227204354,-0.001275447320945348,0.00246657751231195,0.021371424783276086
2025-05-12,56.5965411602278,35.61186242296822,-5.7116863063625996,0.02825821020049468,0.02644907828355367,0.03606701968957936,0.025479085300984968,0.02777030614793096,0.03440142671733232,0.03400200587224,0.020359847732046493,0.025474699441871942,0.03161322115766908,0.0,0.0,0.03468555798789011
2025-05-13,11.31406504962804,-35.85963666423606,2.82290561033303,0.0013825257406672566,-0.007456339912142882,-0.00029524653299803556,-0.013189323351079403,-0.0012058099570087099,-0.0028359348391987903,-0.0070996330786074705,-0.014369046404633667,-0.006137080291713653,-0.0009550186954493511,0.00033508604667795833,-0.022301473606230634,0.016901810802603254
2025-05-14,10.550323906322783,57.44837591398707,2.2146397628300454,-0.022846066354049642,-0.02714342992512262,-0.01091122348624099,-0.02129072280888165,-0.03812007962983663,-0.04527979414411551,-0.021606432554863705,-0.015044838801659646,-0.016783932329990432,-0.016959358104057746,-0.004191080991202055,-0.004628296434876093,-0.003024348290408127
2025-05-15,10.401911438030004,-31.375228528302095,5.544559013436559,0.001675069775669006,-0.016359992170344503,-0.013146716787747875,-0.0007235890330186096,0.007605462620668785,0.0036639664124805725,-0.006875832847465973,0.00627690076689046,0.01450134745397403,0.0021357157909280087,-0.004059127183410535,0.0076245234774689015,-0.02313393094947194
2025-05-16,-48.34380519103719,-13.58056810911313,-10.994812554050215,0.00530227406605923,-0.0024413022823683013,-0.0010592419844891187,0.0007235890330186378,-0.0052154313230604495,0.0012183449422815376,0.004732209304214585,-0.011772383758364173,-0.010336602887190502,-0.003886518689280936,0.0011174988128577622,-0.0031138657454178624,0.011863631941534052
2025-05-19,-65.42150641347365,-10.195113349277054,-9.528380356398415,0.0064750417386596325,0.004447321009233947,0.004757778109831314,-0.006167260614195201,-0.0019343466235121963,0.00641527991278967,0.006985558380275576,-0.002230178751689701,0.00046168052528270027,-0.0017538735860964589,0.0,0.0,0.004584360107102016
2025-05-20,54.69279739464266,29.173986798080165,3.2770375797382565,-0.007062796857620456,-0.018929833370362525,-0.007942252709351217,-0.019289658450516653,-0.01537962140158525,-0.014098223239904395,-0.018641205119336694,-0.0038853289590143,0.014889749374796982,-0.01691621770106976,0.001248078426348455,0.004525758939237577,-0.00980550218903558
2025-05-21,45.076680755277245,23.499806437261046,-8.607535573422993,-0.007145931349131669,-0.004385971943254217,0.0031087715070124058,-0.021183658388399317,-0.006847354555092305,0.0024509816191401607,0.0007234319927750172,-0.014855582485985574,-0.017663035182773314,-0.0055699368191274605,-0.0013215433366141666,-0.006005192093137594,0.00046178712434580396
2025-05-22,-46.165730157475096,-13.820597170195107,39.759961369541585,-0.004351846509434995,-0.04212015055762512,-0.01165061721997525,-0.00512870342541019,-0.012892818064079182,-0.03306380101720645,0.0018784775410352408,-0.06275212280618307,0.0050784966028886306,-0.006604647244804776,-0.006928657829874431,0.0146868945955055,-0.016134386609258925
2025-05-23,32.34992091402808,16.198844404466893,5.397545801021542,-0.0014548342732659731,0.0019847334759435027,0.0033644319853547086,-0.012841575605748532,-0.0074596284579394635,-0.0265559053678552,-0.002891428933632173,-0.011411111705597714,-0.012278620612759207,-0.01395230397945394,-0.00021694327018601228,-0.012105972989874508,0.014440123593268784
2025-05-26,-29.039494496936868,-56.35338524791266,-0.9222639990623767,-0.014833852561033947,-0.04372408911855571,-0.016936509530898286,-0.03573912659454622,-0.01629559184178848,-0.04343149628560464,-0.01767372374479743,-0.033301451641002844,-0.02072613051711697,-0.035862481320513805,0.0,0.0,-0.0012339967630981697
2025-05-27,-24.82789679120726,-10.872074825815,-14.882212285583343,0.0031183487974837786,0.01494512456851242,0.007117467768863955,0.012911094038345436,-0.0006041931184948481,0.008492620045653597,0.002207993831463215,-0.0017346058122083075,0.01370855785847035,0.004422456402379667,-0.0009649016241636671,0.0029225415012492212,-0.016182086423330445
2025-05-28,-158.55697230412463,-37.272505346460925,31.572012072898268,0.032184868662225995,0.03501282995604352,0.03036978011278059,0.05621504858893791,0.03445339583600922,0.06726160241934169,0.008346193847226784,0.009569451016150672,0.019065911174820947,0.03813715801641625,-0.0005173396801899594,0.0048112987740644144,0.025553074424617486
2025-05-29,76.61316857271963,79.36257658644239,-21.963599189367354,-0.005917561812297439,-0.019360133320213028,-0.0008229529510951443,-0.02226087018149601,-0.007502086527565745,-0.031766088257976416,0.002912057969345789,-0.006635724415398268,-0.0143820618623946,-0.0030385924321488992,-0.00017459975562692897,-0.006226114976139077,-0.01929816740150756
2025-05-30,-55.89533619738929,31.080997459613936,-3.5206731515493432,0.008604647619031255,0.021706752617396356,0.010201510714457785,0.014958150713017659,0.005163724652992344,0.02165222202104781,0.024415976623804,0.008749890107733731,0.013690897222508224,0.019090301442656925,-0.014000166684542025,-0.015488533378794496,-0.0039047296781563713
2025-06-02,-21.543085855015658,24.349762948371836,3.486819074473135,0.0010663565549275413,-0.018235732124517273,0.012515807931830597,-0.006977868954153286,0.026680568574540722,0.010473190710791424,-0.07099138087911883,0.011679156440000234,0.008948092284457566,0.003378045934596272,0.0,0.0,0.012750911366747136
2025-06-03,-65.01689428027625,20.716780172919144,14.575838947269228,0.012580800743078217,0.00529894109379795,-0.05427047412972695,0.04369447362892501,0.012346535043541683,0.016567583013720865,0.007889587275162924,0.02397639989234098,0.040291931722821216,0.04271664764817641,0.008012705795739516,0.015936756678969162,0.013962635735395097
2025-06-04,-18.195904300962106,33.09118334042755,-13.68752606030182,-0.001021092018901187,-0.007534440193985633,-0.006431887026740007,0.008837644318527552,-0.01978236407696138,-0.024140644811274998,-0.0075849878210868665,-0.0001273804218014313,-0.006824462369671015,0.0,-0.0034636585050069097,-0.004994916202139831,-0.01473549302712992
2025-06-05,-76.98504840478772,-30.696181358565745,-20.22953250599734,0.014987843734783209,-0.0007720219637677585,0.003337346417069679,-0.014105116310795958,0.005610594668604097,0.007034026657379982,-0.0036613313212339894,0.00584277033686335,0.024223770379518353,-0.002855241303988244,-0.004478983373302826,-0.006872472826536206,0.010460024611729332
2025-06-06,26.039603570453174,-64.68026166381728,-14.191273382039123,-0.015307148929398554,-0.030742697084290754,-0.016956843098870456,-0.014861295438345336,-0.020067563050809256,-0.039781618094601866,-0.023505025219456833,-0.012873799621440562,-0.027542724637582165,-0.03136752811747442,0.007926212770226688,0.01503242932813736,0.01443245712158584
2025-06-09,26.7646651885869,49.493708613540264,-15.696031672939624,-0.006279053146432108,-0.016542575905720933,-0.015166844907887533,0.02284247330221001,-0.008070691213745675,-0.02461313192633885,0.001719690879526679,-0.036182357367753555,-0.006894278391751701,-0.02954306672412087,0.0,0.0,0.006164969529607204
2025-06-10,-13.408109167228135,40.84360329166804,41.19030994563396,-0.008034245039678907,-0.005684140354989807,-0.008598228872534128,-0.04112315398646757,-0.034894208125893215,-0.033128516682130495,-0.022430256435664212,-0.014064929467403552,-0.006043666968830155,-0.004060094899298349,0.0003424278928973311,-0.003280120446271032,0.01295721456471994
2025-06-11,-40.34305480829534,-26.290851716283758,-33.41560866542937,0.010698046220080106,0.0003256798595796636,-0.003557284048749276,0.005257240797970698,0.010283800025107374,0.018259072108948372,-0.004964378839998733,-0.0033781533375891425,0.0055972383899872535,0.0038574811816563734,-0.007023595856365367,-0.006381072993491544,0.008692504088550018
2025-06-13,-61.998781773084666,12.896800928863382,35.80667700429489,-0.005785937067043999,0.004467375337820758,0.03290215933103726,-0.012246973609973252,0.067483146323463,0.007365801862272129,0.049791123186945944,0.0009470338257695721,-0.00022328904859982696,-0.004671482040603621,0.0,0.0,0.07337424257351541
2025-06-16,15.693163210924407,-72.11830995284082,-75.40307145711562,0.0041820874850693876,-0.0027592940733775135,-0.017551245064867077,-0.010289724933714918,-0.01873883688624741,-0.01145977385389967,-0.01337761166444386,-0.007601502599837373,0.0073423402496957425,0.006897978254383181,0.0,0.0,-0.016770152472816484
2025-06-17,71.0885994065986,51.263290969974996,21.762414963584927,0.006591391093013657,0.032933997195590724,0.021930357474226538,0.02925564879243305,0.046587754838983086,0.04693726860721555,0.02688005453368771,0.0067898142435848805,0.00221434988620921,0.05104053296770778,-0.0011915447570672582,0.012748076209099474,0.03473753889358224
2025-06-18,-69.8817331197033,-21.432127440572998,25.538489423541453,-0.0005742176442591075,-0.0039394945371143,-0.003830673487789602,-0.0022346378014162656,-0.004606281450139741,-0.0104928824811274,-0.004228336109521176,-0.006653565180086294,0.010561154268666259,-0.019203383247640125,0.0026307067318996876,-0.002080369008511519,0.008266713744285118
2025-06-19,-35.58718762930257,24.573766779535696,-8.959202527730318,-0.0029400506925053946,-0.005938494826448089,-0.007468881766143771,-0.005233656806109538,0.0016475373049560998,-0.0049093754193556514,-0.008052919003013763,0.001633542426961626,0.002622952323470649,-0.011226114942513504,4.954554665957072e-05,-0.004920919155128549,0.03355625239073853
2025-06-20,19.054166064818233,21.847870057630725,21.835078678760006,-0.008872374004599946,-0.013190166851189962,-0.008718451039881047,-0.021021510762447917,-0.015149291770538538,-0.015066557531919874,-0.006120906638854705,-0.016871671035225785,-0.0024041099984917873,0.0,-0.0029707155312670825,-0.0052323967694161205,-0.017878439671508754
2025-06-23,-125.3632659813719,-118.46056889099803,-32.74518398297199,0.0015164472875543687,8.046670694355786e-05,-0.006228559623656059,-0.005758173299683882,-0.01969121289018182,-0.0011536244309603761,-0.013910579795524968,-0.013509014017266077,-0.005705523487263153,-0.016172859245600957,0.0,0.0,0.0046948443042076635
2025-06-24,-38.29111054939243,-19.361810831119982,-16.32116664019106,0.0038613813785957985,0.006816112352116944,-0.005381322973828005,0.010340957718971882,-0.007299302481611496,0.006710791170772213,0.006979477731525676,0.0028003378703189345,0.033542038701828446,0.0030147746680897736,-0.0024442497699340197,8.904878092425967e-06,-0.12601353479289878
2025-06-25,-41.66494716899235,26.39829777915667,17.628266215090242,0.0077101877595020145,0.009702636957239582,0.00449980670886708,0.020739808242550423,-0.004014457418661847,0.04136455703332612,0.01274685154455047,0.012367280535470709,0.0027627262286070314,0.015136716010531546,0.0012369043231550193,0.020908834260765775,0.007058852839624607
2025-06-26,-38.35572436862102,13.670568255379411,27.004191307789327,-0.0030002256713988294,0.0026873237797587863,-0.004983131996187879,0.029600469776290682,0.00022983222348925942,-0.011803899502490927,-0.0035160167690200935,-0.003319964316547559,-0.006814336419730165,0.0013827162696844468,-0.0024689462559527604,-0.007408255793488169,0.007445833363257075
2025-06-27,-61.442887795460926,-2.1093751558749787,-1.1620886111451099,0.007452026460514703,0.007078840319689909,0.01097811418104767,0.010631688574387187,0.008238975544552862,0.011987234364128399,0.025999046026779004,-0.002358328068126536,0.0021344725286326196,0.019353550992118385,0.0002020362188761032,0.00656963833981155,-0.015686021248712694
2025-06-30,-46.25103447587597,26.439972745229706,-19.294953731688242,0.0030728803106968646,0.017865940485540653,0.0053252917645893625,-0.0032316006579643556,0.008058610094205583,0.0060312711385498855,-0.00014922032408505462,0.008987271000236677,0.014394829422577991,0.02164213550953048,0.0,0.0,-0.01668691878501471
2025-07-01,-7.594307611521508,-5.195940495373027,-4.324249964575433,0.007154481563236615,-0.012628484698475712,-0.00023784041020669266,-0.006675712658381179,-0.005782001256613517,0.012134532668009295,-0.02447252041189487,0.02366813418695799,-0.00611364821902723,-0.007607491995612214,0.004041090071865551,0.006601545336701121,0.009420630419105378
2025-07-02,-70.30995703124717,-35.1217140363125,-30.454186430280874,0.0031668914137315085,-0.00900660041413922,-0.011483379777723714,0.013842917680649438,-0.010860352528983508,-0.015602638726957664,-0.011690642298380507,-0.015033803837375159,-0.009988394593019676,-0.00535989032024451,-0.0014055747424687533,0.005154293962580692,0.010217013433966932
2025-07-03,-18.725851059015582,-13.694304216578246,1.1192898344927025,-0.0008142812852056941,0.005804848430618132,-0.015519225147600967,-0.023666536793805353,-0.017859688438704804,-0.018826691169943805,-0.014180214232956154,-0.007396280807031904,-0.024212164162605663,0.019953156028635705,0.003003718386191271,-0.0007183637149115721,0.008362111368432519
2025-07-04,19.122644662061365,10.91759524864062,-7.1384314041842645,0.0008455865585815014,-0.00015644555726529048,0.0021969983205421496,0.0007309941845975213,-0.0014051524560250426,-0.021850558538969615,0.007504725654067572,-0.009392334238895843,-0.013216051391526375,-0.02187438620652958,0.0016400204136934248,0.0048470239148282425,-0.005126338578991368
2025-07-07,-38.730604615804914,-31.928339789478557,-3.1408088967901273,-0.018770102681990492,-0.03025841325819846,-0.006687351622168408,-0.028536307264934245,-0.00023438415670401662,-0.019227664072274123,-0.004370909237896241,0.003463326866913327,-0.1514934594860671,-0.02748979027758267,0.0,0.0,0.011969198504262238
2025-07-08,-4.05761759303213,-0.2508320687417078,-2.606395314521456,-0.012162984302869268,-0.024404394171219375,-0.016084810838486518,-0.02551061623708044,-0.02696605754384602,-0.013485985685475854,-0.028564303177532866,-0.01786010917714183,0.011032825188974443,-0.013532544822326756,-0.0008203091730176428,-0.007695351422725809,0.01240102409889927
2025-07-09,19.125127170516414,-20.27194197197083,-17.114676842453097,0.0012262021542855503,-0.011300494165087476,-0.01322527018880159,0.004233217789795376,-0.012114018523204007,0.016006588086423714,-0.011332483267809983,-0.013893050226702546,-0.010259130759664314,0.011949952998443349,-0.0070152824538828075,-0.004849763140063037,0.006143315270529296
2025-07-10,-59.3441001460634,-2.0135729352383214,-4.717232729646787,0.012562254610510545,0.005416905616104774,-0.00025281254084847564,0.002493049522147272,0.00716500727528312,0.0040583686970947375,0.015509196166980712,-0.0032887711061259854,0.015603334852012367,-0.007551705204549143,5.756651012310832e-05,-0.005989628789263952,-0.02188712280336722
2025-07-11,27.82481842091867,10.464412346964258,6.879521575532007,-0.013239706771200361,-0.03449784093950219,-0.03342213394111799,-0.028362429500564335,-0.026857951372990848,-0.044969122643053826,-0.0254904620476387,-0.027884467112239582,-0.01715132277722731,-0.019132594487365526,-0.0034573023424785184,0.0008933028578907183,0.02316817059082889
2025-07-14,-48.43478897093316,-5.63514273660252,-15.365314596113826,0.025771912943571583,0.05082002343109914,0.03350641188984272,0.07367156448572958,0.048523769815416805,0.03936036603850415,0.026772102722914165,0.030744880961869066,0.0038654860655774385,0.032802941103971514,0.0,0.0,-0.01058210933053686
2025-07-15,-65.59086313535735,45.73645853840003,-15.050143268111691,0.006332706598207458,-0.005493393062781695,-0.0032921145674716552,0.007658680761062488,-0.00736870460404309,0.015014719031013096,0.005587944611356986,0.005838393230799413,0.0321424608005323,0.013680103904080176,0.006006093238912237,0.002996624767279422,-0.011422086154337664
2025-07-16,-148.19330005973748,-58.59295308114989,-21.45372871236615,0.004956601010784712,0.009817635920657892,0.0049761836754889715,-0.0005451076722603845,0.006776462952145574,-0.0024868496795387176,0.0011138516546615883,0.016475765209280915,0.006949643259908894,0.003487699718285106,-0.005293921553628633,-0.00678634342095073,-0.009643558078517704
2025-07-17,-55.57963083289384,-23.412607118180066,-19.257829653531182,0.016866718090956377,-0.016665000050288488,-0.002948984738157331,-0.012436151498226751,-0.0030853234395366645,-0.009816265908077647,0.006499190666262937,-0.0030773559045856255,0.00024731049959111077,-0.013436089579548213,1.2827345849661837e-06,-0.006489248302247437,0.012112515835492325
2025-07-18,-47.72919375509005,-4.7366065168045655,2.659211617514732,-0.056771787509476326,0.04808035697057791,0.031397928000921324,0.05964988897849196,-0.015208963301423668,0.04537640433805232,0.041775876608116186,0.014602860145220475,0.031400900451190636,0.019798783367376907,0.002908853554281227,0.00449610777725863,0.005352634841174143
2025-07-21,-0.23181758914844153,18.045655967040567,1.3527606518851003,0.004520511411318059,0.012466349851076754,0.009035838270009023,0.010176888178289349,0.007813009273377483,0.008833329427756598,0.0015142340870311812,0.014120462184286482,0.0038268403554822888,0.001920123477802311,0.0,0.0,-0.008112459383212726
2025-07-22,71.31954919500784,38.07461550094438,37.67633452435648,0.0008694672645899827,0.005671900524726923,0.004285778605495436,0.025081809656637147,0.004777839953713076,-0.006064522859623419,0.0084375971423563,0.009888329809913223,0.0026224833244248885,0.017682749929579182,0.0018119905541107788,0.005942410686268493,-0.0027674622571562625
2025-07-23,-1.7695531164251532,20.404022387463975,-0.05827691216754625,0.007727493362983813,0.0010066985014050346,-0.0010495298262871717,-0.010599914171673793,0.012081160797083264,-0.012613782527699857,0.007622785584622468,-0.004322578660788157,0.004039449475100217,-0.020179630128166315,-0.0030585208440504163,0.002885016076974446,-0.005118092622896485
2025-07-24,-3.5577321745550154,19.785956730038013,1.185646151822002,-0.0072126100048672676,-0.009018876246839181,-0.003398336469003146,0.00016913319279237006,-0.005193590521996883,0.0016786351046090729,-0.0029824060281202266,-0.006110413471958189,0.0009480920359388618,-0.007915863324868808,0.004593203629918706,0.0001252942373372315,0.015131963400820035
2025-07-25,4.656968078712582,26.952546010305753,-10.282435026390521,-0.0061314249142842055,-0.01210040693408734,-0.015437068914841803,-0.030739949377514692,-0.010708014272472212,-0.01919155798041641,-0.008398369698831717,0.002448647666142297,-0.008087579763355461,-0.02274161916792457,0.005271132921821452,0.016707937419405215,-0.008265109038173015
2025-07-28,-37.632433881752846,-36.96446516807644,0.8963829160999566,-0.016185701691397422,-0.029196812431793586,-0.015428308683837934,0.020028293782586942,-0.007082437623711665,-0.02695580998852822,-0.020848354601327838,-0.026014817840347034,-0.012497158561351607,-0.005368339763968623,0.0,0.0,0.015029184622545311
2025-07-29,-37.22053639560412,7.098638597595116,30.3534811598393,0.004234860160887603,-0.0013846469326898566,0.003921082903125081,0.049197081774233056,0.025922973587804887,0.0031176954325859312,-0.009424557978007548,0.0018112160994605728,0.00024180873047344864,-0.001795869982811907,0.009036892360430824,-0.0013959310133852855,0.01664215921510604
2025-07-30,6.277650551770483,8.949056726015083,-21.965074799844324,-0.006441457792440452,-0.011064326288939594,-0.013327383885580597,-0.028389429267829263,-0.015496850021029991,-0.008989702909808555,0.002790266885503388,-0.007965942480164781,-0.007036302231706511,-0.008423635850671799,0.03265474672126672,0.019039530821732396,0.02891901791060254
2025-07-31,0.7022361829516939,-0.7013606193550466,7.245062070294194,0.005425414047929782,0.010085772838921833,-0.0005908419669667696,0.01165126362925255,0.0005959120610170748,-0.004525339744383212,0.001546790718298733,-0.01072093778283012,0.021200504944747893,0.0052229929903362905,-0.0046935736778023745,-0.00048644637151049866,-0.007565893440033549
2025-08-01,10.001117696743863,-8.692968431634823,6.015424423920801,-0.002396704858868372,-0.0076986457227287385,-0.0019437994711049135,-0.00614160781828288,-0.006694585672214049,-0.0001972192097902316,0.006316945741915876,0.0005671345678737011,-0.008378265645997578,-0.001804873647483547,-0.01872876989270131,-0.032935135784234154,-0.03957426915692006
2025-08-04,-68.3666365753074,-33.98900064743568,26.397798844008513,0.012186308249455362,0.034821953430251636,0.03114842089964381,0.00465117117573088,0.028963547140856707,0.04266644631890294,0.011453129699447534,0.020066624352061566,0.000961076479550532,0.007200031104241861,0.0,0.0,-0.0064855743654854
2025-08-05,-21.925972523155398,5.358610538206551,13.097084498813444,-0.0018526649538862933,0.0003175611331863127,-0.002709694969965584,0.012189246619516465,0.015378692402651169,0.00037792895385573857,0.015219159117668996,0.0005555555698444733,0.01903006999901422,0.010112111545981663,-0.008034300380033617,0.0048870810289906655,-0.016767907627542267
2025-08-06,42.068526261844085,21.765002107165223,13.356203611433584,0.009196956017438822,0.03225708232160157,0.014529681779323674,0.012527618488065342,0.0060630512336754955,0.02352610370812673,0.029325021844490397,0.004295122640460291,0.0037629395295425104,0.013325691994918627,0.004700658407040861,0.001993133980100524,0.004547796292767038
2025-08-07,-77.77772047583444,19.45804221242038,1.293241762140146,0.010294326458011658,0.031248996203511428,0.0052535986665224665,0.014446479173396325,0.015054899771134814,0.04879895155426235,0.020696340906241388,0.01604642535760172,0.01883557603617753,0.011419847323222307,0.0017773300302000353,0.0053666485344971366,-0.022499468937714293
2025-08-08,-13.18612228566859,23.32616501293298,23.29873118802621,0.014380989052656957,0.05026475608817316,0.018766771574947123,0.022065513049752322,0.02255024740718067,0.0495430817605278,0.03590523286557164,0.019001986741000558,0.02232438953444157,0.032752572632079265,-0.010110622731639922,-0.0037011785616263304,0.0005986231845930488
2025-08-11,-31.599300848358226,14.890175291020478,-28.282416883994227,-0.000471853922783035,-0.00825157619776501,0.0026073573812157207,-0.0015600627189023388,0.013853507624039418,0.021673443284736662,-0.010345633347074354,0.01062285915542372,-0.0072349399920482,0.050128526161192954,0.0,0.0,-0.002096750805614949
2025-08-12,-7.9229625880549825,8.987781890626641,-7.952220872814292,0.0005661979956866087,0.005698021114637796,0.007624923944520784,0.0007803355838811049,-0.00010833649325373559,0.017843133567584105,0.002769317748804533,-0.00529732400195496,0.006558883628270674,-0.021305971100400462,0.0035585794197030276,0.003069845379048518,-0.005864237540801737
2025-08-13,40.30201339791771,10.217820290048751,-19.62262681346558,-0.0015420688804290092,-0.01006468398214723,-0.007703834972377842,0.0,-0.010674319847211698,-0.0022533407248995505,-0.014905896935161183,-0.0067950431328288015,0.001351655984115032,-0.012015436744411126,0.002553607368882545,-0.0009709010336066918,-0.013665563407654948
2025-08-14,20.648251088124375,22.699473446024125,-14.70651927138457,0.003835035506292805,0.006222083366969351,0.008017020067327385,0.025111078348860633,0.038980615596700144,0.01851904776723753,0.01269105660560834,0.01631011425991364,0.002922335450536855,0.023530497410194036,-0.0033635482121378945,0.005682828006733019,0.020578725896656113
2025-08-15,-74.62329845747627,28.741773345600553,-0.8578366073144492,0.0020998863748713605,0.01605466075817539,0.008884790735275884,-0.00671655707694272,0.026194201090823793,0.0113244368442236,0.005252258100387963,-0.0035575503625224175,0.008270975953424143,0.001965866060687486,0.002034279746643103,-0.003525951875069119,-0.00676236704273797
2025-08-18,52.17557904646124,24.44023654723583,-20.163856156989862,-0.0031985978539221796,-0.021487902605519315,-0.0037313476128581356,-0.005375118523842331,-0.025246782734783927,-0.007062730449336796,-0.02682474335451587,-0.002775760159074261,0.0022237056083438474,-0.005550099288502651,0.0,0.0,-0.00407947985870515
2025-08-19,13.53167227602854,53.23224735489629,-22.310086950941443,-0.0059223963427589114,-0.012188676374366846,-0.008603885692499993,-0.01192795491227592,-0.0178348676360342,-0.015235971603152022,-0.011249673642296605,0.005938651567582547,0.0022187717112172817,0.0021520811749379323,0.008243960670096232,0.011003214452019681,0.0006054185140271388
2025-08-20,-22.081300618289113,-90.22150014944792,4.768159257758551,-0.007389000906885564,-0.01830748261150068,-0.008440865798590564,-0.020625780393002446,-0.007634035246931744,-0.02887935935854866,-0.005744666092761908,-0.009386016424300193,0.0028770629561316297,-0.01026388771031401,-0.0009827570482741162,-0.005627548840693014,0.01188251929408455
2025-08-21,43.51537044603483,-25.181203156365413,-0.9855725668465942,-0.013426461408440473,-0.031379244732220084,-0.009951915263834647,-0.0316768566535702,-0.018519047767237527,-0.042881727483265686,-0.019048194970694363,-0.02025963169350139,-0.010887786702210613,-0.036870535808327685,-0.0030177441442189447,-0.0008693351417231017,0.007745049141815386
2025-08-22,-51.41163593563345,-21.52346061778199,12.202131612612247,0.006655652111147355,0.010921610267425488,0.012246673936512558,0.009316076203066804,0.003512241564654832,0.017711634662205832,-0.009143257916003403,0.004732616500098728,0.004903063087445181,0.0015012200229763651,0.0018745410339362138,0.00027595944213125234,0.0020749970391602166
2025-08-25,17.07550239384042,-10.182200710587866,9.764447247123385,-0.0020209479667733085,-0.001434233119981539,-0.008014961765093332,0.003896741414057414,0.00448210643764337,-0.01154511974654186,-0.014174053037363556,-0.015086932441137537,-0.02066560515697254,0.0013117213536383318,0.0,0.0,0.01862906825696678
2025-08-26,50.47398799037035,4.911590998617656,2.595741850659937,0.0011874008551614513,0.00984711230425436,0.0007168173617434506,-0.0037340736625803912,0.007064862818107131,0.0006828269299107297,-0.007995818416073615,0.002598647431060489,0.016655798046742297,0.00839165763624838,0.0053361959367148205,0.01018591313977197,-0.020110769520788545
2025-08-27,3.5941467983742057,12.65562491760986,-4.0544025753475,0.0031701837396293435,0.013521751339591175,0.006823798596368926,0.033115078965067865,0.008519868198591267,0.0443924048216622,-0.009894288800408754,0.008568566536045338,0.0,0.02131258328496923,-0.0019527209683634361,-0.011646796254441615,0.0019257838704831323
2025-08-28,4.713599354028021,-16.869300420835607,-0.6139175764557205,-0.006286101520603632,-0.016818375288668478,-0.007859366458858767,-0.022115291576071033,-0.020505193625744877,-0.006715281971093045,-0.009220904429812535,-0.004071114321470824,-0.01847315429432434,-0.027272742482076902,-0.0010523772954538367,-0.00027422029487695476,0.0007396997156569156
2025-08-29,96.4423825133057,42.11176148083766,-8.642888711641968,-0.002512645074155093,0.019545080246429113,0.02471788310638712,0.008968669982760536,0.00786116069294722,0.01743140984793554,0.005542739363484325,-0.0019055402526560387,-0.008907218876314026,-0.009007379345297651,-0.0018701723010110596,0.0015661140298059808,0.007220247973487097
2025-09-01,-19.127623386317122,-2.5859208424571376,-15.615022205634974,-0.002713004700043897,-0.007164253841657457,-0.009452826139932504,-0.01801850550267825,0.0029320757282294053,-0.01038970384913591,-0.0004607233437865521,-0.04173067245647323,0.0022914767130433255,-0.003209669516561386,0.0,0.0,-0.0007343761804672603
2025-09-02,1.665412365545802,-12.408605790893029,0.22416412407002745,-0.002460981748506977,-0.02044325940841886,-0.005272904044090191,0.0012978587156000124,-0.020375335178757052,-0.004579661259024494,-0.006163347707668688,-0.012866510593250299,-0.0004578754658749198,-0.010264298441431036,0.0016712516932992174,0.009527774802923905,0.01023251144188888
2025-09-03,-78.33775618810742,2.8871957884178245,7.482301292682087,0.0033984464602000008,0.0,0.00887707624460805,0.012246366392157221,-0.008557984990315511,0.005558294512794246,0.010608140066329612,0.004020683187881647,0.007528266420791588,0.018175434069799073,0.002094140155994567,-0.005810195208998087,-0.01612701716208616
2025-09-04,-4.1424618732019525,44.209469521524746,13.024861861980021,-0.002426282671264536,-0.010495191019208426,0.011044679434204376,-0.0014424235211858217,0.003565463387194564,-0.000163039048213153,0.0022913016974838983,-0.0010036562603207356,0.009725283029555937,-0.0013141839871329383,0.003147853085724612,0.004429773229594278,-0.010250405430603595
2025-09-05,-32.131783265068144,-20.840063443122045,-16.48469263740592,0.005684402619838199,0.008147149796509361,0.0012368585373962004,0.010371054265487272,0.021674207824215957,0.010703962075935686,0.013488118406481245,0.013111203922523516,0.010522877800391468,0.007486465810167716,0.005536982258273298,0.005517677133416937,-0.024793409069299836
2025-09-08,-25.70740997818728,11.594705783369742,9.097187980039461,0.00747601062713994,0.01213506506356548,-0.0010821675323697782,0.02492487365284871,-0.0030521061408128585,-0.0019376721709305315,-0.008465659024548126,-0.007674852908597458,-0.0015602365808604986,0.00706060160996598,0.0,0.0,0.012775839171309093
2025-09-09,48.32307130728604,-7.968278867184785,-11.727612225531528,0.000734953459403562,0.00029962547040649526,0.0030117015698383643,0.007864949170142136,0.020957880617655567,0.010770942486797674,-0.0021276603771168403,0.0012832396428357061,-0.002904056547824958,0.023241964854614643,0.012735647034754952,0.018748932355124332,0.00917644649154024
2025-09-10,-52.65639667375801,-31.336984271050696,-1.853931608041025,-0.010597061371864686,-0.021117151779811116,0.008140115597382262,-0.004156090027619231,-0.013020036513203641,-0.015956499399232656,-0.011014338059107327,-0.007724255255080754,-0.015783867701262,-0.0217618535760788,0.010904661806667928,0.015051462780443847,0.009538075290406149
2025-09-11,60.60638977757099,18.182574146068465,7.82892494180153,-0.008591814488423048,-0.005445842797445865,0.013521931947555035,-0.0016981864366680834,0.0062621668686846646,-0.009467912710737702,0.007661698527407525,-0.00028723251669540684,-0.0004546487916459575,-0.01753122109537857,0.019964555406929575,0.018104368877635713,-0.01569656264808099
2025-09-12,88.15035005905955,-7.465013081364606,10.640434775129503,-0.011824379100236255,-0.03586072817422506,-0.027306756134269142,-0.04261335907793326,-0.03538350388931671,-0.015204391393732242,-0.014762685451133475,-0.022368398118174156,-0.029067790474675833,-0.010021829175810223,0.008718248646109214,-0.0008809323820250533,0.01554822770751373
2025-09-15,-63.46437454027919,-68.73847961716346,-3.397428863731232,-0.0033664509168754393,-0.010981634147317634,-0.004351887502457375,-0.003877226181867227,-0.017094433359300068,-0.001833486637475489,-0.005592681968964737,-0.02212906814258775,-0.00869877355387595,-0.021320312034652875,0.0,0.0,0.0
2025-09-16,59.012338475270255,17.34524464536687,-1.8728331013214652,-0.0022506132489289402,-0.01208204439719447,-0.007740158262571352,0.0045219715297985285,-0.009001371094601121,0.006982572011131171,-0.016017930413077655,-0.007385669264890427,0.0028295232271164346,-0.010734952313585972,-0.030735544676551055,-0.023192235260966174,0.013555533927339419
2025-09-17,-50.26541532403699,-15.71474939333375,-12.026219332900014,0.00890654081620325,0.01954985924471534,0.001490137917400059,0.01741118977626594,0.00945498870274231,0.01708320125344863,-0.003806507371766966,-0.0016655314623103623,0.008440847302099786,-0.0025542798050967423,-0.0028437517845818112,0.0045059856470679276,-0.00014635931237259915
2025-09-18,24.443695289386532,-24.229671658397116,4.722070127276458,-0.009304234199850056,-0.018001051109552656,-0.008579014484111287,-0.02745175995708339,-0.012435275181944963,-0.01708320125344857,-0.01424365923050409,-0.02082451612052612,-0.009147477881497291,0.0001967148624421222,0.001963402719321919,0.004170459437443105,-0.009264090959798046
2025-09-19,35.142974308559985,-42.38738704654021,8.326370486331536,-0.0229340166290137,-0.019160982579215433,-0.013769169743937838,-0.029734598942879057,-0.015385808742066368,-0.03369591024506323,-0.00630610869798477,-0.01088996449616859,-0.019510492780294,-0.036047154693297334,0.002091819320975319,0.006872607543149048,-0.013984161240157274
2025-09-22,-13.65010860597713,-3.17559905650257,-10.091813615367851,0.010828421344847596,-0.00783533224196766,0.0047171784452934495,0.020906684819313643,0.005927837431481706,-0.009641947976253144,0.011931776512341636,-0.010219411319237034,0.001680470927217204,0.007314132565920994,0.0,0.0,-0.004203579226868434
2025-09-23,-55.759922535442286,-46.23093987594067,-1.595963275612474,-0.021878257531432462,-0.020202707317519466,-0.020712349414891598,-0.020403793181860714,-0.022383309824023572,-0.034140215161301044,-0.022039459566291386,-0.00015804030060553485,-0.0045678646560529034,-0.023347363996991062,0.010121438558744146,-0.00013640421338397246,0.01907374170631984
2025-09-24,0.3077956433338058,-40.11646945569563,-3.3612763167323294,0.005847070051186477,0.015169139642690274,0.007948780598173305,0.03588271730450633,0.013653696102570006,0.00926592516893574,0.02731482948574895,0.07854616586519977,0.008398369698831641,0.00948656320475587,-0.00798239517187306,0.0007323228951916191,0.017847167683389613
2025-09-25,48.083272277121424,-14.132062350315202,13.101338442302687,-0.011694034258079855,-0.010483694260426323,-0.01072135026140703,-0.025711725080202148,-0.012942879818642714,-0.007298652782698167,0.00015942606649945452,-0.051108747142932245,-0.01589628848749497,-0.0076234015023382284,0.007658604918463813,-0.004399975120844018,0.0030401760658228935
2025-09-26,-40.63491444837673,-29.975695196747846,4.051233665141846,0.004920609346762503,0.020941852746168152,0.017003081475934375,0.018246581681110256,0.00484376870011546,-0.004656168870544184,0.029219797935729572,-0.013001266557373629,0.008942657783037287,0.011106654691250913,-0.004588360079720643,-0.004546763022243558,0.02060158699121773
2025-09-29,55.87287778579307,-13.495281070550185,-2.189005777245915,-0.01299033641211901,-0.026139768245558172,-0.021914682705394605,0.025570260233473446,-0.01747651922758459,-0.01337208216015511,-0.0215970835601739,-0.026680878581330933,-0.0012038041660792217,-0.01774706091382106,0.0,0.0,-0.039719279784573305
2025-09-30,45.625536231588384,22.077482189194022,-2.5700269142591754,0.002743390674124517,0.009692305087229468,-0.001724775590816745,-0.016651041127821866,-0.013280407667894378,0.0021806296120560646,-0.003327790092674691,-0.012234537668342522,-0.012118422660979516,-0.018279740007562845,-0.008881899151641549,-0.0103761801673387,-0.010367391436893846
2025-10-01,-19.62249371498605,-24.291728528900542,-18.493688350703376,-0.006820264449887445,-0.015003264975224476,-0.005605488257774792,-0.022696704545955505,-0.01124431304445183,0.013522246969491964,-0.024748169689194025,-0.014848930741399244,-0.003419641827782024,-0.02251622945055604,-0.003132783146673717,-0.0028514689530977477,-0.025940226922864164
2025-10-02,69.6951039742374,12.959251145122696,1.6979264606910387,-0.004128622777869507,-0.0030967766683934876,-0.0036438963715046367,0.0024742280663515004,0.0029455102297567446,-0.001792436400314907,-0.024041994480237937,0.003446298643587649,-0.009094323463692404,0.007131310611076395,-0.013548841642112721,-0.012739740496087767,-0.01446624181175859
2025-10-03,8.245590786483467,21.529809909743616,3.5725533976723174,-0.008131986446262902,-0.008479026400131536,-0.018843989615975786,-0.010932691300191477,-0.00886268725784543,-0.02801711360820163,-0.030802909155045216,-0.015519545435039616,-0.00743497848751809,-0.02286934036131647,-0.00600844119108814,-0.003111334471019541,0.00355899795394782
2025-10-06,24.873114698345596,17.982768987962835,23.103292088590855,0.026681269550570326,0.03483661412231513,0.03260435175321849,0.03228465559652545,0.0177689865981186,-0.000738279841580962,0.01721095563557824,0.006302890330115746,0.008668784936446485,0.0271667255738627,0.0,0.0,0.011365504004835901
2025-10-07,30.50202533565131,22.936363085107033,5.286139616525024,0.011395452254441333,-0.0036148162601855223,0.003920292508555893,0.015521553311091977,0.0007285090171639225,-0.008902135940593378,0.010253052253952528,0.016073824831061054,0.02868451404203936,0.016374634871790104,0.02428652035818941,0.015542348379217655,-0.002446484400669932
2025-10-08,54.927406560749674,-25.55894430293166,-0.7096997443465616,-0.04165314954730312,-0.03880981560581247,-0.03011976816126909,-0.03309155141247556,-0.01985846087329357,-0.04906031988323805,-0.03401688527825424,-0.03106660941720239,-0.019112714370317807,-0.04420251749453033,-0.0129155782788038,-0.012075570603934873,0.017903679559544108
2025-10-09,-62.00907253875884,-7.716562269131942,-34.165178291789346,0.026153747953444044,0.02259347349234012,0.023905520853554386,0.05445585755047739,0.03348051468012362,0.03309903839603619,0.05010747046893213,0.02059873496408229,0.002439620629370707,0.021590632592367452,-0.004735678129196573,-0.007734264892996306,-0.00951884500920687
2025-10-10,29.149410267414563,-7.418536924119496,-3.539489904761205,-0.014796001791066361,-0.014223764650530591,-0.021891421481853125,-0.0239080277003798,-0.02694010758056377,-0.0200752368528329,-0.04338272747868537,-0.014908343040254556,-0.019685675071030327,-0.024239640763944505,-0.001687550758524409,-0.0024478215705808102,-0.04011377919320324
2025-10-13,2.012529723351966,-1.8612314822451042,-20.29890787987427,0.0009465216040308782,0.005713806558879937,-0.0023501773449536266,0.026701759146507475,-0.00914376814345804,-0.0017396351154435896,0.02276686849672006,-0.021252275659659092,-0.002737341512658347,0.00022101889801539882,0.0,0.0,0.0003160056907321093
2025-10-14,-12.134738879085267,-21.114465408895242,-61.76504003617745,-0.007350259050004354,-0.004932726024485136,-0.010474838130963286,-0.01940592979760956,-0.0036062962668212987,0.015167805427885626,-0.06560297682507052,-0.010797945346788011,-0.00224522983180565,-0.02234729869199666,-0.006846847167012317,-0.008322552784343342,-0.020589666788343848
2025-10-15,-13.830066084552163,5.032698033552927,-17.146786400427118,0.0015519190473685706,-0.0012152779273481536,-0.009042115688055852,-0.010644313702179374,-0.0012465720886252632,0.025213000662926238,-0.027827566269708535,-0.007437550500671339,0.00024971906734841095,-0.011592356205316783,-0.01114220080392742,-0.013253162773969427,0.0016113442094250364
2025-10-16,-104.28413911512762,44.02074011719818,-12.322158948042519,0.06537740580050008,0.07711866050498008,0.05825274010593198,0.07030170952155408,0.05555636620569939,0.07652051855910563,0.0829610114630764,0.05406722127027579,0.048968496760185526,0.06011345001122585,-0.014104954371848949,-0.01036627119237181,-0.005651100854690949
2025-10-17,-70.30532969717652,17.356586170755854,-7.8704712053827555,-0.0066245149681286855,0.0030509859074234692,0.020404788757026903,-0.021214968530848605,-0.013662226169903716,-0.0031029157804045716,0.029273646726839134,0.008190053970044403,0.004743841913357013,0.010919710259993588,0.0031015159462738978,0.003890996219639323,-0.009599032462047154
2025-10-20,-91.15066126783633,-97.16914544626772,-64.87893935344985,0.010216484690010965,0.010209053415932957,0.009695421393666465,0.015242127121852867,0.0071514011576250865,0.0010353754160484035,0.0016471754671371274,-0.0006527415375365783,-0.003793271499574914,-0.011135018690150324,0.0,0.0,-0.010187403255372264
2025-10-21,39.35390103480856,3.841497867005108,0.3744647047195996,-0.028460392556500878,-0.04147686689316237,-0.017089023465144664,-0.042370794510105565,-0.02173085092078245,-0.037965895385333216,-0.01843752918364699,-0.025292694660414627,-0.017008434927694733,-0.016062858929531736,0.028352313368203753,0.024682176609248666,0.013125701157819336
2025-10-22,-63.051266145200046,-11.687252374652406,10.170915476441927,-0.018617422729971665,-0.014664485420205656,-0.034749396603890495,-0.005483758356256353,-0.02457427998762914,-0.029082384037656603,-0.027361720527938047,-0.010603482332162155,-0.0026611845873336427,-0.009895627754223849,-0.0001315258164333115,0.002973817069242649,0.02495099254947435
2025-10-23,11.245070678057624,-27.473477806850006,15.982219370026627,0.00611874996893634,-0.01131100098305512,-0.04927772517586341,0.0004712165327121524,-0.03056565301836084,-0.0066617566870667,-0.026007225453857606,-0.0033898337545115397,-0.004613338277988973,-0.010887786702210613,0.0037717280778796903,0.0009365436945466647,0.047199073937190084
2025-10-24,-25.105339517645508,-30.126270868044763,-2.2920604636059405,-0.014671877928922024,-0.007327288469961856,-0.021936476713812266,-0.009308263153409414,-0.00012826268214853717,-0.018362891840022093,-0.014965538529405279,-0.009896002957138363,-0.023640598616492918,-0.021909402630417605,-0.0047371898372655505,-0.003863744026465193,0.008456710018223458
2025-10-27,35.777713604478265,-24.251854449736943,12.688488802090983,-0.015349334154800474,-0.01533851700354931,-0.07342577873908311,-0.06279649836747754,-0.05172545818435312,-0.029749818971219,-0.07450847762459398,-0.03702833080075728,-0.008257271988433401,-0.02896067104121584,0.0,0.0,-0.007395701961128913
2025-10-28,-52.213798506258385,4.932253900576433,-0.5800004564058839,0.021969694204495578,0.01096776830494958,0.04188310787266598,0.03401406292692504,0.017009718350840912,0.024630839170504258,0.005207842805214013,0.009915095392196444,0.006511417947280235,0.01585854130664876,-0.02850921113444138,-0.025381675638578804,-0.026557704831367608
2025-10-29,-42.955274260237644,45.8898882808777,-6.571068858799348,0.0035864580825073836,-0.0005154639289391776,-0.013550467740150517,0.021783838399911548,0.0038438644982373067,0.005118979800714875,0.032367735221133884,-0.0045912141394466284,0.00671727864760456,-0.013041638035535342,0.010486096908662935,0.009906937973941292,0.01421092806329553
2025-10-30,-32.74011331930469,20.783207745214913,-20.162983392830924,0.019161201282931587,0.0075336372064032965,0.022120125436542147,0.011111225425070849,0.024953937055215945,0.00903620606393752,0.014056084944491449,0.03529880515073436,0.014523332198148792,0.028652607037921003,-0.004343058979020294,-0.007483317954566327,-0.005074201707643262
2025-10-31,-8.224313356590411,-21.97246928248517,4.611475998994753,-0.014387758609297458,-0.009770389687473931,-0.011871201414345459,-0.02202450979313201,-0.013117923025526652,-0.021212916639192763,-0.023412440624743344,-0.019146768610211584,-0.010070083868826421,-0.02841822288121714,0.012904679280038614,0.012312422557392204,0.003539281989559384
2025-11-01,-2.1304815442840446,0.8316003688520375,-0.10601875359996854,0.006181819238974138,0.0007748267788961127,0.005861896250501467,0.009475699263039506,0.006125793023676455,0.0,0.010287194433119005,0.0005223296018467767,0.0019728736362071716,0.0021069889569360063,0.0058447286231086155,-1.0707859085797306e-06,-0.005082016019697871
2025-11-03,-67.54482452254469,-21.11416666676525,-19.60931342088061,0.014668867480952374,0.01129568744781095,0.018996500690655085,0.014913809661590317,0.02413467592706842,0.020087846203623198,0.02861530534094394,0.01245475362790537,0.008585849382337184,0.008383840443897148,0.0,0.0,-0.0026281224062695806
2025-11-05,16.272810822772723,32.45971870149063,20.326990694685318,-0.00788227882709535,-0.00906066545664803,-0.016169450337588674,-0.015713361954925037,-0.012251301780520517,-0.009993483754222243,-0.011274896672540429,-0.014720154962699024,-0.0009775171843873533,-0.003484728813838021,0.0,0.0,-0.003566724724031513
2025-11-06,-25.783242417754103,-25.297582338192644,-23.225884496525982,-0.004847713614097642,0.005651183804027531,-0.006761721668970358,-0.002242153405689723,0.0014114328384078085,0.004537727582138167,-0.009555383251729124,0.0012204691603000307,-0.006869506896517445,-0.007943967009784681,0.0026257367977228553,0.0013247557881066973,-0.022148081955376774
2025-11-07,2.201617542107553,13.719865918871918,17.379544115097847,0.00869555985759872,0.02803567884787895,-0.024032703853795315,0.01416882733947155,0.012487420167083032,0.016464356945690543,0.03786341248051002,-0.0006972285448914494,0.01296337097084018,0.013745120301620985,0.0023129220165534117,0.0026805201091235414,0.009642056839169705
2025-11-10,-22.411669587014046,30.162044326628838,-9.480464726118871,0.01212136053234482,-0.009258166966944531,-0.03507454953222909,0.00031610558189559254,-0.013770458577632582,-0.001857355660254074,-0.009825894151291172,0.004349724126465842,-0.0007293059761692288,0.006687445653848797,0.0,0.0,0.0007862253726806296
2025-11-11,-34.25874109888396,17.5881856536273,-8.755326556476641,0.0021942227627373715,0.018184583788772985,0.0031077037733504152,0.002052254252541748,0.001795793196812577,0.012011601498114125,0.007512108301021964,0.002427606532943416,-0.004142810847831223,0.025415481908589777,-0.00447442918018725,0.001753930275388265,0.01930321455817399
2025-11-12,-42.16314263884147,-4.156294788901224,-15.088793917749253,-0.006764324954264983,-0.01986187368216748,-0.047356110979985794,-0.01685790558589469,-0.01614917855601824,-0.012755510775493155,-0.019613764162592934,-0.012548090750263129,-0.0036697288889624017,-0.007195893429780409,0.004224940293131617,0.002835364301258697,-0.025294088537900643
2025-11-13,-59.351187456472225,-22.163080902393116,3.154896197221219,0.0,0.0011743982559416616,0.007394310722816134,0.005438273159831556,-0.001955544590338666,0.010548816242668665,-0.0023651425561823994,0.00664221984099482,0.0029368596733097057,-0.012261734008594235,-0.0008730864897886602,-6.47610979249952e-05,-0.0023747339585531153
2025-11-14,7.450384031242619,4.379393090020313,-13.728058718404652,-0.005532007469615881,-0.009434032233358642,0.03178338839810797,-0.011874337210725575,-0.0024825256102406833,-0.008318746557998271,-0.003101343359658284,-0.007519489833216571,-0.000977995187976737,-0.01588979891461605,-0.00845290177821548,-0.005258559119357573,0.020706622176081223
2025-11-17,12.626447409066117,-9.280502102801965,-14.007034140293834,-0.009322502158520974,-0.00016927634403519375,-0.04570567007937627,-0.007127844854874603,-0.006299233427987089,-0.026141592056608907,-0.005129155776857179,-0.012007914016369033,-0.0046585838818505,-0.012144007254798837,0.0,0.0,-0.0023315468710867673
2025-11-18,62.08458836356457,43.764536992580496,23.862611727507115,0.01602404178156059,0.02441592858445193,0.03469602382825939,0.03184014267836909,0.019425680918792432,0.022049324440874023,0.03678078195820124,0.010251061842773,0.009782420881719876,0.028718972349011412,0.006544215199769013,0.007682645919241476,-0.004835825662860761
2025-11-19,-0.43188698072417586,18.792399309306134,1.796720805217322,0.01757770476520734,0.023995275141495576,0.04190868269832227,0.021807717811398484,0.03887303390871312,0.04090400420489924,0.05744357606476957,0.011886173849183248,0.020236778287352916,0.04136978965857701,-0.0009310361871395004,-0.005186172940880245,-0.0069041542099682555
2025-11-20,28.3369700295734,8.151185299450521,13.582320306450656,0.010250807964351714,0.03260770426330553,0.03629993707175969,0.027207392934170533,0.025383007051034828,0.03878019057625879,0.04972094071901064,0.022337698538394058,0.01772886525088123,0.03148168567097236,-0.0013567945192360892,-0.0015886219251858352,0.01313956022725216
2025-11-21,62.51859298260357,59.43442521752202,15.724939578366694,-0.003872505205526883,-0.00822985402995528,0.006014781643731953,-0.005714301263438552,-0.012181902381916842,-0.0022400285062239528,-0.004462870014898206,-0.009904452551302897,-0.012733018057509739,-0.011314028255754876,-0.0026311751735915807,-0.012615982650494581,-0.030291004968482863
2025-11-24,1.2642514249288346,-4.8743656436946665,-14.76181499785644,-0.002709896037768313,-0.008377508886909265,0.00036337209702159366,-0.021493091670731906,0.003914378086801788,-0.01075279177626185,-0.040755436564890966,-0.002749615067968667,-0.00834033191621895,-0.014706147389695449,0.0,0.0,0.0035177522684245515
2025-11-25,31.638394251245543,4.423759356160978,16.40030159742715,0.002383791355276419,0.012618463959211464,0.0027210901143605863,0.019379564313923684,0.0015858496766691893,0.010235148765824554,-0.000998834775900756,0.02598872380952344,0.012366388272152095,0.02133931603499539,-0.022699050340246264,-0.013453344394363744,-0.013498517670895343
2025-11-26,68.61758006175882,23.19967720566307,-16.694467439423008,-0.0053633459718765595,-0.007867861200613679,-0.008916445207315122,-0.007432722879795238,-0.006849341845574783,-0.011631065935438313,-0.012739025777429826,-0.003695619862076091,0.003067849013806083,-0.012446512608834275,0.0005231765422090633,-0.004358968604688828,0.009339842451513074
2025-11-27,-5.117765070392628,-22.65801192523465,0.3304456700520897,-0.017966040981798548,-0.020267190165104306,-0.011304747936197878,-0.02700573036553743,-0.016582486150606514,-0.02313977660848552,-0.027708288777575217,-0.02401546055648864,-0.01113623640028288,-0.007804071690964625,-0.0046637589007572896,0.005862753777933287,0.013215700664776654
2025-11-28,9.406753165849233,33.11109569698357,-2.4952366527972205,0.015372176148559541,0.02891844349352213,0.02230235934733751,0.02395601772429884,0.010674049464440262,0.041307937903122385,0.043938880160508204,0.014206486255263912,0.011607378929610578,0.020677023538670652,-0.004383969725787306,-0.007863218799277044,0.00015816528305016337
2025-12-01,7.656767100597548,-5.141393970399573,-26.516865203955035,0.0033805437777038047,0.0007827789049407663,-0.0003616309595508347,0.0010684577067745136,0.0032047358871418576,0.014131502723992906,-0.011854216783134076,-0.015241325947476013,0.012637659418452392,0.006586659317000106,0.0,0.0,0.0023694821922530043
2025-12-02,-9.3431383978349,10.024941253244394,13.950798476318484,-0.004696463301740628,-0.006121987568605595,-0.004531456004956827,-0.0010684577067745578,-0.005058304536464914,-0.004235499766854815,0.005025978078591515,0.000862440760658704,0.007183439532972962,-0.008720676345387583,-0.007022657474110969,-0.004904725625041155,-0.006172370628937008
2025-12-03,16.56386360187704,25.16496523941638,25.560180226515993,-0.003033202681604993,-0.015950820272356895,-0.010133833927359467,-0.0076652222619799475,-0.011069076390916551,-0.024752037106397513,-0.016852437932985045,-0.006573280890036914,-0.019821098951425246,-0.013766618793081714,-0.003088311862993618,-0.005465198025241265,0.00047615269529101094
2025-12-04,-67.26900836343445,-14.583395426785934,-10.414013374680378,-0.0036056339818636186,0.0024767319815191635,-0.0010098692618635988,-0.007879530918425498,0.0005001250416823734,0.0038214394255499926,-0.00016996685687219022,-0.0006944444723525925,0.004464817662577982,0.009270304612702732,0.006337739905395626,0.008189948666571644,0.0006345177877861618
2025-12-05,14.431191017975138,33.984925844567435,15.613964114785812,0.017932103875906845,0.026380521112907708,0.020276186752495682,0.038641862662550736,0.024692612590371414,0.0347564796942962,0.029312876722726717,0.0096786099467,0.007242176262921068,0.014063730627161717,-0.012713304694939278,-0.007636966079219823,0.01417123384883881
2025-12-08,2.515676116027477,-0.3563536867775601,-7.177668714740724,-0.007416274578534283,-0.01211946496843807,-0.005143719322720339,-0.007489549688749615,-0.01722059775167052,-0.019273631271402344,-0.025919016346493292,0.048675491845471736,-0.013828885562141445,-0.007433399418395098,0.0,0.0,-0.014012667290193598
2025-12-09,-32.92737549264182,-35.72126399192165,10.838823208674146,0.004710971515651848,0.016849072544324713,0.005323721123224291,0.03530386572328314,0.012453153968568905,0.0236178319212756,0.01362854441362379,-0.005585688910748978,0.009162521518376605,0.015441872146732667,0.003922359271150786,-0.002179209298633455,-0.01566027529875838
2025-12-10,16.10382390217837,7.9702134802127045,-3.8945130290032934,0.0011090815333108632,-0.007453450654580891,-0.0010804971337541407,-0.006552626285155058,-0.001103414566682134,-0.0040093605328992005,-0.0018399269220071826,0.03703228556838502,0.0011686340000101713,-0.0037854934794817447,-0.006034479250613179,-0.003111672613408467,-0.007598452208279703
2025-12-11,-3.1496975583708204,37.95418270764986,-6.714266867332766,0.0014985668689250988,0.015312340012595236,0.027632694134254215,-0.003952285024700854,0.009887172395865128,0.023328049345217573,0.016109291321238013,-0.016648375558686198,0.007678920804155527,0.012146746204165284,0.014109376306694345,0.021613906793499938,-0.005696166430958595
2025-12-12,19.264442944931847,22.831967807085853,44.331634967448956,-0.010899379644732747,-0.022193818529006402,-0.010926181479053318,0.003075348400247492,-0.023099687871942425,-0.021989808931379296,-0.01644418750655151,-0.013161291612463056,-0.017066457474510827,-0.007521974454688446,0.01831650880712322,0.016903705999104738,-0.0013065492631141732
2025-12-15,-11.208122531445309,-19.672286945819476,-15.360424994120857,0.004006968280417349,0.013096538919845718,0.009435280084714491,0.016100137460741737,0.018229350715331067,0.016249735770319337,0.019240931946932122,0.014774195187927832,0.025836419061187815,0.014367764077797484,0.0,0.0,-0.00721669525379131
2025-12-16,-25.756295633734993,-9.801130776218182,6.867650367409641,-0.0009838324343231651,0.010707647657797527,0.007954935082857769,0.010591196756114758,0.008144456373209048,0.006884144545145187,-0.000657354173219189,0.00353925723374449,0.0013777269687867074,0.02005797904459871,0.0013817054102820369,0.0031047617999907583,-0.028551901928440777
2025-12-17,20.903610839406287,18.93126486118338,-14.879876056820802,-0.004208594362161682,-0.010785097992808895,-0.0020918686264994107,-0.00028477858657502127,-0.003760086909310854,-0.007048631756635444,-0.006762912374087919,0.030834919777007242,0.001604952769137444,-0.0032474150722422005,-0.00024295111452164172,0.006180753750659653,0.01345915337400471
2025-12-18,-20.731984385727475,2.7998891213543344,0.6689766920098281,-0.005087052228128912,-0.002714547756020015,0.027113594471958224,0.015824009190459284,-0.005361289800477638,-0.008093198027491349,-0.025479085300985013,0.0,-0.0085126477473851,0.008703627456406553,0.011895449034928346,0.003643464211038857,0.005333345975362382
2025-12-19,2.098307370799597,-23.718936025639405,-21.54076070831984,-0.006945510864577503,-0.010147616544459285,0.0016121508731179479,-0.003369843121550435,0.0018309434471091147,-0.0008295313623754336,-0.005277057100843781,-0.01569398187389625,-0.004167637428523975,0.0018121418429264333,-0.004371283707523816,0.0011104023323497529,-0.0013306721857050613
2025-12-22,-21.215187806349338,-43.091311215400566,-16.962468529994545,-0.0071955999151365555,-0.022693983532795337,-0.014947961435873139,0.008542871085288258,-0.009188426054406255,-0.042725603297922264,-0.018605187831034358,-0.024823117784070262,-0.008387747218700614,-0.023611925369247354,0.0,0.0,0.028064531617008854
2025-12-23,9.998823704804485,3.526933960013632,8.073055755601555,0.009793349993867507,0.005761859730638171,-0.011337695552537433,0.03197527981081333,-0.0032051309489483358,0.008967123372967921,0.0024314009894051995,-0.0022727282510025667,-0.003046282379180788,0.0022631426180426263,-0.008980591244146232,-0.014860693170048244,0.0019401784582526263
2025-12-24,-24.25950416383388,-18.029034722543788,0.17020882832495,0.004579552703968841,-0.0022367799707696933,-0.01173188031370595,-0.016065696124879163,0.0019736036997017956,-0.0032671338493260363,-0.006264158294581586,-0.013087050842914973,-0.006120546413757317,-0.00763283746992614,-0.009241381137160965,-0.0005213388184807752,0.0035472465444618935
2025-12-25,11.802434220830783,-24.42592308941439,8.958297504883618,-0.005877584205387699,-0.006740516613842855,-0.000704783748669474,0.009833458096210541,-0.007297045550293316,-0.006393110327685863,-0.0071823029255010705,-0.011759969897262953,-0.0056831789242269655,-0.0016580314679195338,-0.0018876365448001937,-0.00366457151202092,0.002090200937859598
2025-12-26,-21.97470757916203,-13.811776166804478,2.586729069063347,0.00746556879157818,0.02520306710228971,0.02032608033599675,0.03236009060970277,0.014051753455650287,0.037759587827035514,0.02688567107136027,0.013733979421315146,0.008041670583519948,0.016253829693095613,-0.007067528900257576,-0.006335300668520742,-0.010819645314510079
2025-12-29,-14.032717663768599,-0.9309534046030661,18.573959464754736,-0.00933236045311954,-0.016465186344206757,0.007313433328544059,-0.02194966738016704,0.0003671296620811374,-0.009391315040156497,-0.020751220145334738,-0.008416585702621158,0.00047103156782351836,-0.012733792928745344,0.0,0.0,0.0076021393212822525
2025-12-30,-112.02457394370174,-37.829408093666835,3.009630171847968,0.0006671114323458633,0.0005585477903039718,0.01294626718348533,0.005097945036034745,0.0008561120806631152,0.0008421053129220893,0.014570942962947706,-0.001658650239276946,0.007272759329079878,-0.005596449470518797,-0.005637009473823706,-0.0045013456224577185,-0.0004835200352080423
