DATE,ZCYC_0.25y,ZCYC_0.5y,ZCYC_0.75y,ZCYC_1.0y,ZCYC_2.0y,ZCYC_3.0y,ZCYC_5.0y,ZCYC_7.0y,ZCYC_10.0y,ZCYC_15.0y,ZCYC_20.0y,ZCYC_30.0y,OFZ_26219,OFZ_26212,OFZ_26221,OFZ_26218,OFZ_26230,STK_SBER,STK_GAZP,STK_LKOH,STK_GMKN,STK_ROSN,STK_NVTK,STK_TATN,STK_MGNT,STK_MTSS,STK_CHMF,IDX_IMOEX,IDX_RTSI,FX_USD,FX_EUR,BRENT
2021-01-04,4.03,4.09,4.14,4.2,4.5,4.87,5.44,5.84,6.25,6.65,6.87,7.08,111.255,108.25,112.899,120.167,114.898,272.0,212.71,5212.5,24314.0,436.0,1250.4,515.8,5744.0,334.9,1343.2,3350.51,1424.84,,,51.54
2021-01-05,3.98,4.04,4.11,4.18,4.48,4.82,5.38,5.8,6.22,6.62,6.84,7.06,111.318,108.435,112.899,120.227,114.95,275.2,215.32,5358.5,24676.0,449.35,1287.4,524.2,5762.5,337.8,1334.2,3359.15,1426.11,,,52.87
2021-01-06,3.85,3.95,4.04,4.11,4.42,4.79,5.4,5.83,6.24,6.62,6.82,7.03,111.105,108.5,112.86,120.339,114.947,272.93,214.38,5376.5,25024.0,453.7,1301.2,522.0,5534.0,334.05,1326.4,3371.03,1436.71,,,54.33
2021-01-08,3.78,3.88,3.99,4.08,4.46,4.84,5.45,5.85,6.24,6.59,6.76,6.92,111.5,108.38,112.974,120.25,114.5,283.64,225.49,5556.5,26544.0,478.2,1379.2,545.4,5478.0,339.4,1369.2,3454.82,1466.5,,,55.42
2021-01-11,4.17,4.19,4.22,4.26,4.56,4.92,5.52,5.93,6.34,6.7,6.89,7.07,110.8,107.9,112.319,119.744,113.39,289.49,227.6,5599.0,26290.0,473.25,1405.4,539.8,5484.5,337.55,1351.2,3482.48,1466.56,,,55.56
2021-01-12,4.21,4.23,4.26,4.31,4.59,4.94,5.53,5.93,6.33,6.68,6.87,7.05,110.8,107.778,112.67,119.841,113.571,289.99,228.69,5721.0,25934.0,474.4,1401.0,546.2,5450.5,334.2,1332.8,3471.65,1484.96,74.5157,90.8123,56.49
2021-01-13,4.16,4.18,4.23,4.29,4.63,4.99,5.58,5.99,6.38,6.73,6.91,7.07,110.641,107.462,112.123,119.36,113.08,283.78,226.8,5755.0,25976.0,485.95,1425.6,546.2,5410.0,331.9,1315.6,3470.26,1486.77,74.2663,90.3227,56.48
2021-01-14,4.2,4.23,4.29,4.35,4.67,5.01,5.58,5.98,6.39,6.76,6.95,7.13,110.311,107.399,111.82,119.0,112.65,284.79,228.86,5937.0,26432.0,505.0,1438.0,551.6,5375.5,337.35,1367.6,3490.85,1500.58,73.5264,89.7831,55.48
2021-01-15,4.17,4.22,4.28,4.36,4.73,5.09,5.67,6.07,6.47,6.85,7.04,7.22,110.138,106.607,111.001,118.439,111.8,276.9,226.5,5888.5,25796.0,512.2,1375.8,535.2,5210.0,332.85,1344.8,3450.95,1474.28,73.7961,89.6475,54.97
2021-01-18,4.17,4.22,4.28,4.36,4.71,5.09,5.69,6.1,6.5,6.86,7.05,7.22,110.08,106.742,110.601,118.435,111.729,279.79,226.88,5873.0,25874.0,516.5,1390.4,532.9,5219.0,333.0,1347.8,3471.92,1474.86,,,54.96
2021-01-19,4.15,4.21,4.27,4.35,4.7,5.06,5.64,6.06,6.47,6.84,7.04,7.23,110.259,106.848,111.084,118.65,112.1,278.19,223.15,5892.0,25826.0,510.7,1377.2,530.5,5183.5,331.1,1340.4,3443.23,1470.63,73.9735,89.3304,55.95
2021-01-20,4.09,4.15,4.23,4.31,4.7,5.08,5.67,6.07,6.46,6.82,7.01,7.17,110.286,107.008,111.283,118.599,112.198,279.8,224.3,5864.0,26550.0,510.65,1388.6,529.5,5161.5,332.2,1340.0,3466.8,1486.9,73.7243,89.2064,56.4
2021-01-21,4.13,4.16,4.21,4.29,4.68,5.08,5.71,6.11,6.5,6.84,7.02,7.18,110.07,106.7,110.949,118.289,111.65,274.4,217.28,5771.0,26538.0,498.0,1352.0,516.8,5060.0,329.3,1344.4,3422.67,1463.84,73.355,89.1483,55.93
2021-01-22,4.12,4.16,4.22,4.3,4.72,5.16,5.81,6.23,6.63,6.98,7.15,7.29,109.38,106.1,109.99,117.24,110.25,268.25,215.49,5740.5,26172.0,494.25,1359.2,507.0,4991.0,329.9,1320.4,3382.92,1418.29,73.3694,88.9677,55.61
2021-01-25,4.12,4.17,4.24,4.33,4.75,5.18,5.82,6.22,6.6,6.94,7.12,7.27,109.44,106.21,110.229,117.398,110.5,265.3,218.68,5722.0,25982.0,495.6,1373.0,509.7,5168.5,333.8,1313.0,3397.48,1412.02,,,55.67
2021-01-26,4.13,4.17,4.24,4.32,4.71,5.12,5.76,6.18,6.57,6.92,7.09,7.24,109.677,106.434,110.26,117.49,111.119,269.34,218.8,5595.5,25768.0,493.95,1373.8,506.2,5175.0,336.3,1316.2,3390.76,1422.95,74.8569,91.1458,55.96
2021-01-27,4.19,4.22,4.28,4.35,4.75,5.16,5.81,6.23,6.62,6.95,7.11,7.26,109.5,106.137,109.936,117.15,110.65,265.5,217.4,5499.5,24996.0,481.25,1340.8,502.0,5087.5,334.5,1280.6,3343.62,1393.02,75.6354,91.6701,56.18
2021-01-28,4.26,4.28,4.32,4.39,4.76,5.16,5.79,6.22,6.61,6.97,7.14,7.3,109.5,106.099,109.99,117.185,110.699,265.96,217.7,5575.0,25230.0,483.4,1325.0,500.0,5060.0,333.6,1279.6,3342.01,1384.64,75.04,91.2186,55.62
2021-01-29,4.22,4.24,4.28,4.35,4.74,5.15,5.78,6.2,6.59,6.93,7.11,7.26,109.647,106.193,110.0,117.198,110.6,258.11,212.83,5377.0,24364.0,473.0,1266.8,489.3,4924.0,328.85,1262.8,3277.08,1367.64,76.1854,92.131,55.72
2021-02-01,4.25,4.26,4.3,4.36,4.73,5.14,5.77,6.18,6.58,6.92,7.09,7.24,109.649,106.246,110.358,117.164,110.976,263.8,214.66,5406.0,24866.0,478.35,1302.8,494.2,4948.5,330.75,1278.4,3291.14,1363.96,,,55.67
2021-02-02,4.24,4.26,4.31,4.38,4.75,5.14,5.78,6.22,6.63,7.0,7.19,7.35,109.531,106.227,109.931,117.0,110.48,263.15,214.42,5516.0,24770.0,482.0,1336.0,499.2,5014.5,331.95,1287.0,3360.25,1398.99,75.5053,91.5426,57.77
2021-02-03,4.16,4.2,4.27,4.36,4.77,5.18,5.82,6.25,6.67,7.04,7.22,7.39,109.54,105.904,109.697,116.79,109.947,263.53,218.1,5555.0,25312.0,489.95,1336.8,505.5,5048.5,335.05,1284.0,3343.46,1387.0,75.9051,91.625,58.63
2021-02-04,4.19,4.23,4.3,4.38,4.77,5.16,5.78,6.21,6.65,7.04,7.23,7.41,109.65,106.027,109.796,116.77,110.001,270.11,219.79,5699.5,25766.0,489.2,1339.4,506.7,5062.5,333.55,1299.6,3372.0,1402.71,76.0801,91.5624,58.4
2021-02-05,4.16,4.21,4.28,4.36,4.73,5.11,5.7,6.13,6.55,6.93,7.13,7.32,110.179,106.361,110.628,117.44,111.199,271.7,222.01,5715.0,25478.0,493.95,1378.2,513.0,4996.0,336.0,1287.0,3392.73,1431.76,75.7293,90.9206,59.54
2021-02-08,4.21,4.24,4.29,4.36,4.73,5.11,5.71,6.13,6.55,6.91,7.09,7.26,110.124,106.477,110.487,117.5,111.102,275.2,228.0,5758.0,25804.0,501.75,1399.8,528.2,5107.5,333.75,1296.4,3445.9,1462.22,,,60.33
2021-02-09,4.29,4.29,4.33,4.39,4.74,5.14,5.78,6.21,6.61,6.96,7.12,7.28,109.85,106.34,110.238,116.9,110.302,268.98,227.73,5695.0,25458.0,494.8,1378.0,526.6,5273.0,333.3,1287.6,3426.86,1457.87,74.2602,89.4019,60.59
2021-02-10,4.3,4.31,4.36,4.42,4.8,5.2,5.81,6.22,6.63,7.0,7.17,7.33,109.689,105.996,110.018,116.655,110.108,265.9,223.24,5594.5,25342.0,491.45,1347.0,523.3,5197.0,330.4,1283.0,3399.66,1448.31,74.1192,89.5286,61.26
2021-02-11,4.39,4.4,4.44,4.5,4.86,5.26,5.88,6.31,6.72,7.07,7.24,7.4,109.37,105.602,109.39,116.094,109.4,264.7,221.35,5641.5,25432.0,496.8,1327.4,517.0,5117.5,328.45,1277.2,3414.32,1461.33,73.8526,89.5684,61.38
2021-02-12,4.45,4.48,4.53,4.61,4.99,5.38,5.99,6.4,6.79,7.13,7.3,7.45,108.799,105.05,108.501,115.35,108.56,266.0,226.71,5756.0,25390.0,509.35,1370.0,529.2,5169.0,327.1,1287.2,3427.08,1461.99,73.7579,89.4388,61.55
2021-02-15,4.51,4.53,4.58,4.65,5.03,5.44,6.08,6.5,6.88,7.2,7.36,7.51,108.5,104.47,107.878,114.69,108.099,271.81,229.22,5909.5,26328.0,521.45,1409.8,538.2,5280.0,330.15,1287.8,3481.9,1496.4,,,63.31
2021-02-16,4.5,4.55,4.62,4.69,5.08,5.5,6.16,6.58,6.96,7.29,7.45,7.61,108.0,103.973,107.001,113.998,107.659,270.9,232.46,5868.5,26208.0,525.6,1399.0,538.0,5297.5,327.9,1301.0,3495.26,1494.58,73.3092,88.9754,63.04
2021-02-17,4.62,4.65,4.71,4.78,5.16,5.58,6.22,6.61,6.97,7.27,7.41,7.56,108.107,104.117,107.312,114.48,108.249,270.9,229.14,5768.5,26488.0,515.15,1372.0,529.8,5260.0,323.1,1293.0,3436.8,1462.35,73.2895,88.9441,63.72
2021-02-18,4.57,4.6,4.65,4.72,5.09,5.5,6.13,6.53,6.89,7.19,7.33,7.46,108.0,103.995,107.547,114.3,108.139,266.99,224.47,5615.0,26702.0,506.85,1330.4,515.2,5155.5,320.7,1280.8,3400.17,1446.7,73.7669,89.0809,64.19
2021-02-19,4.58,4.61,4.66,4.73,5.12,5.55,6.21,6.6,6.95,7.24,7.38,7.52,107.69,103.908,107.051,113.902,107.697,271.34,226.0,5656.0,28130.0,512.75,1363.0,523.8,5172.5,322.4,1308.4,3457.68,1472.33,73.7755,88.87,63.62
2021-02-20,,,,,,,,,,,,,107.68,103.971,107.1,114.109,107.87,270.51,225.84,5633.0,27088.0,513.15,1363.0,524.6,5149.5,323.2,1311.8,3446.32,1465.82,73.9717,89.5427,62.72
2021-02-22,4.51,4.52,4.57,4.65,5.08,5.55,6.22,6.62,6.96,7.23,7.37,7.5,107.65,103.913,106.578,113.911,107.49,273.71,225.63,5786.0,26156.0,516.0,1338.6,527.8,5098.0,320.2,1334.6,3433.93,1455.33,,,64.52
2021-02-24,4.6,4.63,4.68,4.75,5.13,5.55,6.2,6.6,6.95,7.23,7.37,7.51,107.597,103.994,107.22,113.91,107.898,271.9,222.55,5788.5,24846.0,518.25,1323.0,537.4,5008.0,315.65,1304.4,3385.48,1445.91,,,67.13
2021-02-25,4.59,4.62,4.68,4.76,5.21,5.66,6.32,6.7,7.01,7.27,7.4,7.54,106.903,103.598,106.748,113.57,107.399,270.71,221.7,5740.5,23204.0,529.35,1293.4,535.5,4919.5,314.8,1341.0,3409.76,1450.39,73.7532,89.6691,66.89
2021-02-26,4.58,4.6,4.66,4.74,5.21,5.72,6.4,6.76,7.06,7.3,7.42,7.54,106.393,103.252,106.368,112.968,107.05,270.17,217.56,5575.5,23502.0,523.35,1276.0,522.5,4929.0,313.05,1343.6,3346.64,1411.93,73.4747,89.4995,65.13
2021-03-01,4.56,4.56,4.61,4.7,5.19,5.69,6.36,6.73,7.02,7.25,7.36,7.46,106.929,103.258,106.8,113.062,107.56,273.58,221.47,5634.0,24268.0,524.1,1298.6,528.3,4970.5,316.7,1366.8,3386.16,1443.02,,,64.69
2021-03-02,4.64,4.62,4.66,4.74,5.23,5.73,6.35,6.68,6.94,7.17,7.29,7.41,106.929,103.7,107.689,113.699,108.4,279.1,222.74,5648.5,23774.0,526.0,1319.0,533.3,5068.5,318.9,1360.0,3410.1,1452.48,74.0448,89.4461,63.7
2021-03-03,4.64,4.61,4.65,4.72,5.17,5.64,6.26,6.6,6.87,7.08,7.19,7.31,107.34,104.071,108.098,114.3,109.2,278.01,222.15,5701.0,23304.0,533.8,1318.8,534.8,5030.0,315.8,1375.4,3416.04,1453.61,74.5755,89.5652,64.02
2021-03-04,4.64,4.61,4.64,4.72,5.18,5.65,6.25,6.55,6.8,7.0,7.1,7.2,107.54,104.338,108.765,114.801,109.9,274.75,221.14,5806.0,22172.0,540.1,1297.0,533.7,4965.5,319.0,1333.0,3397.56,1454.67,73.5187,88.8768,66.1
2021-03-05,4.66,4.63,4.67,4.74,5.21,5.7,6.32,6.64,6.89,7.1,7.19,7.29,106.971,103.792,107.71,114.16,108.883,277.5,227.0,6236.0,22348.0,561.0,1395.0,567.4,5010.0,318.6,1339.0,3414.13,1447.46,73.7864,88.9421,68.86
2021-03-09,4.63,4.61,4.65,4.73,5.23,5.72,6.34,6.66,6.91,7.11,7.21,7.3,106.999,103.601,107.781,113.997,108.579,285.79,232.1,6305.0,22954.0,570.6,1459.4,607.0,4980.5,313.9,1315.6,3478.72,1481.85,,,68.1
2021-03-10,4.65,4.64,4.69,4.78,5.3,5.8,6.42,6.73,6.97,7.17,7.27,7.38,106.837,103.35,107.59,113.839,108.345,282.24,231.69,6127.5,23164.0,561.15,1467.2,605.3,5070.0,315.3,1334.4,3463.06,1479.57,74.264,88.1736,67.89
2021-03-11,4.76,4.73,4.78,4.87,5.4,5.88,6.46,6.74,6.98,7.17,7.27,7.36,106.55,103.0,107.288,113.301,108.099,286.0,232.47,6339.0,23396.0,572.0,1490.4,618.7,5096.5,319.5,1361.0,3508.51,1505.22,74.0393,87.9587,69.19
2021-03-12,4.74,4.73,4.79,4.9,5.44,5.92,6.49,6.78,7.02,7.21,7.3,7.39,106.391,102.849,106.6,113.0,107.88,284.93,233.8,6356.0,23746.0,572.25,1532.0,623.6,5135.5,320.7,1408.0,3539.5,1519.5,73.4996,87.7585,69.32
2021-03-15,4.87,4.86,4.91,5.01,5.52,5.98,6.54,6.82,7.04,7.22,7.31,7.4,106.233,102.603,106.698,112.8,107.401,292.74,237.79,6472.5,24114.0,576.4,1558.6,624.6,5217.5,321.5,1436.2,3584.49,1543.99,,,68.17
2021-03-16,4.85,4.85,4.92,5.02,5.53,5.98,6.53,6.82,7.03,7.2,7.28,7.36,106.149,102.6,106.691,112.731,107.51,292.33,234.02,6445.0,22846.0,571.2,1540.2,610.0,5170.5,318.25,1435.2,3589.83,1552.81,73.2317,87.3508,68.08
2021-03-17,4.83,4.86,4.94,5.05,5.58,6.03,6.6,6.89,7.11,7.27,7.36,7.44,105.801,102.468,106.148,112.1,107.098,283.35,229.9,6363.0,22878.0,555.85,1493.6,608.3,5274.5,317.9,1417.0,3507.91,1493.66,72.9619,86.9852,67.67
2021-03-18,4.95,4.98,5.06,5.16,5.64,6.08,6.66,6.98,7.2,7.37,7.46,7.55,105.536,101.724,105.4,111.588,106.3,279.25,224.35,6083.0,22596.0,544.05,1443.0,583.6,5362.0,316.25,1411.4,3504.85,1488.72,73.1019,86.9693,65.36
2021-03-19,4.96,4.99,5.06,5.16,5.66,6.13,6.75,7.06,7.25,7.39,7.47,7.57,105.145,101.25,105.205,111.098,106.0,285.47,225.4,6078.0,22686.0,560.3,1427.8,598.0,5428.5,317.4,1422.6,3475.26,1474.05,73.6582,88.1173,63.81
2021-03-22,5.05,5.08,5.15,5.26,5.77,6.21,6.79,7.09,7.3,7.46,7.54,7.63,104.998,101.123,104.827,110.6,105.4,288.65,221.88,6118.0,22766.0,562.65,1434.6,600.7,5409.0,319.35,1411.8,3489.07,1467.62,,,64.71
2021-03-23,5.11,5.16,5.26,5.38,5.93,6.4,6.97,7.23,7.39,7.51,7.58,7.67,104.001,100.498,103.94,109.77,104.5,282.6,221.62,5961.0,22238.0,565.1,1464.4,589.5,5300.5,315.9,1378.6,3467.21,1435.67,74.6085,88.6573,61.96
2021-03-24,5.03,5.09,5.2,5.33,5.89,6.35,6.92,7.2,7.38,7.5,7.56,7.64,104.285,100.551,104.404,110.147,105.099,285.79,223.65,6162.5,21326.0,568.05,1501.0,605.1,5354.5,315.2,1397.6,3485.33,1437.18,75.3585,89.767,63.62
2021-03-25,4.94,5.0,5.1,5.23,5.8,6.27,6.84,7.11,7.28,7.4,7.47,7.56,104.7,101.007,105.012,110.751,105.665,286.66,224.84,6182.0,21252.0,574.65,1492.8,596.0,5294.5,314.55,1396.6,3439.3,1417.16,76.1535,90.0515,61.69
2021-03-26,4.79,4.86,4.99,5.13,5.74,6.18,6.72,6.98,7.16,7.3,7.37,7.45,105.14,101.619,105.941,111.697,106.748,291.22,227.3,6283.0,22206.0,582.2,1518.6,603.4,5348.0,315.05,1426.2,3489.83,1449.85,76.1741,89.9768,64.5
2021-03-29,4.74,4.82,4.94,5.09,5.7,6.17,6.72,6.99,7.16,7.29,7.35,7.43,105.2,101.499,105.99,111.799,106.751,293.3,228.74,6257.5,23116.0,575.3,1497.6,603.0,5300.0,316.15,1441.2,3529.33,1468.14,,,64.6
2021-03-30,4.76,4.85,4.99,5.15,5.78,6.24,6.8,7.09,7.29,7.42,7.48,7.56,104.849,101.067,105.198,110.999,105.88,293.25,225.93,6155.0,23172.0,570.25,1484.0,596.9,5281.0,315.0,1480.6,3525.23,1460.32,75.8287,89.349,64.25
2021-03-31,4.77,4.86,4.99,5.14,5.73,6.18,6.74,7.03,7.23,7.38,7.45,7.53,104.95,101.2,105.5,111.32,106.304,291.02,227.24,6111.5,23704.0,572.6,1488.2,594.2,5344.5,316.2,1534.6,3541.72,1477.11,75.7023,88.8821,64.36
2021-04-01,4.75,4.84,4.98,5.14,5.75,6.22,6.8,7.08,7.27,7.4,7.47,7.55,104.886,100.997,105.099,110.903,105.85,290.24,226.94,6112.0,23776.0,568.9,1489.0,606.0,5293.5,316.9,1509.2,3527.54,1457.37,75.6373,88.7452,63.19
2021-04-02,4.8,4.88,5.01,5.15,5.75,6.21,6.79,7.08,7.27,7.39,7.46,7.55,104.9,101.098,105.15,110.9,105.9,291.7,228.4,6108.5,23860.0,566.65,1484.6,605.3,5301.5,317.4,1528.2,3558.22,1466.71,75.8073,88.9523,64.64
2021-04-05,4.83,4.9,5.01,5.14,5.71,6.18,6.78,7.08,7.27,7.4,7.47,7.57,104.995,101.085,105.15,110.869,105.817,288.78,225.06,5990.5,23736.0,560.15,1459.6,596.4,5254.5,317.5,1507.8,3524.93,1457.13,,,62.79
2021-04-06,4.78,4.87,5.0,5.15,5.79,6.32,6.94,7.22,7.38,7.48,7.55,7.64,104.3,100.341,104.297,109.95,104.992,281.5,222.95,5891.0,23180.0,547.55,1424.0,582.2,5110.5,317.25,1503.0,3493.89,1426.86,76.6052,89.9958,63.41
2021-04-07,4.8,4.9,5.05,5.22,5.87,6.38,6.97,7.25,7.43,7.55,7.62,7.72,104.001,100.099,103.79,109.756,104.569,283.98,224.51,5978.0,23602.0,551.5,1462.4,588.0,5080.0,317.05,1521.8,3500.34,1429.51,76.3802,90.1821,61.93
2021-04-08,4.79,4.91,5.07,5.25,5.91,6.41,7.0,7.28,7.44,7.54,7.6,7.68,103.752,99.99,103.7,109.6,104.401,283.89,224.3,6008.5,23924.0,549.3,1445.0,580.0,5099.0,316.9,1553.0,3507.83,1440.43,77.773,92.3321,63.35
2021-04-09,4.75,4.91,5.09,5.28,5.93,6.43,7.0,7.28,7.46,7.59,7.66,7.75,103.76,99.949,103.45,109.39,104.162,281.07,222.15,5933.0,24410.0,538.0,1429.4,565.5,5135.0,316.8,1537.8,3486.03,1417.77,77.1011,91.6192,63.16
2021-04-12,4.82,4.97,5.14,5.31,5.93,6.4,6.96,7.23,7.42,7.55,7.61,7.69,103.9,100.1,103.849,109.599,104.498,281.75,222.87,6020.0,25432.0,540.15,1442.6,571.3,5180.0,317.3,1607.8,3522.65,1432.48,,,63.42
2021-04-13,4.82,4.94,5.09,5.25,5.86,6.36,6.96,7.23,7.4,7.51,7.58,7.68,104.0,100.121,103.874,109.6,105.0,287.95,227.99,6044.5,25384.0,551.95,1451.2,571.0,5134.5,315.7,1632.2,3526.3,1458.51,77.5104,92.0669,63.94
2021-04-14,4.8,4.91,5.05,5.2,5.78,6.22,6.77,7.04,7.23,7.36,7.42,7.5,104.906,101.2,105.15,110.995,106.5,287.18,235.32,6134.0,24886.0,552.1,1456.8,586.6,5095.0,316.5,1611.8,3576.89,1490.0,77.2535,91.9162,66.27
2021-04-15,4.93,5.0,5.11,5.23,5.75,6.21,6.81,7.11,7.27,7.38,7.45,7.54,104.678,100.992,104.998,110.696,105.999,283.72,234.63,6054.5,25112.0,556.5,1447.6,584.4,5111.5,315.8,1668.6,3568.51,1474.85,75.6826,90.5391,66.6
2021-04-16,4.85,4.92,5.02,5.14,5.66,6.11,6.7,7.0,7.19,7.31,7.38,7.47,105.239,101.405,105.6,111.4,106.972,288.5,235.1,6066.0,25480.0,555.05,1457.4,582.1,5111.5,321.7,1768.8,3598.44,1497.05,76.9808,92.2307,66.83
2021-04-19,4.87,4.95,5.06,5.18,5.69,6.15,6.77,7.08,7.26,7.39,7.46,7.55,104.98,101.05,105.246,110.999,106.17,287.72,231.17,6007.0,25240.0,548.05,1431.0,575.7,5095.5,321.4,1735.6,3574.08,1476.58,,,66.84
2021-04-20,4.93,4.99,5.09,5.21,5.72,6.19,6.81,7.12,7.27,7.36,7.43,7.53,104.989,100.781,105.245,110.889,106.101,287.42,230.0,5897.0,25202.0,541.05,1423.4,568.2,5086.0,321.5,1749.0,3552.41,1455.43,76.2491,91.476,66.39
2021-04-21,4.95,5.0,5.09,5.19,5.68,6.14,6.75,7.05,7.24,7.36,7.43,7.53,105.12,101.34,105.495,111.011,106.3,289.25,230.84,5946.0,25308.0,545.7,1430.8,569.6,5140.0,321.45,1827.8,3561.72,1464.17,76.0155,91.7507,65.88
2021-04-22,5.08,5.11,5.18,5.27,5.71,6.12,6.68,6.98,7.16,7.29,7.36,7.46,105.211,101.719,105.9,111.648,107.054,292.18,230.93,5999.0,25690.0,541.6,1443.6,566.6,5153.5,321.85,1874.8,3600.35,1501.77,76.8198,92.2913,65.55
2021-04-23,5.2,5.26,5.34,5.42,5.8,6.16,6.67,6.96,7.16,7.31,7.39,7.48,105.343,101.937,105.898,111.728,107.0,293.19,232.62,5950.0,25770.0,538.5,1427.2,571.3,5258.0,322.0,1881.2,3597.17,1511.85,76.4217,92.0423,65.7
2021-04-26,5.2,5.27,5.36,5.46,5.84,6.17,6.65,6.93,7.13,7.27,7.34,7.43,105.497,101.994,105.9,111.794,107.071,295.27,233.23,5919.0,26444.0,530.6,1408.8,568.4,5277.0,323.65,1876.0,3610.98,1519.33,,,65.66
2021-04-27,5.16,5.26,5.37,5.47,5.86,6.19,6.67,6.96,7.18,7.33,7.41,7.5,105.409,101.847,105.6,111.4,106.586,298.5,232.0,5903.5,26952.0,528.0,1406.4,568.5,5255.0,323.1,1811.8,3600.6,1516.01,74.768,90.4468,65.9
2021-04-28,5.12,5.22,5.32,5.43,5.85,6.21,6.69,6.98,7.21,7.37,7.44,7.52,105.295,101.799,105.328,111.2,106.349,298.49,232.96,5901.0,26326.0,527.95,1395.8,529.9,5226.0,322.8,1795.2,3578.12,1509.06,74.9578,90.4666,67.7
2021-04-29,5.06,5.17,5.29,5.4,5.83,6.18,6.67,6.96,7.21,7.39,7.46,7.55,105.4,101.708,105.063,111.38,106.12,297.1,230.51,5926.0,26334.0,528.75,1401.0,505.2,5113.5,321.6,1811.6,3571.05,1510.72,74.939,90.4289,68.12
2021-04-30,5.01,5.15,5.28,5.41,5.83,6.18,6.67,6.97,7.21,7.39,7.48,7.56,105.438,101.881,105.182,111.15,106.002,297.73,231.38,5805.0,25732.0,525.2,1358.0,506.5,5119.0,320.6,1774.0,3544.0,1485.03,74.3823,90.1513,66.71
2021-05-04,5.04,5.17,5.3,5.42,5.83,6.17,6.64,6.92,7.17,7.35,7.44,7.52,105.5,101.91,105.599,111.3,106.314,303.7,233.8,5991.0,26202.0,537.15,1406.2,514.0,5195.0,319.9,1757.8,3577.21,1502.58,,,68.81
2021-05-05,5.02,5.17,5.31,5.44,5.86,6.18,6.64,6.92,7.17,7.36,7.44,7.53,105.598,101.949,105.499,111.39,106.592,305.99,237.5,6122.0,26646.0,538.65,1418.6,511.1,5211.0,323.4,1752.2,3643.56,1535.67,75.2567,90.451,69.46
2021-05-06,5.07,5.21,5.34,5.47,5.88,6.19,6.62,6.9,7.16,7.36,7.45,7.54,105.688,101.805,105.5,111.447,106.648,314.72,243.0,6087.0,26824.0,538.55,1411.0,515.8,5170.0,323.15,1760.0,3658.27,1550.64,74.8617,89.7742,68.63
2021-05-07,5.09,5.23,5.35,5.47,5.88,6.19,6.61,6.89,7.15,7.35,7.44,7.54,105.6,101.911,105.662,111.586,106.424,317.94,241.7,6088.0,27000.0,536.2,1419.6,512.5,5129.5,324.05,1835.6,3682.69,1577.51,74.577,89.6788,68.33
2021-05-10,5.02,5.17,5.31,5.44,5.87,6.18,6.62,6.9,7.14,7.33,7.41,7.49,105.75,102.001,105.639,111.649,106.644,320.19,241.41,6118.0,27046.0,541.95,1414.0,517.1,5091.5,324.1,1831.2,3694.78,1570.78,,,68.19
2021-05-11,5.15,5.28,5.4,5.51,5.9,6.21,6.66,6.95,7.21,7.4,7.48,7.58,105.452,101.755,105.198,111.149,106.068,307.16,242.5,6021.0,27338.0,532.0,1407.0,515.6,5156.0,324.65,1827.8,3652.05,1552.63,,,68.31
2021-05-12,5.26,5.36,5.46,5.56,5.92,6.23,6.69,7.0,7.27,7.48,7.57,7.68,105.199,101.696,104.884,110.587,105.499,302.02,241.79,6119.0,27266.0,542.2,1389.4,510.6,5099.5,322.8,1819.2,3654.14,1548.02,74.1567,90.004,69.57
2021-05-13,5.23,5.35,5.46,5.57,5.95,6.27,6.74,7.04,7.3,7.48,7.57,7.67,105.048,101.314,104.636,110.399,105.2,306.74,247.16,6040.0,27388.0,550.0,1393.4,506.2,5122.0,323.9,1789.0,3637.38,1546.93,74.04,89.8475,67.45
2021-05-14,5.21,5.33,5.44,5.55,5.92,6.24,6.7,7.0,7.25,7.44,7.54,7.64,105.015,101.588,104.893,110.7,105.7,304.1,249.55,6050.0,27390.0,545.65,1373.2,500.9,5155.5,325.5,1780.0,3637.6,1548.93,74.3566,89.9343,68.39
2021-05-17,5.24,5.36,5.47,5.58,5.95,6.26,6.72,7.01,7.25,7.44,7.53,7.63,105.091,101.571,104.873,110.617,105.599,303.94,255.15,5976.0,27352.0,545.55,1393.2,505.9,5149.5,328.15,1772.8,3639.61,1551.36,,,69.43
2021-05-18,5.23,5.37,5.49,5.6,5.96,6.26,6.71,7.0,7.25,7.45,7.54,7.64,105.106,101.402,104.898,110.812,105.499,305.78,266.22,5994.0,27352.0,540.45,1402.2,500.4,5256.0,333.9,1783.8,3687.96,1574.32,73.8537,89.6584,69.2
2021-05-19,5.22,5.36,5.48,5.59,5.96,6.28,6.75,7.03,7.27,7.46,7.55,7.65,105.279,101.437,104.758,110.575,105.35,297.0,260.9,5862.5,27110.0,529.5,1393.0,492.9,5226.5,337.4,1767.8,3634.76,1552.91,73.6992,89.9057,66.39
2021-05-20,5.21,5.35,5.48,5.6,5.98,6.28,6.71,6.98,7.23,7.43,7.53,7.62,105.247,101.541,104.98,110.79,105.7,296.72,259.16,5711.0,27156.0,517.35,1375.0,483.3,5161.0,334.0,1813.0,3636.16,1558.72,73.6778,90.1006,66.29
2021-05-21,5.23,5.36,5.48,5.59,5.98,6.28,6.7,6.98,7.24,7.45,7.54,7.63,105.15,101.639,104.9,110.695,105.748,301.23,258.0,5800.5,27064.0,525.55,1403.6,487.7,5300.5,333.7,1783.4,3660.48,1569.55,73.6007,89.7708,66.86
2021-05-24,5.22,5.36,5.49,5.61,5.99,6.29,6.72,7.01,7.26,7.44,7.52,7.62,105.1,101.58,104.78,110.679,105.55,300.7,261.24,5818.0,26982.0,523.95,1402.6,492.8,5282.0,334.2,1784.0,3662.51,1570.9,,,68.17
2021-05-25,5.27,5.39,5.51,5.61,5.98,6.28,6.73,7.02,7.28,7.47,7.56,7.66,105.016,101.481,104.691,110.548,105.45,306.8,259.79,5913.0,26730.0,524.35,1404.8,485.3,5331.0,335.05,1789.0,3686.76,1580.69,73.5266,89.6877,68.63
2021-05-26,5.3,5.41,5.52,5.62,5.99,6.28,6.71,7.0,7.25,7.43,7.51,7.62,105.17,101.644,104.841,110.549,105.844,307.01,263.09,6016.5,26986.0,525.85,1421.2,486.4,5346.5,335.75,1754.4,3711.05,1590.58,73.3963,89.9545,68.91
2021-05-27,5.45,5.56,5.67,5.76,6.08,6.34,6.74,7.0,7.23,7.41,7.5,7.6,105.198,101.565,104.872,110.62,105.882,312.72,262.96,5992.0,26994.0,525.2,1466.0,485.0,5362.0,335.45,1756.2,3738.68,1603.67,73.4737,89.9392,69.09
2021-05-28,5.5,5.65,5.77,5.86,6.1,6.33,6.73,7.0,7.24,7.43,7.52,7.6,105.06,101.543,104.744,110.553,105.735,309.56,262.0,5955.0,27134.0,523.35,1456.0,492.5,5409.5,336.0,1758.2,3730.55,1603.79,73.458,89.6555,69.78
2021-05-31,5.52,5.66,5.77,5.86,6.13,6.37,6.76,7.02,7.25,7.43,7.51,7.6,104.974,101.401,104.66,110.463,105.629,310.79,261.03,5993.0,26404.0,531.4,1447.6,501.1,5460.5,338.75,1686.0,3721.63,1597.54,,,69.47
2021-06-01,5.67,5.78,5.88,5.95,6.16,6.39,6.77,7.03,7.26,7.44,7.53,7.62,104.849,101.34,104.605,110.371,105.552,311.6,263.86,6210.0,26750.0,544.0,1491.0,510.0,5469.5,338.45,1695.2,3764.59,1614.21,73.2965,89.3778,70.22
2021-06-02,5.64,5.76,5.87,5.95,6.18,6.42,6.8,7.05,7.26,7.43,7.52,7.6,104.745,101.491,104.646,110.445,105.507,313.98,271.15,6428.0,26944.0,552.0,1552.8,518.0,5471.5,339.25,1681.6,3817.68,1643.66,73.2411,89.5958,71.05
2021-06-03,5.67,5.79,5.9,5.98,6.23,6.46,6.82,7.06,7.26,7.43,7.52,7.61,104.57,101.279,104.493,110.147,105.498,312.41,272.1,6474.5,26630.0,559.45,1551.0,514.2,5459.0,338.9,1663.6,3805.45,1636.51,73.4979,89.6895,71.04
2021-06-04,5.75,5.85,5.94,6.02,6.29,6.53,6.87,7.09,7.29,7.44,7.52,7.6,104.4,101.14,104.327,110.0,105.429,310.94,274.3,6511.0,26400.0,556.45,1576.8,512.5,5445.0,340.6,1646.6,3807.43,1647.06,73.2636,89.2644,71.54
2021-06-07,5.73,5.87,5.99,6.08,6.35,6.58,6.91,7.12,7.3,7.44,7.51,7.57,104.2,100.938,104.2,109.761,105.021,315.53,275.67,6555.0,26246.0,551.55,1569.0,517.2,5417.0,340.9,1685.4,3822.21,1652.99,,,71.49
2021-06-08,5.73,5.88,6.01,6.1,6.38,6.63,6.98,7.2,7.37,7.5,7.56,7.62,103.8,100.6,103.799,109.429,104.45,314.83,275.36,6504.5,26072.0,550.25,1583.4,515.3,5396.0,343.0,1658.8,3807.43,1656.46,72.9294,88.653,71.81
2021-06-09,5.77,5.9,6.02,6.11,6.4,6.65,6.98,7.19,7.37,7.51,7.58,7.65,103.801,100.812,103.878,109.4,104.699,314.78,275.65,6587.0,26502.0,548.25,1619.8,523.8,5384.5,342.5,1655.0,3843.28,1674.75,72.8256,88.6433,72.11
2021-06-10,5.76,5.91,6.04,6.14,6.44,6.65,6.95,7.13,7.29,7.41,7.46,7.51,103.871,100.806,104.237,109.899,105.1,314.62,276.1,6570.0,26192.0,539.6,1568.4,519.4,5379.5,343.2,1691.0,3827.71,1677.36,72.0829,87.8114,72.64
2021-06-11,5.81,5.92,6.02,6.1,6.38,6.6,6.89,7.07,7.23,7.36,7.42,7.49,104.383,101.219,104.732,110.304,105.799,313.0,277.05,6518.5,26178.0,535.45,1550.6,523.4,5405.0,342.4,1733.8,3841.53,1678.57,72.1974,87.8065,72.72
2021-06-14,5.82,5.95,6.05,6.13,6.39,6.6,6.88,7.05,7.24,7.38,7.45,7.52,104.4,101.21,104.67,110.348,105.818,314.12,279.5,6515.0,26314.0,537.6,1575.2,535.9,5449.0,344.45,1721.2,3860.18,1687.37,,,73.18
2021-06-15,5.93,6.03,6.12,6.2,6.47,6.68,6.96,7.13,7.29,7.43,7.49,7.56,103.98,101.065,104.466,110.11,105.249,312.51,272.72,6504.5,26054.0,536.05,1561.6,537.1,5457.5,344.7,1695.0,3822.4,1665.31,,,73.68
2021-06-16,5.83,5.97,6.1,6.22,6.57,6.78,7.01,7.13,7.26,7.37,7.42,7.46,103.994,100.797,104.6,109.988,105.499,311.61,271.8,6591.5,25664.0,541.25,1575.4,540.6,5486.0,344.95,1661.4,3829.67,1679.02,71.8318,87.211,74.79
2021-06-17,5.82,5.99,6.13,6.25,6.59,6.78,6.97,7.08,7.21,7.3,7.34,7.37,104.049,100.997,105.088,110.3,105.924,313.9,272.5,6669.5,24970.0,537.0,1559.0,535.8,5559.0,343.95,1636.6,3819.07,1664.38,72.0323,87.3536,73.07
2021-06-18,5.77,5.94,6.09,6.22,6.55,6.74,6.92,7.03,7.16,7.24,7.26,7.28,104.248,101.27,105.55,110.898,106.404,309.3,270.06,6653.0,25000.0,541.0,1555.4,526.8,5605.0,341.3,1620.0,3802.95,1646.72,72.5048,86.7012,73.66
2021-06-21,5.77,5.95,6.1,6.23,6.59,6.78,6.95,7.05,7.16,7.24,7.27,7.29,104.008,101.03,105.4,110.74,106.311,310.4,272.62,6697.0,25372.0,541.2,1569.6,534.8,5650.0,342.65,1613.0,3813.45,1642.39,,,74.5
2021-06-22,5.75,5.91,6.06,6.19,6.57,6.77,6.96,7.07,7.21,7.29,7.32,7.34,103.991,100.95,105.199,110.489,105.953,309.73,277.0,6715.5,25078.0,551.85,1554.8,539.4,5606.0,342.25,1603.0,3821.68,1645.59,73.1987,86.8942,74.69
2021-06-23,5.75,5.91,6.06,6.18,6.54,6.73,6.93,7.04,7.17,7.25,7.28,7.31,104.099,101.249,105.319,110.65,106.137,309.79,277.35,6633.0,25336.0,570.45,1537.4,540.0,5569.0,341.8,1600.6,3837.15,1666.21,73.1661,87.0677,75.63
2021-06-24,5.73,5.9,6.05,6.19,6.55,6.75,6.93,7.03,7.14,7.22,7.25,7.27,104.247,101.22,105.494,110.873,106.51,310.0,277.47,6725.0,24358.0,565.95,1504.0,538.3,5319.5,339.15,1581.6,3823.44,1664.94,72.6671,86.7137,75.44
2021-06-25,5.73,5.89,6.03,6.16,6.54,6.74,6.94,7.05,7.15,7.23,7.26,7.28,104.28,101.145,105.525,110.7,106.3,311.81,277.19,6810.0,24734.0,564.7,1552.0,537.1,5324.5,341.9,1566.2,3831.84,1672.08,72.326,86.3283,75.99
2021-06-28,5.78,5.96,6.11,6.25,6.65,6.84,7.01,7.08,7.17,7.25,7.28,7.31,103.995,100.849,105.253,110.5,106.0,309.48,276.99,6759.0,24948.0,555.0,1545.2,530.4,5302.5,342.0,1571.4,3825.57,1669.75,,,75.11
2021-06-29,5.78,5.97,6.13,6.28,6.72,6.92,7.08,7.15,7.23,7.28,7.31,7.33,103.603,100.513,104.868,110.2,105.651,306.1,276.8,6685.0,24702.0,553.05,1528.2,523.8,5324.0,341.65,1540.6,3790.85,1640.08,72.1777,86.1657,75.1
2021-06-30,5.77,5.96,6.12,6.28,6.72,6.92,7.06,7.12,7.2,7.26,7.28,7.3,103.671,100.635,104.9,110.399,105.85,306.45,281.8,6762.5,24812.0,571.2,1608.0,531.3,5301.0,341.3,1577.4,3841.85,1653.78,72.3723,86.2026,74.56
2021-07-01,5.71,5.91,6.09,6.25,6.72,6.93,7.08,7.14,7.21,7.27,7.3,7.33,103.797,100.6,104.971,110.48,105.849,305.78,285.74,7010.0,24612.0,581.45,1657.8,537.0,5282.5,343.35,1570.0,3858.32,1656.61,72.7234,86.5118,75.74
2021-07-02,5.78,6.03,6.23,6.4,6.81,6.97,7.07,7.11,7.18,7.25,7.28,7.3,103.821,100.667,104.952,110.474,105.765,307.39,285.65,6849.0,25014.0,567.0,1657.0,538.3,5250.0,349.5,1574.0,3865.42,1659.72,72.9086,86.4113,76.05
2021-07-05,5.87,6.09,6.26,6.41,6.77,6.93,7.05,7.12,7.19,7.25,7.27,7.29,103.846,100.747,105.0,110.499,105.79,307.0,291.1,6845.0,24924.0,567.5,1681.2,542.4,5232.0,349.3,1555.0,3882.59,1664.55,,,76.78
2021-07-06,5.83,6.03,6.21,6.35,6.74,6.93,7.08,7.13,7.2,7.25,7.27,7.29,103.617,100.547,105.091,110.362,105.622,303.34,293.45,6829.0,24462.0,571.0,1651.0,539.3,5241.0,349.55,1528.2,3884.3,1644.99,73.354,87.0272,74.81
2021-07-07,5.86,6.06,6.23,6.37,6.76,6.94,7.08,7.13,7.2,7.25,7.28,7.3,103.614,100.713,104.618,110.377,105.4,304.06,297.39,6782.0,24658.0,580.25,1640.0,536.4,5310.0,324.35,1590.0,3895.1,1641.42,73.266,87.0034,73.14
2021-07-08,5.91,6.12,6.29,6.44,6.83,7.0,7.12,7.16,7.22,7.27,7.3,7.31,103.475,100.482,104.671,110.19,105.252,302.63,292.86,6684.0,24514.0,581.1,1638.6,521.9,5344.0,318.2,1561.0,3861.08,1627.64,74.058,87.5588,73.87
2021-07-09,5.93,6.14,6.31,6.44,6.78,6.95,7.09,7.15,7.21,7.26,7.28,7.29,103.598,100.362,104.719,110.35,105.45,303.56,295.22,6655.0,24780.0,577.85,1612.4,519.1,5322.5,319.35,1624.8,3855.31,1635.04,75.1952,88.7755,75.69
2021-07-12,6.09,6.3,6.46,6.58,6.84,6.97,7.1,7.16,7.22,7.27,7.28,7.28,103.498,100.38,104.647,110.188,105.3,306.23,297.39,6611.0,25112.0,579.0,1614.8,518.6,5365.0,324.0,1631.8,3875.61,1640.22,,,75.21
2021-07-13,6.06,6.26,6.41,6.54,6.85,6.99,7.09,7.15,7.24,7.31,7.34,7.35,103.399,100.376,104.675,110.198,105.211,303.0,293.83,6637.0,25662.0,576.0,1605.0,518.9,5416.5,323.7,1671.0,3877.03,1648.84,74.6336,88.605,75.95
2021-07-14,6.09,6.29,6.44,6.56,6.85,6.98,7.09,7.16,7.24,7.3,7.32,7.32,103.331,100.201,104.694,110.12,105.21,301.5,284.6,6566.0,25734.0,569.0,1587.0,516.2,5385.0,323.7,1652.4,3832.85,1625.77,74.0589,87.782,75.72
2021-07-15,6.14,6.3,6.44,6.55,6.83,6.95,7.07,7.15,7.23,7.3,7.33,7.34,103.504,100.248,104.885,110.25,105.29,301.72,280.01,6430.5,25624.0,562.5,1556.2,499.6,5308.0,322.2,1680.2,3799.97,1612.08,74.1236,87.3917,74.44
2021-07-16,6.18,6.32,6.45,6.55,6.8,6.92,7.05,7.14,7.24,7.32,7.34,7.36,103.566,100.291,104.841,110.243,105.053,298.85,279.65,6362.0,25248.0,563.45,1537.0,496.7,5235.0,320.55,1663.6,3770.15,1603.1,74.2197,87.8316,73.8
2021-07-19,6.17,6.33,6.46,6.57,6.8,6.91,7.06,7.17,7.28,7.34,7.36,7.36,103.66,100.379,104.7,110.0,104.999,291.46,275.51,6228.0,25046.0,543.9,1515.4,483.4,5099.0,317.1,1673.6,3693.42,1559.4,,,69.31
2021-07-20,6.23,6.36,6.47,6.56,6.79,6.87,6.99,7.1,7.22,7.31,7.34,7.35,103.983,100.421,105.098,110.509,105.252,296.1,277.3,6307.5,25138.0,547.5,1523.8,482.1,5096.5,316.05,1716.6,3704.4,1567.28,74.3463,87.6097,69.33
2021-07-21,6.25,6.36,6.46,6.54,6.73,6.8,6.92,7.04,7.16,7.25,7.28,7.3,104.153,100.925,105.548,110.92,105.82,294.86,282.9,6393.0,25050.0,551.9,1540.2,491.9,5142.0,317.15,1711.8,3722.96,1586.12,74.491,87.7727,72.07
2021-07-22,6.21,6.33,6.43,6.51,6.67,6.74,6.85,6.96,7.07,7.15,7.17,7.18,104.411,101.154,106.116,111.551,106.812,297.27,283.28,6456.0,25080.0,553.65,1551.6,490.4,5128.0,316.45,1739.0,3754.44,1599.74,74.4947,87.5983,72.75
2021-07-23,6.35,6.44,6.51,6.58,6.73,6.77,6.85,6.94,7.04,7.11,7.14,7.15,104.504,101.39,106.226,111.751,107.01,296.38,279.51,6433.5,24990.0,548.85,1536.8,486.0,5130.0,316.2,1741.6,3734.54,1595.86,73.6945,86.9227,73.82
2021-07-26,6.35,6.43,6.51,6.58,6.74,6.8,6.86,6.92,7.02,7.11,7.13,7.13,104.617,101.498,106.328,111.899,107.34,303.34,281.05,6405.0,25180.0,552.7,1566.0,489.8,5215.0,319.35,1748.6,3750.1,1602.53,,,74.11
2021-07-27,6.46,6.51,6.55,6.59,6.71,6.75,6.82,6.88,6.98,7.09,7.13,7.15,104.65,101.627,106.688,112.299,107.36,299.71,278.08,6332.5,25432.0,551.2,1554.4,487.6,5198.5,316.85,1783.2,3733.1,1594.64,74.098,87.3171,74.27
2021-07-28,6.39,6.45,6.5,6.55,6.7,6.74,6.8,6.87,6.97,7.07,7.12,7.15,104.72,101.746,106.791,112.052,107.452,302.9,282.2,6415.0,25690.0,554.25,1604.6,493.7,5265.0,318.15,1788.0,3782.28,1616.34,73.8471,86.9919,74.75
2021-07-29,6.43,6.48,6.53,6.58,6.71,6.76,6.81,6.86,6.96,7.07,7.12,7.15,104.609,101.601,106.682,112.348,107.551,303.12,287.0,6416.0,25178.0,554.0,1640.2,496.0,5347.0,318.0,1795.4,3804.33,1639.35,73.6088,86.9173,75.66
2021-07-30,6.49,6.52,6.56,6.59,6.7,6.74,6.79,6.84,6.93,7.03,7.08,7.12,104.665,101.841,107.088,112.547,107.81,305.59,287.35,6299.0,25318.0,544.5,1633.8,488.4,5337.0,316.1,1799.4,3771.58,1625.76,73.1904,86.8624,75.29
2021-08-02,6.48,6.53,6.57,6.61,6.74,6.78,6.82,6.87,6.97,7.09,7.16,7.22,104.589,101.7,106.811,112.12,107.328,306.51,286.75,6308.0,25290.0,548.85,1625.8,491.2,5321.0,316.85,1786.0,3788.1,1635.9,,,72.75
2021-08-03,6.47,6.53,6.58,6.63,6.75,6.78,6.83,6.88,6.99,7.13,7.2,7.26,104.52,101.732,106.593,111.999,107.1,309.89,287.09,6297.0,25582.0,551.0,1660.0,491.4,5383.0,317.3,1792.8,3793.69,1637.7,73.0156,86.7717,72.36
2021-08-04,6.5,6.54,6.58,6.62,6.73,6.78,6.84,6.91,7.03,7.16,7.24,7.3,104.491,101.594,106.39,111.797,106.953,311.1,287.94,6235.0,25446.0,543.5,1648.4,490.6,5415.0,316.4,1789.6,3810.62,1640.3,72.8724,86.5578,70.41
2021-08-05,6.49,6.54,6.58,6.62,6.71,6.76,6.83,6.9,7.02,7.15,7.23,7.3,104.56,101.667,106.441,111.899,106.979,315.82,285.95,6312.0,25496.0,548.0,1686.4,502.0,5489.5,316.6,1796.8,3833.75,1653.31,72.7857,86.4112,71.35
2021-08-06,6.49,6.54,6.6,6.65,6.76,6.79,6.85,6.92,7.04,7.18,7.27,7.36,104.5,101.55,106.25,111.997,106.85,319.15,282.27,6236.0,25102.0,544.9,1667.6,494.1,5458.5,316.1,1759.8,3805.36,1632.87,73.168,86.6529,70.64
2021-08-09,6.5,6.54,6.58,6.63,6.75,6.81,6.88,6.96,7.08,7.23,7.33,7.42,104.09,101.278,105.896,111.4,106.5,326.91,286.68,6290.0,24870.0,545.0,1670.0,494.0,5457.0,316.5,1736.0,3835.11,1641.07,,,68.97
2021-08-10,6.5,6.55,6.6,6.65,6.8,6.85,6.91,6.96,7.08,7.24,7.34,7.44,104.041,101.148,105.895,111.452,106.251,330.11,288.61,6423.5,24650.0,562.55,1712.8,497.3,5458.0,317.1,1775.0,3862.32,1646.47,73.5078,86.4378,70.91
2021-08-11,6.51,6.56,6.6,6.65,6.77,6.83,6.9,6.98,7.1,7.26,7.37,7.47,104.021,101.013,105.648,111.467,106.189,329.9,290.35,6450.0,24528.0,561.8,1706.0,495.1,5465.0,318.1,1767.4,3877.37,1656.2,73.5962,86.3578,69.83
2021-08-12,6.49,6.54,6.6,6.65,6.8,6.86,6.91,6.98,7.1,7.25,7.36,7.46,104.157,101.125,105.763,111.277,106.011,328.57,293.23,6504.5,24700.0,565.9,1732.8,498.8,5537.5,319.7,1744.2,3888.86,1665.56,73.9695,86.6257,71.33
2021-08-13,6.48,6.53,6.58,6.64,6.78,6.83,6.87,6.93,7.06,7.23,7.34,7.43,104.241,101.33,105.987,111.561,106.113,328.68,292.7,6429.5,24460.0,558.55,1729.8,494.5,5504.5,318.85,1747.8,3873.0,1666.44,73.5671,86.3457,70.88
2021-08-16,6.54,6.57,6.61,6.64,6.74,6.78,6.82,6.88,7.01,7.19,7.3,7.42,104.4,101.622,106.334,112.066,106.65,329.36,295.1,6495.5,24426.0,564.4,1773.4,496.6,5466.0,318.7,1761.2,3895.31,1674.09,,,69.83
2021-08-17,6.55,6.58,6.6,6.63,6.72,6.76,6.8,6.87,7.01,7.21,7.35,7.49,104.406,101.742,106.498,112.321,106.501,334.5,298.32,6567.5,24572.0,555.0,1798.2,500.6,5523.5,320.95,1743.2,3943.01,1689.76,73.392,86.5072,69.61
2021-08-18,6.49,6.52,6.56,6.6,6.72,6.78,6.83,6.88,7.02,7.22,7.37,7.53,104.412,101.792,106.394,112.071,106.45,334.9,295.05,6445.0,24146.0,546.95,1781.2,494.6,5555.0,323.0,1707.2,3925.17,1675.21,73.4753,86.4804,68.83
2021-08-19,6.45,6.49,6.54,6.58,6.72,6.78,6.85,6.93,7.07,7.28,7.44,7.61,104.203,101.547,105.95,111.851,105.901,332.69,293.68,6332.0,23736.0,537.8,1763.6,490.2,5573.0,323.3,1683.8,3853.98,1635.63,73.4633,86.121,65.97
2021-08-20,6.45,6.49,6.53,6.57,6.71,6.78,6.85,6.92,7.07,7.29,7.46,7.64,104.301,101.528,106.287,111.998,105.924,325.67,292.57,6339.5,23550.0,534.0,1733.0,488.7,5532.0,324.2,1669.0,3832.7,1623.5,74.1503,86.615,65.86
2021-08-23,6.42,6.46,6.51,6.55,6.7,6.78,6.86,6.94,7.09,7.31,7.47,7.66,104.225,101.568,105.896,111.562,105.762,329.22,297.69,6475.5,23858.0,544.85,1754.6,501.6,5545.0,327.45,1690.2,3883.01,1649.94,,,68.65
2021-08-24,6.43,6.47,6.51,6.55,6.7,6.79,6.88,6.96,7.11,7.33,7.49,7.68,104.236,101.354,105.857,111.5,105.754,324.83,298.7,6488.0,24066.0,545.0,1734.6,514.0,5634.0,329.85,1688.6,3888.87,1660.9,74.0666,86.7838,70.58
2021-08-25,6.39,6.44,6.49,6.54,6.71,6.79,6.88,6.96,7.12,7.34,7.5,7.68,104.161,101.418,105.484,111.37,105.501,324.57,296.7,6431.0,23932.0,538.5,1711.0,513.5,5583.0,330.4,1709.2,3886.64,1653.56,73.9465,86.8058,71.56
2021-08-26,6.45,6.5,6.56,6.61,6.79,6.87,6.94,7.01,7.15,7.35,7.5,7.67,104.1,101.229,104.901,111.289,105.2,322.54,294.34,6343.5,23712.0,531.7,1684.8,493.0,5619.0,331.15,1698.8,3851.57,1634.79,73.7428,86.5814,71.43
2021-08-27,6.44,6.49,6.54,6.6,6.75,6.83,6.89,6.96,7.1,7.31,7.44,7.6,104.105,101.202,105.599,111.418,105.838,327.41,299.66,6429.5,23986.0,537.8,1723.8,487.2,5601.0,329.35,1734.4,3887.38,1664.25,73.9908,87.0576,72.54
2021-08-30,6.4,6.45,6.52,6.57,6.75,6.83,6.9,6.98,7.12,7.32,7.45,7.6,104.143,101.495,105.398,111.328,105.506,328.28,305.17,6439.0,24266.0,539.3,1745.6,489.5,5591.0,329.1,1739.4,3928.5,1684.7,,,72.99
2021-08-31,6.44,6.49,6.54,6.59,6.74,6.81,6.88,6.95,7.1,7.3,7.43,7.57,104.136,101.53,105.695,111.739,105.528,327.94,305.65,6283.5,24032.0,533.6,1725.2,485.1,5539.5,330.15,1722.4,3918.96,1684.16,73.5744,86.8104,71.99
2021-09-01,6.45,6.51,6.56,6.61,6.76,6.82,6.88,6.95,7.09,7.28,7.41,7.54,104.361,101.58,105.789,111.68,105.749,334.57,312.89,6334.0,24228.0,541.55,1805.4,491.5,5547.5,330.4,1661.0,3971.02,1715.09,73.2781,86.666,70.91
2021-09-02,6.58,6.62,6.67,6.71,6.81,6.86,6.92,6.99,7.13,7.32,7.45,7.59,104.002,101.544,105.63,111.227,105.47,329.0,312.3,6350.5,23880.0,550.7,1839.4,488.0,5565.5,328.1,1671.8,3990.77,1726.61,73.1912,86.3949,73.39
2021-09-03,6.58,6.63,6.68,6.72,6.82,6.85,6.9,6.97,7.11,7.31,7.44,7.59,104.12,101.476,105.699,111.371,105.552,329.71,317.94,6330.0,24442.0,555.4,1840.4,489.2,5517.5,329.1,1648.0,4001.7,1734.16,72.8491,86.297,72.96
2021-09-06,6.58,6.64,6.69,6.73,6.84,6.88,6.93,7.0,7.15,7.35,7.49,7.64,104.001,101.38,105.599,111.495,105.439,329.37,328.93,6325.0,24658.0,550.7,1853.8,486.5,5440.0,328.05,1663.0,4028.25,1737.01,,,72.2
2021-09-07,6.69,6.73,6.77,6.81,6.89,6.91,6.95,7.01,7.13,7.33,7.47,7.64,103.83,101.271,105.448,111.349,105.264,325.96,327.73,6280.0,24376.0,547.3,1952.0,480.1,5337.0,328.6,1662.0,4010.16,1723.91,72.9538,86.5743,71.82
2021-09-08,6.76,6.79,6.82,6.85,6.9,6.92,6.95,7.0,7.13,7.34,7.49,7.67,103.812,101.195,105.598,111.449,105.168,331.7,327.6,6341.5,24260.0,555.9,1924.0,483.3,5452.5,329.25,1657.4,4017.37,1726.53,73.1909,86.8922,72.51
2021-09-09,6.83,6.85,6.87,6.88,6.92,6.93,6.95,6.99,7.12,7.34,7.51,7.72,103.702,101.1,105.595,111.3,105.268,326.01,324.57,6269.5,23980.0,541.9,1891.0,479.1,5323.0,328.85,1615.4,3993.56,1726.37,73.4421,86.9114,72.46
2021-09-10,6.75,6.77,6.8,6.82,6.9,6.91,6.91,6.96,7.09,7.33,7.51,7.77,103.806,101.408,105.697,111.476,105.428,326.25,326.43,6300.0,24508.0,543.3,1913.0,480.0,5318.5,330.35,1635.0,4002.66,1725.25,73.129,86.4677,72.74
2021-09-13,6.81,6.82,6.84,6.86,6.91,6.91,6.91,6.95,7.08,7.31,7.52,7.79,103.81,101.19,105.845,111.52,105.601,327.41,332.75,6420.5,24492.0,559.4,1993.0,491.4,5434.5,333.55,1648.8,4041.16,1751.08,,,73.57
2021-09-14,6.79,6.81,6.83,6.85,6.93,6.94,6.95,6.99,7.12,7.35,7.55,7.83,103.705,101.192,105.5,111.329,105.106,326.48,338.98,6570.0,24044.0,557.25,1957.2,500.1,5378.0,332.65,1622.4,4055.7,1754.6,73.0841,86.115,73.71
2021-09-15,6.83,6.84,6.86,6.87,6.92,6.95,7.0,7.06,7.17,7.4,7.6,7.9,103.609,100.949,105.465,111.2,105.054,333.51,343.34,6724.5,23978.0,568.1,1924.8,510.0,5501.5,329.65,1630.8,4065.53,1766.67,72.7171,85.988,75.76
2021-09-16,6.89,6.9,6.9,6.9,6.93,6.95,7.01,7.07,7.19,7.43,7.64,7.94,103.661,100.804,105.301,111.02,105.053,326.99,338.5,6664.0,23484.0,576.45,1900.6,508.7,5714.5,329.65,1609.0,4045.1,1755.64,72.852,86.0674,75.19
2021-09-17,6.88,6.89,6.89,6.9,6.93,6.96,7.03,7.09,7.2,7.43,7.65,7.95,103.511,100.702,105.077,110.996,104.95,329.56,334.5,6600.5,23256.0,567.1,1850.0,502.0,5727.5,330.35,1571.0,4035.17,1745.04,72.4329,85.3622,74.87
2021-09-20,6.96,6.97,6.97,6.98,7.03,7.06,7.12,7.19,7.29,7.5,7.7,8.0,103.105,100.251,104.391,110.398,104.138,326.92,325.7,6551.0,22510.0,552.5,1840.0,487.5,5630.5,328.0,1510.2,3969.61,1700.66,,,74.5
2021-09-21,6.99,6.99,7.0,7.0,7.03,7.05,7.1,7.15,7.26,7.48,7.69,7.97,103.35,100.302,104.629,110.4,104.496,323.25,335.3,6605.0,22662.0,564.5,1837.0,493.3,5623.5,328.4,1521.8,3970.48,1710.9,73.3315,85.8785,74.22
2021-09-22,6.96,6.96,6.97,6.98,7.0,7.03,7.08,7.15,7.27,7.49,7.7,8.0,103.305,100.446,104.636,110.477,104.499,327.8,340.59,6702.0,23150.0,586.0,1913.6,505.2,5655.5,328.0,1561.0,4030.98,1747.31,73.2067,85.8568,75.7
2021-09-23,7.07,7.07,7.08,7.08,7.09,7.1,7.14,7.21,7.33,7.55,7.76,8.05,103.102,100.193,104.095,110.019,103.799,327.02,343.47,6801.0,23096.0,598.25,1869.0,507.3,5941.0,327.95,1579.4,4052.14,1753.21,72.8806,85.4889,77.18
2021-09-24,7.1,7.1,7.11,7.11,7.14,7.16,7.21,7.27,7.39,7.62,7.83,8.12,102.626,99.937,103.571,109.489,103.196,325.44,344.29,6825.0,22856.0,614.0,1884.6,503.7,5944.5,331.75,1563.4,4038.23,1747.56,72.7245,85.204,77.82
2021-09-27,7.1,7.1,7.11,7.12,7.14,7.17,7.23,7.29,7.41,7.63,7.83,8.12,102.7,99.802,103.5,109.509,103.249,331.68,355.19,6986.0,22712.0,627.85,1867.0,531.5,5954.5,331.9,1568.0,4081.22,1774.24,,,79.5
2021-09-28,7.07,7.08,7.09,7.1,7.15,7.18,7.23,7.3,7.42,7.62,7.81,8.1,102.767,99.867,103.482,109.49,103.349,329.3,354.07,6968.0,22324.0,617.85,1854.2,524.7,5906.5,330.1,1533.2,4065.46,1756.26,72.6613,85.0355,78.69
2021-09-29,7.09,7.1,7.1,7.11,7.13,7.15,7.21,7.27,7.39,7.59,7.77,8.05,102.7,99.474,103.369,109.401,102.897,328.43,360.88,6992.0,22218.0,618.9,1861.0,526.9,6027.5,329.7,1543.2,4058.37,1756.52,72.5083,84.6752,78.88
2021-09-30,7.12,7.13,7.14,7.15,7.19,7.21,7.26,7.31,7.42,7.64,7.83,8.11,102.782,99.749,103.457,109.4,103.299,340.99,360.8,6903.5,21830.0,614.35,1921.0,527.3,6060.0,330.1,1520.0,4103.52,1777.74,72.7608,84.8755,78.67
2021-10-01,7.09,7.12,7.16,7.18,7.22,7.24,7.28,7.34,7.45,7.66,7.85,8.13,102.637,99.5,103.161,109.206,102.915,338.48,363.25,6987.5,22122.0,618.45,1931.8,532.1,6014.0,328.85,1504.8,4086.99,1771.5,72.6642,84.305,78.62
2021-10-04,7.17,7.2,7.22,7.24,7.31,7.34,7.38,7.44,7.56,7.75,7.92,8.18,102.238,99.019,102.39,108.509,101.913,345.85,376.06,7134.5,21636.0,631.7,1953.0,539.9,5985.5,327.35,1462.4,4112.72,1785.75,,,81.57
2021-10-05,7.21,7.26,7.31,7.35,7.44,7.47,7.51,7.56,7.67,7.87,8.05,8.3,101.59,98.4,101.438,107.754,101.103,363.2,389.82,7346.5,21818.0,655.25,1991.6,577.8,6245.0,327.7,1485.0,4223.85,1840.11,72.9239,84.6355,82.84
2021-10-06,7.1,7.2,7.29,7.36,7.46,7.49,7.54,7.59,7.69,7.88,8.04,8.28,101.592,98.407,101.102,107.581,101.035,364.28,381.3,7096.0,21524.0,646.0,1930.4,564.6,6240.5,327.55,1538.0,4171.71,1814.64,72.5686,84.1723,81.08
2021-10-07,7.11,7.19,7.26,7.31,7.4,7.42,7.44,7.48,7.57,7.73,7.88,8.06,101.843,98.882,102.351,108.429,102.048,368.93,370.7,7165.0,22272.0,647.95,1915.8,569.3,6339.5,328.5,1560.0,4228.02,1853.99,72.5682,83.9251,81.89
2021-10-08,7.09,7.15,7.21,7.26,7.34,7.36,7.39,7.44,7.54,7.71,7.85,8.03,102.073,99.036,102.616,108.789,102.423,373.01,366.17,7220.0,22766.0,631.0,1906.4,571.0,6300.0,328.9,1584.2,4238.0,1860.96,72.2854,83.6053,83.07
2021-10-11,7.14,7.22,7.28,7.32,7.38,7.39,7.43,7.48,7.58,7.74,7.87,8.05,102.006,98.85,102.415,108.5,101.902,387.6,369.81,7264.0,22644.0,641.55,1905.0,565.0,6350.0,319.0,1595.6,4279.87,1882.43,,,83.95
2021-10-12,7.14,7.21,7.27,7.32,7.38,7.41,7.44,7.49,7.59,7.76,7.89,8.07,101.857,98.583,102.198,108.108,101.318,377.79,364.1,7306.0,22528.0,638.65,1897.6,574.4,6475.5,318.05,1591.4,4263.8,1869.94,71.6373,82.9273,83.4
2021-10-13,7.13,7.18,7.23,7.27,7.35,7.38,7.4,7.43,7.52,7.69,7.83,8.0,102.001,99.0,102.79,108.558,102.493,378.8,362.77,7252.0,22718.0,632.85,1907.0,567.9,6401.0,317.15,1586.6,4243.92,1855.11,71.8801,83.0934,83.3
2021-10-14,7.12,7.17,7.22,7.26,7.35,7.37,7.39,7.42,7.5,7.65,7.78,7.93,101.841,99.042,102.689,108.699,102.64,376.09,367.0,7215.0,22928.0,640.45,1898.2,564.2,6358.0,319.55,1595.6,4259.13,1875.97,71.8577,83.0028,83.41
2021-10-15,7.11,7.16,7.22,7.26,7.37,7.41,7.43,7.45,7.53,7.68,7.8,7.97,102.106,98.809,102.583,108.6,102.298,371.82,367.76,7306.5,23108.0,645.45,1905.6,570.5,6270.5,318.8,1567.6,4261.82,1891.56,71.7846,83.3347,84.84
2021-10-18,7.14,7.21,7.28,7.34,7.47,7.5,7.51,7.53,7.61,7.76,7.89,8.05,101.696,98.531,102.322,108.037,101.73,364.6,363.5,7319.0,23120.0,639.25,1897.0,569.1,6270.0,319.4,1639.6,4248.33,1876.56,,,84.75
2021-10-19,7.13,7.19,7.26,7.31,7.44,7.48,7.49,7.51,7.58,7.73,7.85,8.0,101.838,98.645,102.421,108.05,101.7,373.18,368.83,7373.0,23672.0,643.0,1892.2,573.0,6361.0,319.1,1652.2,4276.26,1900.04,71.1714,82.4592,84.95
2021-10-20,7.17,7.24,7.31,7.37,7.46,7.49,7.52,7.55,7.61,7.74,7.85,7.99,101.425,98.338,102.013,107.887,101.604,370.16,369.97,7439.0,23530.0,643.7,1893.6,580.7,6307.5,319.25,1627.8,4287.52,1904.77,70.9674,82.6841,85.22
2021-10-21,7.12,7.23,7.34,7.41,7.55,7.58,7.59,7.62,7.7,7.84,7.95,8.08,101.2,98.04,101.476,107.476,100.805,364.6,363.37,7232.0,23210.0,633.3,1856.0,562.9,6158.0,316.85,1628.0,4218.63,1868.16,71.0555,82.6162,83.65
2021-10-22,7.19,7.33,7.46,7.56,7.8,7.86,7.85,7.84,7.86,7.92,7.96,7.98,100.328,96.997,100.347,105.858,100.038,364.37,358.12,7200.0,22864.0,634.5,1836.6,562.5,6315.5,316.25,1621.0,4196.96,1877.99,70.9904,82.6399,84.8
2021-10-25,7.29,7.49,7.65,7.78,8.07,8.15,8.13,8.07,8.0,7.96,7.96,7.93,99.259,95.983,99.038,104.7,98.827,369.99,364.84,7441.5,23024.0,655.05,1856.4,570.2,6465.0,316.25,1632.2,4254.98,1919.58,,,86.41
2021-10-26,7.43,7.66,7.83,7.95,8.17,8.2,8.17,8.11,8.03,7.98,7.95,7.93,99.159,95.599,98.7,104.261,98.621,372.16,364.82,7440.5,22688.0,650.8,1829.6,562.2,6570.5,313.95,1633.4,4235.87,1916.29,70.1345,81.7418,86.33
2021-10-27,7.3,7.6,7.82,7.97,8.23,8.22,8.12,8.05,8.0,7.97,7.97,7.96,99.227,95.804,99.227,104.753,98.5,371.36,362.17,7323.5,22250.0,638.4,1806.8,546.0,6668.0,312.9,1630.0,4229.53,1891.28,69.5526,80.7019,84.95
2021-10-28,7.45,7.76,7.99,8.15,8.42,8.44,8.34,8.25,8.16,8.1,8.07,8.05,98.191,94.917,98.196,103.17,97.564,365.36,353.21,7288.5,22362.0,641.25,1801.0,548.7,6635.0,312.2,1619.4,4189.66,1880.37,69.8104,81.0289,83.79
2021-10-29,7.46,7.79,8.03,8.19,8.44,8.43,8.33,8.25,8.17,8.11,8.07,8.03,98.35,94.912,97.85,103.388,97.403,356.14,350.18,7272.5,22170.0,636.1,1804.8,540.0,6472.0,311.35,1614.2,4150.0,1843.83,70.5207,81.8393,83.51
2021-11-01,7.54,7.95,8.19,8.33,8.45,8.44,8.41,8.38,8.32,8.28,8.26,8.26,98.197,94.508,96.99,102.39,96.275,370.96,359.1,7293.0,22396.0,641.9,1844.0,552.4,6536.0,312.85,1662.4,4221.49,1866.98,,,84.6
2021-11-02,7.51,7.9,8.15,8.31,8.49,8.47,8.4,8.35,8.29,8.25,8.23,8.23,98.274,94.653,96.852,102.56,96.355,370.7,352.48,7214.0,22134.0,630.2,1806.0,545.2,6656.0,313.35,1647.4,4207.53,1850.83,71.0863,82.1687,84.38
2021-11-03,7.48,7.85,8.11,8.29,8.55,8.52,8.41,8.35,8.29,8.25,8.24,8.24,98.2,94.512,97.093,102.451,96.59,370.13,353.02,7175.0,22038.0,619.75,1796.6,538.2,6712.0,313.6,1651.0,4184.87,1826.65,71.4783,82.9577,82.39
2021-11-05,7.37,7.86,8.17,8.35,8.53,8.48,8.39,8.34,8.29,8.24,8.22,8.21,98.248,94.512,97.019,102.501,96.505,360.21,350.6,7199.0,21664.0,626.25,1781.8,543.0,6793.5,313.2,1632.2,4174.76,1848.1,,,82.61
2021-11-08,7.54,7.9,8.15,8.31,8.52,8.46,8.32,8.23,8.16,8.1,8.07,8.05,98.4,94.799,97.799,103.126,97.499,358.39,351.47,7208.5,21872.0,631.7,1788.8,553.4,6859.5,313.55,1665.8,4218.27,1865.46,,,83.23
2021-11-09,7.61,7.92,8.12,8.26,8.43,8.37,8.23,8.15,8.07,8.01,7.98,7.95,98.948,95.23,98.516,103.799,98.398,357.44,349.46,7188.0,22188.0,636.4,1777.2,545.0,6729.5,316.05,1674.6,4187.33,1864.21,71.3975,82.5355,83.78
2021-11-10,7.76,7.96,8.11,8.22,8.38,8.35,8.21,8.11,8.02,7.95,7.91,7.87,99.388,95.75,99.443,104.697,99.136,348.65,345.8,7137.5,21694.0,629.8,1756.2,542.3,6594.0,316.2,1641.0,4172.47,1853.64,71.2866,82.6497,84.46
2021-11-11,7.8,7.94,8.04,8.13,8.28,8.27,8.17,8.08,8.0,7.95,7.92,7.89,99.012,95.452,99.032,104.4,98.67,356.24,347.44,7094.5,22050.0,634.5,1790.0,546.1,6779.0,316.45,1666.0,4189.35,1854.48,70.695,81.787,82.94
2021-11-12,7.68,7.9,8.07,8.19,8.38,8.38,8.25,8.16,8.08,8.02,7.99,7.95,98.99,95.501,98.541,104.0,97.635,347.59,333.6,6878.0,22100.0,619.2,1780.2,535.1,6568.5,317.75,1676.4,4121.66,1784.28,71.1964,81.6552,82.28
2021-11-15,7.66,7.98,8.18,8.3,8.44,8.41,8.33,8.26,8.19,8.15,8.14,8.13,98.399,94.446,97.299,103.228,97.102,344.39,340.3,6918.5,22358.0,621.55,1785.0,533.2,6499.5,316.8,1667.4,4135.14,1791.44,,,81.25
2021-11-16,7.88,8.07,8.21,8.32,8.51,8.53,8.44,8.35,8.23,8.16,8.13,8.1,98.109,94.285,97.191,102.81,96.752,337.91,336.79,6946.5,22626.0,621.35,1771.8,536.0,6551.0,317.5,1669.4,4120.02,1767.58,72.2724,82.7736,81.65
2021-11-17,7.88,8.07,8.21,8.31,8.51,8.53,8.44,8.34,8.22,8.14,8.11,8.09,97.971,94.158,97.492,102.92,97.229,339.89,349.98,6884.5,22532.0,619.5,1759.8,529.6,6405.0,312.5,1671.4,4149.02,1802.52,72.5553,82.5244,81.67
2021-11-18,8.05,8.2,8.32,8.41,8.61,8.65,8.56,8.44,8.31,8.19,8.13,8.06,97.68,93.68,96.747,102.499,96.643,336.93,345.56,6840.0,22292.0,614.1,1714.8,519.9,5945.5,312.8,1695.0,4093.85,1761.96,72.8228,82.3553,80.22
2021-11-19,8.09,8.23,8.35,8.44,8.65,8.7,8.62,8.5,8.35,8.21,8.14,8.06,97.444,93.55,96.185,102.037,96.313,327.56,337.62,6709.0,22144.0,590.5,1624.0,500.3,6014.0,310.1,1673.8,4016.47,1723.74,72.6022,82.2583,79.18
2021-11-22,8.22,8.41,8.56,8.68,8.93,8.98,8.89,8.75,8.58,8.43,8.35,8.28,96.379,92.185,94.821,100.77,94.547,309.15,319.2,6575.5,21850.0,581.0,1575.8,489.0,5789.5,305.2,1663.6,3872.77,1628.1,,,79.72
2021-11-23,8.47,8.6,8.72,8.8,8.99,9.03,8.95,8.81,8.61,8.39,8.26,8.13,96.525,92.518,95.14,101.042,95.32,326.84,341.77,6829.5,22400.0,601.95,1665.2,497.5,5917.0,307.45,1667.8,3960.33,1662.38,73.4506,82.7715,81.33
2021-11-24,8.29,8.45,8.57,8.67,8.9,8.95,8.85,8.69,8.52,8.35,8.25,8.14,96.508,92.4,94.867,101.236,95.332,321.22,338.3,6814.5,22182.0,597.3,1668.0,498.4,5875.0,305.5,1655.2,3950.56,1660.59,74.8327,84.1718,82.25
2021-11-25,8.04,8.25,8.42,8.55,8.81,8.86,8.74,8.58,8.4,8.24,8.16,8.06,96.833,92.821,95.997,101.858,95.921,317.29,337.55,6661.5,22128.0,590.9,1632.0,489.6,6056.0,306.05,1656.2,3947.82,1665.74,74.3726,83.6394,81.97
2021-11-26,8.08,8.28,8.43,8.55,8.81,8.85,8.73,8.57,8.39,8.24,8.16,8.08,97.05,93.198,95.938,101.798,95.742,304.42,326.0,6374.0,21560.0,555.15,1611.2,461.3,5775.5,299.05,1592.4,3810.98,1589.38,74.6004,83.6793,74.8
2021-11-29,7.81,8.08,8.29,8.44,8.7,8.71,8.59,8.47,8.32,8.19,8.14,8.1,97.56,93.747,96.696,102.075,96.247,316.57,339.2,6616.0,21686.0,573.25,1633.6,470.6,5898.5,296.5,1621.2,3879.54,1638.72,,,74.46
2021-11-30,7.86,8.12,8.32,8.46,8.71,8.72,8.58,8.45,8.32,8.22,8.18,8.12,97.546,93.923,96.5,101.829,96.265,315.0,334.24,6513.0,21538.0,566.1,1627.6,473.3,5733.0,293.75,1564.6,3890.59,1645.81,74.9818,84.482,71.18
2021-12-01,7.78,8.06,8.26,8.42,8.71,8.73,8.59,8.46,8.35,8.26,8.21,8.16,97.257,93.5,95.937,101.68,95.24,324.4,345.21,6576.5,21952.0,569.95,1678.8,477.9,5768.0,296.45,1563.0,3959.29,1687.12,74.8926,84.8234,71.37
2021-12-02,8.03,8.25,8.41,8.53,8.74,8.73,8.6,8.49,8.4,8.31,8.27,8.23,97.467,93.795,96.269,102.021,95.685,326.8,350.3,6732.0,22110.0,582.0,1721.8,503.6,5789.0,297.85,1587.4,3947.54,1690.13,73.9746,83.8354,68.88
2021-12-03,7.94,8.19,8.38,8.52,8.75,8.73,8.59,8.49,8.4,8.32,8.28,8.23,97.551,93.636,95.998,101.997,95.438,320.66,345.99,6639.5,21826.0,576.55,1715.0,495.9,5715.5,295.1,1570.2,3913.06,1668.26,74.0637,83.8105,71.79
2021-12-06,8.2,8.36,8.48,8.57,8.76,8.78,8.69,8.6,8.51,8.42,8.36,8.3,97.269,93.202,95.121,100.665,94.729,307.5,338.94,6650.0,21886.0,575.55,1662.2,492.1,5650.0,293.85,1556.0,3810.1,1622.07,,,71.5
2021-12-07,8.26,8.41,8.52,8.61,8.78,8.8,8.73,8.66,8.57,8.48,8.43,8.39,97.367,93.283,95.395,100.947,94.71,309.79,344.96,6720.5,21920.0,589.55,1717.8,501.1,5841.5,291.45,1603.4,3873.2,1647.14,73.6694,83.1138,75.66
2021-12-08,8.14,8.33,8.47,8.58,8.79,8.81,8.74,8.67,8.58,8.49,8.45,8.41,97.129,93.213,95.299,100.883,94.489,296.95,340.5,6574.5,21888.0,574.95,1684.2,496.5,5765.0,290.1,1595.6,3773.61,1612.73,74.1399,83.7114,75.47
2021-12-09,7.98,8.21,8.38,8.51,8.75,8.76,8.68,8.59,8.5,8.42,8.39,8.37,97.39,93.412,95.546,101.099,94.9,300.4,336.6,6619.0,22006.0,578.35,1689.0,493.9,5908.0,288.45,1589.8,3813.29,1632.54,73.8453,83.364,75.26
2021-12-10,7.99,8.22,8.4,8.53,8.76,8.76,8.66,8.57,8.49,8.42,8.38,8.33,97.091,93.201,95.52,101.016,94.579,297.44,332.0,6619.5,21888.0,572.1,1676.6,484.5,5822.5,287.05,1595.6,3760.23,1612.25,73.5998,83.3444,75.01
2021-12-13,7.85,8.12,8.32,8.47,8.74,8.77,8.71,8.64,8.55,8.47,8.44,8.41,96.95,93.004,95.389,100.786,93.98,280.64,307.26,6376.0,20850.0,539.15,1590.6,455.6,5637.0,277.45,1482.8,3618.31,1548.09,,,75.17
2021-12-14,8.01,8.25,8.42,8.55,8.79,8.82,8.73,8.64,8.55,8.48,8.45,8.42,97.032,93.111,94.811,100.54,93.8,284.9,319.35,6592.0,20958.0,550.85,1609.6,464.8,5670.0,276.25,1466.2,3619.39,1548.81,73.4107,82.866,73.57
2021-12-15,7.8,8.1,8.32,8.48,8.77,8.8,8.73,8.65,8.57,8.5,8.47,8.45,97.1,93.008,95.1,100.759,94.59,286.65,324.09,6595.0,21296.0,561.1,1637.8,479.3,5700.0,279.85,1452.2,3621.82,1541.0,73.4698,82.8299,73.15
2021-12-16,7.77,8.06,8.28,8.44,8.74,8.78,8.69,8.6,8.5,8.42,8.38,8.35,97.343,93.45,95.295,100.959,94.665,295.89,328.39,6729.0,21310.0,573.0,1653.0,483.1,5752.0,286.95,1507.0,3750.36,1604.7,73.851,83.2375,74.55
2021-12-17,7.54,7.88,8.14,8.33,8.69,8.72,8.59,8.48,8.39,8.31,8.28,8.22,97.618,93.713,96.192,101.7,95.263,294.9,327.3,6670.0,21738.0,573.2,1666.2,487.6,5674.5,289.4,1502.8,3723.27,1583.05,73.5708,83.1571,73.34
2021-12-20,7.52,7.82,8.05,8.23,8.6,8.68,8.6,8.5,8.39,8.29,8.23,8.17,97.679,93.748,96.251,101.627,95.429,288.4,325.9,6328.5,21644.0,567.55,1683.6,481.4,5533.5,290.4,1512.0,3669.05,1557.64,,,69.99
2021-12-21,7.56,7.81,8.01,8.17,8.53,8.64,8.61,8.52,8.42,8.35,8.31,8.27,97.657,93.584,96.0,101.3,94.936,291.7,339.88,6348.5,21662.0,575.0,1683.2,484.2,5521.5,290.05,1545.4,3693.02,1573.5,74.2947,83.6187,73.05
2021-12-22,7.42,7.68,7.88,8.05,8.41,8.54,8.54,8.49,8.42,8.37,8.34,8.3,97.975,94.036,95.91,101.551,95.099,294.0,345.55,6349.5,21834.0,579.7,1710.2,489.0,5551.0,291.25,1561.0,3746.75,1601.93,73.8206,83.3213,74.45
2021-12-23,7.34,7.66,7.89,8.06,8.38,8.47,8.51,8.5,8.46,8.43,8.43,8.43,97.8,93.91,96.082,101.705,94.94,292.8,339.81,6304.5,21872.0,579.1,1655.8,483.9,5538.5,290.55,1561.0,3704.6,1587.87,73.7901,83.1541,75.58
2021-12-24,7.3,7.69,7.95,8.11,8.36,8.4,8.44,8.46,8.46,8.46,8.46,8.47,98.0,94.197,96.15,101.75,95.047,293.89,338.79,6313.5,21824.0,572.05,1652.6,482.0,5592.5,290.7,1578.0,3702.72,1584.15,73.3583,83.1223,76.04
2021-12-27,7.39,7.75,7.99,8.15,8.41,8.46,8.48,8.48,8.45,8.44,8.44,8.45,98.198,94.157,96.319,101.809,94.95,295.68,343.97,6397.5,22528.0,582.0,1697.6,490.4,5665.5,293.95,1588.6,3740.63,1602.91,,,78.23
2021-12-28,7.45,7.8,8.02,8.17,8.39,8.43,8.46,8.47,8.45,8.44,8.44,8.44,98.16,94.2,96.336,101.788,95.0,295.0,343.23,6478.0,22642.0,596.2,1700.0,496.4,5658.0,295.6,1587.6,3777.56,1611.75,73.2329,82.9363,79.22
2021-12-29,7.52,7.87,8.09,8.23,8.44,8.47,8.48,8.47,8.45,8.44,8.44,8.45,98.052,94.186,96.127,101.717,94.901,293.51,340.33,6516.0,22628.0,592.0,1716.8,495.0,5446.0,296.4,1570.4,3741.07,1589.74,73.4959,83.2194,79.89
2021-12-30,7.4,7.81,8.04,8.18,8.35,8.4,8.44,8.45,8.44,8.43,8.43,8.44,98.331,94.348,96.5,101.907,95.281,293.49,342.39,6573.0,22900.0,599.0,1719.4,502.0,5444.0,298.9,1604.2,3787.26,1595.76,73.6514,83.204,79.42
2022-01-03,7.37,7.75,7.95,8.06,8.21,8.27,8.33,8.36,8.37,8.37,8.37,8.37,98.382,94.574,96.7,101.901,95.5,305.47,353.73,6683.0,23378.0,610.95,1774.4,515.4,5509.5,304.65,1619.8,3852.5,1622.75,,,78.57
2022-01-04,7.44,7.81,7.99,8.09,8.21,8.27,8.34,8.37,8.37,8.37,8.36,8.36,98.44,94.751,96.948,102.14,95.4,304.24,352.55,6728.0,23314.0,613.5,1788.6,515.4,5565.0,304.95,1603.4,3873.49,1622.58,,,80.21
2022-01-05,7.48,7.79,7.96,8.06,8.2,8.24,8.3,8.33,8.34,8.34,8.34,8.34,98.351,94.373,96.296,101.769,95.159,287.01,335.0,6522.0,23010.0,590.3,1707.8,492.6,5399.0,298.3,1575.2,3815.05,1586.2,,,81.01
2022-01-06,7.71,7.99,8.16,8.28,8.46,8.5,8.49,8.48,8.47,8.47,8.47,8.49,97.968,94.131,96.0,101.51,94.844,293.92,346.13,6699.0,23280.0,601.6,1749.0,496.4,5535.0,299.2,1584.0,3753.29,1545.24,,,82.34
2022-01-07,,,,,,,,,,,,,,,,,,,,,,,,,,,,3772.04,,,,82.04
2022-01-10,8.1,8.39,8.52,8.57,8.64,8.66,8.66,8.63,8.58,8.55,8.56,8.57,97.272,93.53,95.2,100.692,94.255,291.69,344.0,6775.0,23508.0,602.0,1758.6,499.8,5473.0,295.85,1554.6,3738.68,1565.31,,,81.32
2022-01-11,8.42,8.5,8.57,8.63,8.76,8.81,8.83,8.81,8.73,8.64,8.6,8.56,96.74,92.79,94.644,100.1,93.5,291.88,343.74,6816.0,23734.0,613.6,1779.8,508.2,5505.5,296.2,1572.4,3785.29,1595.45,75.1315,85.1315,82.18
2022-01-12,8.52,8.58,8.63,8.68,8.8,8.86,8.88,8.84,8.76,8.63,8.55,8.46,96.55,92.533,94.207,99.7,93.1,290.4,347.43,6960.0,24040.0,627.7,1807.4,511.2,5623.0,296.45,1591.2,3829.95,1612.8,74.8355,84.8784,84.49
2022-01-13,8.98,9.01,9.04,9.07,9.14,9.2,9.24,9.19,9.04,8.86,8.74,8.61,95.15,91.108,92.3,97.6,90.81,272.5,337.6,6665.0,22836.0,603.3,1744.2,496.3,5330.0,291.65,1570.4,3674.73,1516.99,74.5277,84.6709,84.29
2022-01-14,9.25,9.3,9.34,9.37,9.44,9.47,9.46,9.4,9.25,9.04,8.89,8.71,94.84,90.19,91.097,96.59,89.385,261.0,335.76,6659.0,22648.0,605.5,1726.0,498.1,5235.5,289.65,1551.8,3596.98,1485.86,74.5686,85.4556,85.27
2022-01-17,9.44,9.49,9.53,9.55,9.57,9.57,9.58,9.55,9.44,9.23,9.07,8.86,94.1,89.56,89.9,95.714,87.9,257.78,327.81,6516.0,21820.0,592.55,1641.8,495.7,5185.5,281.7,1514.8,3560.35,1474.99,,,86.2
2022-01-18,9.59,9.62,9.64,9.66,9.66,9.63,9.58,9.5,9.37,9.18,9.05,8.87,94.17,89.849,90.244,95.626,88.18,234.7,301.11,6250.0,20694.0,544.8,1579.6,474.0,4973.0,272.95,1460.4,3328.94,1367.45,76.0404,86.8609,87.55
2022-01-19,9.55,9.57,9.59,9.59,9.55,9.49,9.42,9.35,9.22,9.03,8.9,8.73,94.579,90.053,90.967,96.46,89.649,244.86,318.36,6494.0,22024.0,566.9,1593.6,490.7,5040.0,274.8,1480.6,3436.82,1414.68,76.3347,87.0216,88.62
2022-01-20,9.63,9.65,9.66,9.66,9.62,9.57,9.5,9.42,9.29,9.1,8.97,8.81,94.0,89.766,90.3,95.7,88.7,254.61,310.42,6430.0,22300.0,561.7,1588.4,478.8,4991.0,274.4,1482.8,3516.02,1450.59,76.8697,87.1318,88.75
2022-01-21,9.79,9.78,9.77,9.76,9.69,9.65,9.6,9.52,9.35,9.16,9.05,8.92,94.07,89.551,90.1,95.69,88.494,246.9,311.6,6420.0,22100.0,564.8,1592.8,474.2,5046.5,273.45,1480.0,3439.25,1401.88,76.4408,86.8215,87.65
2022-01-24,9.98,9.98,9.98,9.97,9.94,9.93,9.9,9.83,9.69,9.52,9.4,9.26,93.099,88.308,88.13,93.96,85.95,236.97,294.59,6293.0,21250.0,546.9,1538.0,459.2,4823.5,272.95,1416.0,3235.28,1288.17,,,86.38
2022-01-25,9.99,9.99,9.99,9.98,9.95,9.95,9.94,9.89,9.75,9.58,9.45,9.3,93.008,88.288,88.149,93.948,85.998,239.59,302.96,6543.0,21466.0,548.4,1590.0,479.4,4895.0,279.45,1423.8,3258.74,1296.8,77.3649,87.5925,87.29
2022-01-26,9.9,9.91,9.93,9.95,9.98,9.96,9.92,9.86,9.75,9.57,9.45,9.29,92.799,87.96,87.599,93.35,85.473,236.9,299.6,6525.5,21788.0,532.75,1523.4,468.0,4768.5,277.9,1428.0,3357.66,1324.4,78.6422,88.9286,89.87
2022-01-27,9.79,9.79,9.79,9.77,9.7,9.67,9.65,9.6,9.48,9.31,9.19,9.05,93.8,89.085,89.2,94.975,87.41,254.29,325.25,6811.5,22066.0,563.2,1611.8,484.9,4883.5,278.45,1467.6,3455.93,1399.64,78.9437,89.1511,89.53
2022-01-28,9.74,9.74,9.74,9.74,9.72,9.71,9.67,9.61,9.49,9.33,9.22,9.09,93.882,89.257,89.269,95.15,87.472,257.82,329.58,6775.0,22082.0,566.5,1591.4,503.6,4904.0,285.55,1475.6,3488.6,1407.04,78.947,88.468,90.62
2022-01-31,9.7,9.72,9.72,9.72,9.67,9.65,9.6,9.54,9.42,9.27,9.16,9.03,93.943,89.535,89.667,95.45,87.7,269.42,334.8,6878.0,21916.0,576.95,1637.2,499.7,5079.0,287.4,1511.0,3530.38,1435.23,,,88.44
2022-02-01,9.73,9.72,9.7,9.69,9.64,9.63,9.6,9.53,9.42,9.26,9.15,9.02,94.071,89.491,89.799,95.39,88.011,264.7,330.95,6976.0,21948.0,574.15,1628.4,491.7,5114.0,289.6,1540.0,3548.17,1457.64,77.4702,86.5032,89.28
2022-02-02,9.64,9.64,9.63,9.63,9.6,9.57,9.53,9.47,9.34,9.18,9.08,8.96,94.341,89.98,90.026,95.779,88.4,261.0,331.7,7040.0,21670.0,575.7,1612.0,491.5,5200.0,285.8,1567.8,3543.8,1463.9,77.1302,86.7869,89.04
2022-02-03,9.65,9.65,9.65,9.64,9.61,9.58,9.54,9.5,9.4,9.25,9.14,8.99,94.368,89.889,89.7,95.627,88.079,250.79,323.75,6865.5,21392.0,569.0,1614.8,487.9,5187.0,284.6,1558.4,3471.18,1431.99,76.4849,86.2826,89.26
2022-02-04,9.67,9.66,9.64,9.63,9.57,9.54,9.51,9.46,9.36,9.21,9.1,8.95,94.465,90.032,89.847,95.8,88.312,256.53,324.6,7010.0,21400.0,572.0,1628.4,490.8,5285.0,283.25,1560.6,3471.01,1436.0,76.6501,86.561,92.99
2022-02-07,9.69,9.68,9.67,9.66,9.61,9.57,9.53,9.48,9.39,9.25,9.14,9.0,94.398,89.8,89.792,95.874,87.9,257.61,321.25,6988.0,21580.0,569.8,1602.0,492.0,5210.0,284.45,1559.0,3470.78,1445.2,,,92.8
2022-02-08,9.73,9.71,9.7,9.68,9.62,9.58,9.52,9.47,9.38,9.26,9.18,9.07,94.3,89.999,89.882,95.899,87.969,269.8,331.7,6957.5,22372.0,570.05,1628.2,499.1,5182.0,289.75,1627.0,3551.65,1489.18,75.6806,86.5181,90.5
2022-02-09,9.76,9.74,9.72,9.7,9.64,9.59,9.52,9.46,9.36,9.25,9.19,9.1,94.216,90.076,89.91,96.036,88.146,279.09,335.08,6973.5,22674.0,579.0,1659.0,506.5,5254.0,289.9,1675.2,3638.93,1534.82,75.3042,85.892,91.79
2022-02-10,9.78,9.76,9.75,9.74,9.69,9.63,9.54,9.48,9.41,9.31,9.25,9.17,94.2,89.802,89.5,95.745,87.5,275.2,328.93,6984.5,22454.0,569.4,1632.0,498.5,5227.5,293.45,1649.0,3655.76,1546.79,74.8015,85.3784,92.86
2022-02-11,10.15,10.13,10.11,10.1,10.11,10.08,9.97,9.86,9.74,9.59,9.5,9.38,92.601,88.04,87.053,93.281,84.901,260.83,318.1,6707.5,21688.0,547.4,1556.6,478.7,4971.5,284.8,1599.2,3546.62,1470.1,74.7241,85.3798,92.95
2022-02-14,10.31,10.31,10.32,10.33,10.38,10.4,10.34,10.22,10.02,9.8,9.66,9.5,91.713,86.91,85.884,91.996,83.922,256.7,321.85,6796.0,22082.0,556.0,1618.8,482.1,4956.5,280.8,1619.0,3481.38,1426.09,,,94.2
2022-02-15,10.07,10.12,10.16,10.18,10.17,10.12,10.01,9.89,9.73,9.55,9.43,9.31,92.461,88.137,87.859,93.799,85.223,274.0,333.6,6979.0,22324.0,565.95,1620.0,498.5,5239.0,287.3,1651.0,3600.29,1498.04,76.5762,86.8451,92.48
2022-02-16,10.01,10.06,10.09,10.1,10.11,10.06,9.91,9.76,9.6,9.48,9.42,9.35,93.199,88.778,88.536,94.6,86.15,277.78,336.5,6970.0,22304.0,571.55,1621.4,503.9,5395.0,287.4,1669.0,3646.41,1524.51,76.166,86.2656,95.56
2022-02-17,10.11,10.17,10.21,10.23,10.23,10.17,10.0,9.86,9.69,9.54,9.46,9.38,92.589,87.998,87.12,93.994,85.2,260.58,323.51,6733.0,21774.0,549.5,1542.8,491.0,5224.5,283.45,1612.8,3511.08,1450.02,75.0141,85.306,92.46
2022-02-18,10.18,10.22,10.24,10.25,10.25,10.19,10.05,9.91,9.75,9.6,9.51,9.43,92.19,87.467,86.935,93.0,84.701,250.28,309.48,6456.5,21450.0,519.5,1492.8,472.4,5041.5,272.85,1636.0,3393.31,1391.31,75.7527,86.1308,92.66
2022-02-21,11.15,11.16,11.15,11.12,11.0,10.96,10.85,10.71,10.51,10.28,10.14,10.0,89.718,84.592,82.9,89.317,80.058,201.0,257.3,5810.0,19252.0,438.7,1281.8,396.0,4240.0,239.75,1494.2,3036.88,1207.5,,,95.06
2022-02-22,11.46,11.46,11.45,11.44,11.34,11.25,11.1,10.96,10.78,10.59,10.49,10.39,89.19,83.738,81.336,87.84,78.717,208.53,283.51,6020.0,21150.0,431.3,1354.0,441.6,4600.0,260.85,1604.8,3084.74,1226.69,76.7671,87.3379,95.87
2022-02-23,,,,,,,,,,,,,,,,,,,,,,,,,,,,,,80.4194,90.882,98.42
2022-02-24,16.88,16.7,16.51,16.31,15.66,15.34,14.96,14.36,13.16,11.95,11.32,10.66,82.0,70.999,69.0,79.398,66.82,132.18,210.0,4650.0,18200.0,274.7,1001.4,309.8,3312.0,206.65,1250.0,2058.12,742.91,,,103.67
2022-02-25,13.77,13.69,13.58,13.45,13.09,13.11,13.2,13.04,12.52,11.76,11.21,10.46,85.199,76.0,73.1,82.0,70.965,131.12,228.0,4915.0,19052.0,307.95,1134.0,353.0,3202.0,217.5,1315.0,2470.48,936.94,86.9288,97.7688,96.6
2022-02-28,,,,,,,,,,,,,,,,,,,,,,,,,,,,,,,,98.0
2022-03-01,,,,,,,,,,,,,,,,,,,,,,,,,,,,,,93.5589,104.4772,
2022-03-02,,,,,,,,,,,,,,,,,,,,,,,,,,,,,,91.7457,102.9112,109.3
2022-03-03,,,,,,,,,,,,,,,,,,,,,,,,,,,,,,103.2487,114.5544,104.91
2022-03-04,,,,,,,,,,,,,,,,,,,,,,,,,,,,,,111.7564,124.0161,110.88
2022-03-09,,,,,,,,,,,,,,,,,,,,,,,,,,,,,,,,121.0
2022-03-10,,,,,,,,,,,,,,,,,,,,,,,,,,,,,,116.0847,126.4395,110.31
2022-03-11,,,,,,,,,,,,,,,,,,,,,,,,,,,,,,120.3785,132.9581,106.79
2022-03-14,,,,,,,,,,,,,,,,,,,,,,,,,,,,,,,,104.16
2022-03-15,,,,,,,,,,,,,,,,,,,,,,,,,,,,,,115.1963,127.2343,97.63
2022-03-16,,,,,,,,,,,,,,,,,,,,,,,,,,,,,,111.4823,122.4522,96.84
2022-03-17,,,,,,,,,,,,,,,,,,,,,,,,,,,,,,108.0521,118.7601,101.43
2022-03-18,,,,,,,,,,,,,,,,,,,,,,,,,,,,,,104.8012,115.9311,102.8
2022-03-21,17.22,17.01,16.8,16.58,15.82,15.28,14.62,14.15,13.57,13.03,12.78,12.57,78.7,71.875,68.891,73.18,62.5,,,,,,,,,,,,,,,108.08
2022-03-22,17.57,17.02,16.54,16.12,14.92,14.27,13.8,13.59,13.22,12.82,12.63,12.55,81.003,73.99,70.098,74.949,65.661,,,,,,,,,,,,,104.6819,115.6002,113.9
2022-03-23,17.87,17.29,16.8,16.38,15.17,14.46,13.97,13.85,13.63,13.34,13.19,13.12,80.75,73.449,68.6,74.119,63.9,,,,,,,,,,,,,104.0741,114.7833,121.69
2022-03-24,17.82,17.29,16.85,16.46,15.24,14.34,13.6,13.44,13.36,13.26,13.19,13.13,81.436,74.42,69.598,74.9,64.629,136.24,258.51,5525.0,20990.0,360.2,1343.6,424.0,3457.5,205.6,1280.0,2578.51,852.64,103.1618,113.2613,120.14
2022-03-25,17.47,17.01,16.61,16.25,15.1,14.24,13.42,13.19,13.18,13.34,13.46,13.61,81.654,74.587,68.39,75.1,64.768,131.5,227.0,5206.0,21070.0,365.1,1400.0,427.0,3338.0,190.6,1160.4,2484.13,829.62,96.0458,105.4679,120.29
2022-03-28,17.57,17.08,16.64,16.25,15.01,14.16,13.43,13.26,13.26,13.39,13.49,13.61,81.895,74.6,68.334,75.11,64.541,125.0,218.6,5118.0,20850.0,357.95,1379.0,399.8,3337.5,184.8,1053.8,2430.7,823.04,,,114.1
2022-03-29,17.12,16.57,16.08,15.65,14.35,13.48,12.69,12.48,12.45,12.54,12.64,12.76,83.8,77.459,71.65,79.15,68.09,128.77,208.0,4922.0,20028.0,370.0,1470.0,391.0,3405.5,174.7,1013.8,2408.49,881.59,93.7125,102.6714,107.29
2022-03-30,15.42,14.92,14.48,14.1,13.02,12.46,12.11,12.0,11.78,11.52,11.39,11.37,86.951,79.89,76.129,83.55,72.449,134.6,216.0,5140.0,20462.0,387.0,1444.0,395.3,3855.0,233.0,1058.0,2513.03,949.23,86.2843,96.0085,113.05
2022-03-31,15.14,14.57,14.09,13.69,12.57,11.92,11.4,11.26,11.23,11.18,11.13,11.07,89.999,81.56,78.379,86.52,73.548,143.69,242.48,5680.0,20974.0,437.5,1450.0,411.8,4155.0,238.65,1100.0,2703.51,1021.28,84.0851,93.696,107.64
2022-04-01,15.06,14.52,14.07,13.69,12.73,12.27,11.82,11.57,11.36,11.26,11.23,11.19,87.95,80.789,77.4,85.7,73.0,154.5,251.4,5601.0,21500.0,450.0,1390.0,407.2,4220.0,235.0,1192.6,2759.64,1033.58,83.4097,92.493,103.71
2022-04-04,15.55,14.83,14.27,13.84,12.84,12.44,12.12,11.95,11.78,11.67,11.64,11.61,86.54,79.797,76.29,83.85,71.599,166.0,252.9,5557.0,21750.0,443.9,1389.2,407.0,4273.5,231.0,1185.0,2787.69,1051.68,,,107.3
2022-04-05,15.28,14.67,14.17,13.76,12.75,12.33,12.03,11.9,11.76,11.66,11.63,11.61,86.6,80.15,75.999,83.979,71.59,154.1,243.5,5314.0,20986.0,419.0,1298.0,395.0,4098.0,218.0,1093.0,2662.79,1004.78,83.5932,92.3872,106.35
2022-04-06,15.22,14.64,14.17,13.79,12.85,12.42,12.11,11.99,11.92,11.93,11.95,11.93,86.621,79.818,75.247,83.206,70.415,141.6,239.7,5266.0,21150.0,405.0,1264.0,393.0,4120.0,215.0,1061.8,2611.43,1034.79,83.352,91.7289,102.81
2022-04-07,15.09,14.45,13.94,13.54,12.63,12.27,12.04,11.94,11.84,11.78,11.77,11.78,86.981,79.98,76.156,84.229,72.349,147.5,245.0,5280.0,21050.0,408.5,1263.0,391.0,4247.0,216.5,1066.0,2635.39,1092.41,82.5962,90.5998,99.05
2022-04-08,13.95,13.22,12.67,12.24,11.33,11.06,10.95,10.94,10.94,10.95,10.97,10.99,89.551,84.879,80.725,88.145,77.75,143.72,241.07,5226.5,21112.0,403.05,1200.6,386.0,4335.0,215.2,1067.8,2592.72,1079.99,76.2547,83.293,97.9
2022-04-11,14.62,13.67,12.96,12.42,11.3,10.99,10.85,10.82,10.8,10.79,10.8,10.81,90.068,84.611,81.302,88.0,78.5,138.69,234.55,5190.0,21006.0,414.0,1141.6,382.8,4310.0,211.75,1018.0,2557.16,1017.05,,,97.03
2022-04-12,15.67,14.01,12.97,12.3,11.28,11.03,10.89,10.83,10.8,10.78,10.76,10.76,90.109,84.899,81.598,88.518,78.412,135.38,236.3,5145.0,20990.0,412.1,1116.2,383.6,4297.5,210.9,1035.6,2540.99,1004.7,79.1596,85.9752,103.21
2022-04-13,15.18,13.45,12.48,11.92,11.12,10.89,10.72,10.66,10.61,10.58,10.57,10.56,90.4,85.427,82.602,89.313,79.894,135.5,234.87,5106.0,20794.0,406.05,1101.4,385.0,4256.5,210.5,1013.4,2528.42,997.04,79.6274,86.7939,104.15
2022-04-14,15.29,13.35,12.36,11.83,11.12,10.92,10.74,10.66,10.59,10.56,10.54,10.53,90.403,85.223,82.599,89.7,79.001,129.05,222.11,4879.5,20004.0,391.0,1013.0,367.0,4017.0,205.8,975.6,2404.73,941.05,79.8471,86.7219,104.56
2022-04-15,14.58,13.16,12.37,11.91,11.23,11.0,10.79,10.69,10.62,10.57,10.57,10.57,90.198,85.02,82.156,89.347,78.945,130.88,224.0,4893.0,20240.0,390.5,1056.0,361.0,4070.5,207.35,971.0,2424.99,955.46,81.288,88.0024,109.29
2022-04-18,14.15,13.08,12.31,11.77,10.79,10.54,10.43,10.4,10.36,10.33,10.3,10.27,91.1,85.711,83.131,89.707,79.999,123.85,216.99,4549.0,19886.0,384.85,1047.8,352.9,4000.0,203.8,973.6,2342.63,926.08,,,109.06
2022-04-19,13.95,12.25,11.39,10.95,10.45,10.36,10.3,10.27,10.25,10.22,10.22,10.21,91.71,86.609,84.598,90.711,82.11,120.3,220.72,4485.0,19676.0,385.0,1011.0,340.7,4038.0,201.8,1003.4,2317.46,931.86,79.4529,86.4289,105.98
2022-04-20,14.6,12.51,11.44,10.88,10.26,10.16,10.1,10.08,10.05,10.02,10.01,10.01,92.499,87.3,85.576,91.903,83.05,121.5,218.92,4310.0,20590.0,391.0,1001.2,355.0,4300.0,196.95,1045.0,2330.73,960.42,79.0287,85.9674,105.17
2022-04-21,14.44,12.61,11.53,10.88,10.03,9.91,9.87,9.86,9.84,9.83,9.82,9.81,92.91,88.146,86.321,93.0,84.26,118.65,210.29,3974.0,20454.0,388.0,998.8,350.0,4197.5,192.4,1045.0,2271.05,961.46,77.0809,83.2705,106.79
2022-04-22,14.46,12.47,11.37,10.76,10.06,9.97,9.94,9.92,9.91,9.89,9.88,9.88,92.597,87.964,86.057,92.669,83.448,116.97,208.0,3828.0,19700.0,397.35,970.2,359.7,4170.0,188.05,1061.8,2232.23,928.3,74.999,81.2239,105.55
2022-04-25,14.65,12.51,11.36,10.74,10.06,10.01,10.0,9.99,9.98,9.96,9.94,9.92,92.175,87.341,85.295,91.973,82.5,111.9,206.35,3931.0,19900.0,388.5,967.2,355.0,4299.5,185.0,1055.0,2186.22,941.08,,,99.38
2022-04-26,14.6,12.55,11.36,10.66,9.82,9.76,9.8,9.82,9.83,9.82,9.82,9.81,92.578,87.64,85.65,91.753,82.514,122.36,225.85,4292.0,20994.0,391.0,1049.0,375.0,4460.0,196.35,1069.8,2318.46,999.84,73.3611,77.4651,103.69
2022-04-27,13.79,12.08,11.05,10.45,9.82,9.88,10.03,10.1,10.15,10.18,10.19,10.2,92.395,87.319,85.699,91.838,83.18,131.11,237.15,4550.0,21272.0,397.95,1092.0,373.3,4720.0,207.6,1080.0,2424.28,1049.04,72.7089,76.667,103.45
2022-04-28,13.06,11.48,10.6,10.14,9.83,9.98,10.19,10.27,10.34,10.4,10.44,10.49,92.352,87.299,85.699,91.654,83.199,123.85,237.53,4381.0,21000.0,400.0,1065.0,362.2,4566.5,205.0,1059.8,2383.66,1041.91,72.8764,75.9224,105.83
2022-04-29,13.09,11.62,10.72,10.19,9.68,9.81,10.08,10.22,10.32,10.41,10.47,10.52,92.554,87.285,85.746,91.78,83.0,128.8,240.4,4699.5,21550.0,409.0,1076.0,386.2,4592.5,209.05,1095.0,2445.17,1081.52,72.2953,75.3117,108.88
2022-05-04,13.7,12.18,11.21,10.61,9.85,9.88,10.11,10.23,10.32,10.39,10.42,10.46,92.301,87.063,84.899,91.436,82.305,123.2,234.16,4552.0,21352.0,396.2,1007.0,369.4,4651.0,208.7,1081.0,2373.16,1114.13,,,107.41
2022-05-05,13.92,12.24,11.25,10.67,10.06,10.13,10.3,10.38,10.44,10.5,10.54,10.59,92.31,86.641,84.43,91.052,82.02,124.8,238.6,4675.0,21544.0,397.0,1009.2,370.3,4741.0,214.1,1102.0,2404.8,1119.92,69.416,72.7815,111.27
2022-05-06,13.33,11.68,10.81,10.36,10.06,10.17,10.3,10.36,10.39,10.43,10.45,10.48,92.266,86.701,84.796,91.2,82.11,123.1,240.1,4635.5,21766.0,392.3,989.0,381.9,4750.0,211.0,1108.0,2393.03,1088.02,66.2378,70.0662,111.79
2022-05-11,12.93,11.33,10.58,10.25,10.12,10.23,10.34,10.37,10.4,10.42,10.43,10.45,91.801,86.668,84.495,90.899,81.788,123.34,241.99,4600.0,21330.0,391.55,989.6,378.2,4805.0,209.45,1125.0,2387.14,1123.93,,,106.6
2022-05-12,12.68,11.17,10.48,10.18,10.14,10.27,10.39,10.42,10.45,10.48,10.5,10.52,91.836,86.411,84.339,90.33,81.795,119.15,230.56,4362.5,21238.0,375.0,956.0,364.1,4720.0,200.1,1092.6,2297.89,1140.05,68.8389,72.6314,108.06
2022-05-13,12.79,11.47,10.72,10.32,10.02,10.15,10.32,10.39,10.44,10.49,10.53,10.56,91.71,86.93,84.228,90.756,81.794,120.2,235.52,4380.0,21200.0,374.95,971.0,362.0,4637.0,200.85,1082.2,2307.5,1132.23,65.7916,68.7835,110.28
2022-05-16,12.23,11.07,10.48,10.2,10.13,10.28,10.4,10.44,10.46,10.51,10.55,10.59,91.75,86.89,84.398,90.859,81.899,123.41,244.2,4523.5,21364.0,378.8,996.6,373.7,4790.5,210.0,1105.4,2364.6,1174.06,,,112.25
2022-05-17,13.17,12.03,11.27,10.78,10.12,10.11,10.27,10.37,10.45,10.53,10.58,10.64,91.81,86.928,84.474,90.973,81.403,127.75,258.8,4500.0,21348.0,394.7,1009.0,392.5,4828.5,217.5,1114.0,2424.1,1200.81,63.4445,65.8166,114.1
2022-05-18,13.1,11.89,11.14,10.7,10.22,10.26,10.38,10.43,10.47,10.52,10.56,10.62,91.603,86.753,84.54,90.879,81.65,125.12,264.84,4483.5,21416.0,404.0,1002.0,407.2,4890.0,243.0,1144.0,2445.3,1212.57,63.5428,66.3644,109.72
2022-05-19,13.18,11.99,11.23,10.76,10.15,10.13,10.24,10.29,10.33,10.37,10.4,10.43,91.833,87.154,84.87,91.021,82.385,125.6,266.68,4415.5,21300.0,399.6,1010.8,404.0,4885.0,243.15,1150.6,2436.57,1245.71,63.5643,66.6135,110.04
2022-05-20,13.07,11.99,11.28,10.82,10.19,10.15,10.22,10.25,10.27,10.29,10.31,10.34,92.184,87.232,85.49,91.486,82.647,122.2,263.0,4279.0,20700.0,384.25,990.8,401.5,4620.0,238.5,1111.6,2373.26,1239.83,62.4031,64.9358,111.79
2022-05-23,13.13,12.02,11.34,10.93,10.39,10.32,10.28,10.26,10.26,10.28,10.29,10.32,92.078,87.2,85.335,91.288,82.778,119.46,263.0,4050.0,19800.0,367.05,962.8,372.9,4475.5,236.0,1051.0,2301.85,1253.69,,,112.58
2022-05-24,13.02,11.93,11.29,10.91,10.44,10.35,10.27,10.23,10.19,10.18,10.18,10.19,92.0,87.29,85.601,91.441,82.997,123.6,265.8,3942.0,20010.0,359.2,943.0,359.0,4350.0,243.4,1004.0,2293.62,1273.73,58.2087,60.3851,111.81
2022-05-25,12.07,11.11,10.59,10.31,9.98,9.87,9.7,9.6,9.51,9.45,9.46,9.51,93.911,89.377,88.854,94.39,86.948,124.15,271.4,4148.0,20080.0,378.0,942.0,375.0,4576.0,248.0,1046.0,2340.18,1239.07,56.969,58.8705,112.37
2022-05-26,11.04,10.6,10.31,10.12,9.81,9.71,9.59,9.51,9.44,9.4,9.38,9.39,94.155,89.931,89.2,95.1,88.355,123.0,295.89,4263.0,20198.0,391.7,977.4,385.0,4610.0,245.75,1042.0,2413.06,1174.72,56.2996,57.921,115.61
2022-05-27,10.59,10.37,10.21,10.1,9.93,9.85,9.69,9.57,9.47,9.4,9.38,9.39,93.868,89.65,88.99,95.184,87.52,121.22,294.5,4290.0,20162.0,401.5,960.2,391.0,4520.0,246.9,1035.0,2407.59,1133.94,62.0495,64.4392,116.74
2022-05-30,10.65,10.33,10.15,10.05,9.93,9.88,9.74,9.61,9.47,9.44,9.46,9.5,93.661,89.1,88.8,95.26,86.617,120.67,300.8,4220.0,20132.0,385.1,944.6,391.0,4622.0,255.0,1004.8,2400.39,1215.74,,,120.24
2022-05-31,10.8,10.46,10.24,10.09,9.85,9.78,9.68,9.58,9.48,9.43,9.44,9.46,93.704,89.498,89.17,95.321,87.242,118.3,293.75,4061.5,20190.0,377.0,910.0,392.0,4640.0,254.95,974.8,2355.75,1208.12,63.0975,64.717,123.2
2022-06-01,10.44,10.03,9.81,9.68,9.47,9.37,9.3,9.27,9.23,9.21,9.21,9.22,95.469,91.0,90.733,96.458,88.847,121.97,297.69,4074.0,20416.0,375.95,902.0,398.0,4586.5,257.05,962.8,2374.6,1222.18,61.6069,62.7397,117.21
2022-06-02,9.9,9.68,9.55,9.48,9.36,9.3,9.23,9.19,9.15,9.12,9.12,9.13,95.355,91.119,91.049,97.17,89.4,119.0,296.0,4035.0,20154.0,368.75,862.4,390.1,4448.0,261.7,815.8,2340.17,1196.03,61.4733,63.6629,117.79
2022-06-03,9.96,9.7,9.51,9.39,9.18,9.14,9.13,9.13,9.13,9.13,9.15,9.17,95.763,91.687,91.35,97.696,89.774,119.21,297.0,3980.5,20314.0,365.45,817.0,391.8,4382.0,259.5,711.0,2308.03,1199.55,61.575,64.9053,119.71
2022-06-06,9.74,9.49,9.33,9.24,9.13,9.11,9.1,9.08,9.05,9.05,9.05,9.06,96.095,91.724,92.0,98.0,90.186,118.78,296.5,3940.0,20294.0,368.8,791.6,390.0,4223.5,268.35,716.8,2282.16,1178.51,,,119.65
2022-06-07,9.61,9.36,9.22,9.15,9.1,9.11,9.1,9.06,9.02,9.01,9.02,9.04,96.014,91.85,92.012,98.18,90.249,118.32,297.99,3959.5,20200.0,366.55,814.6,393.0,4420.0,270.2,717.4,2291.62,1180.47,61.1094,64.8669,121.27
2022-06-08,9.5,9.19,9.07,9.02,9.02,9.08,9.12,9.1,9.05,9.02,9.02,9.04,96.099,91.958,91.841,98.21,90.0,119.9,308.0,3945.5,20134.0,372.85,812.2,405.6,4338.0,272.35,731.8,2318.85,1231.25,60.9565,64.5699,123.04
2022-06-09,9.4,9.06,8.95,8.92,9.0,9.06,9.08,9.04,8.99,8.98,9.0,9.03,96.3,92.172,92.199,98.499,90.25,118.2,306.5,3876.0,20310.0,373.25,815.8,405.8,4300.0,270.7,714.0,2293.99,1212.58,60.2282,63.938,123.49
2022-06-10,9.45,9.11,9.01,9.01,9.14,9.15,9.08,9.05,9.09,9.15,9.18,9.2,95.987,92.027,91.5,98.848,89.58,118.07,309.2,3898.0,19490.0,369.5,798.0,424.5,4241.0,274.0,721.0,2285.52,1268.83,58.3895,62.0934,121.23
2022-06-14,9.68,9.26,9.1,9.05,9.07,9.1,9.1,9.09,9.08,9.1,9.11,9.11,95.986,91.699,91.35,98.38,89.04,118.98,317.69,3891.5,19102.0,371.6,799.4,427.2,4200.0,274.9,720.0,2289.75,1272.97,,,125.0
2022-06-15,9.28,9.09,9.03,9.01,9.05,9.08,9.08,9.07,9.07,9.09,9.1,9.1,96.031,91.914,91.588,98.238,89.459,121.14,316.2,4115.0,19040.0,375.65,847.0,424.5,4257.0,276.1,726.0,2318.96,1280.38,57.0926,59.2481,121.68
2022-06-16,9.22,9.12,9.07,9.04,9.02,9.02,9.03,9.02,8.98,8.95,8.95,8.96,96.37,92.04,92.2,98.499,90.444,123.73,316.99,4261.5,19370.0,383.0,887.2,440.0,4393.0,277.05,741.4,2369.75,1316.75,56.6624,59.1204,119.0
2022-06-17,9.14,9.02,8.96,8.94,8.95,8.99,9.04,9.04,8.98,8.94,8.95,8.97,96.443,92.09,92.25,98.597,90.7,123.88,315.5,4182.0,19194.0,384.45,875.8,431.0,4319.0,274.7,735.0,2353.98,1315.43,56.8691,58.9568,116.31
2022-06-20,9.32,9.07,8.97,8.94,8.97,9.0,9.02,9.0,8.95,8.93,8.94,8.96,96.704,92.102,92.479,98.604,90.8,131.29,311.98,4209.5,19180.0,389.8,978.0,441.0,4370.0,274.45,768.0,2404.4,1357.63,,,115.34
2022-06-21,9.01,8.98,8.98,8.98,8.96,8.94,8.94,8.95,8.93,8.93,8.94,8.95,96.59,92.442,92.799,98.61,91.049,129.1,301.58,4045.0,18820.0,381.3,998.0,440.6,4365.0,272.7,770.6,2358.81,1379.97,56.1727,58.8003,115.36
2022-06-22,9.0,8.95,8.92,8.91,8.91,8.93,8.97,8.98,8.94,8.93,8.93,8.94,96.6,92.398,92.9,98.67,91.09,133.11,295.8,4139.0,18940.0,377.6,1026.0,444.6,4458.0,274.0,785.8,2373.52,1403.36,54.7081,57.4566,112.79
2022-06-23,8.95,8.9,8.86,8.84,8.82,8.82,8.81,8.8,8.81,8.84,8.86,8.85,97.05,93.17,93.402,99.497,91.55,136.85,303.5,4150.0,19100.0,378.4,1010.0,449.0,4405.0,276.2,807.0,2404.54,1416.41,53.2788,55.8307,111.99
2022-06-24,8.8,8.77,8.75,8.73,8.71,8.71,8.73,8.75,8.78,8.8,8.81,8.82,97.48,93.349,93.6,99.81,91.998,137.76,296.0,4100.0,18934.0,377.0,1003.0,448.5,4359.0,278.35,818.6,2391.51,1414.96,53.3578,55.9886,113.92
2022-06-27,8.49,8.55,8.59,8.61,8.61,8.61,8.63,8.66,8.7,8.75,8.79,8.83,97.96,93.805,94.372,100.091,92.329,141.15,296.2,4100.0,18586.0,376.65,1008.0,458.0,4360.0,276.2,832.6,2417.06,1428.07,,,115.17
2022-06-28,8.65,8.63,8.61,8.59,8.54,8.54,8.61,8.68,8.72,8.77,8.8,8.83,97.719,93.8,94.141,100.155,92.456,139.99,297.2,3989.5,18252.0,381.85,1005.8,447.2,4327.0,277.4,810.8,2408.75,1465.57,53.3641,56.0535,116.94
2022-06-29,8.89,8.78,8.7,8.64,8.54,8.54,8.63,8.71,8.74,8.78,8.81,8.85,97.722,93.633,94.05,99.97,92.486,132.8,297.65,4015.0,17652.0,384.2,1019.0,440.8,4316.0,275.7,840.0,2378.55,1413.01,52.9699,55.8886,117.83
2022-06-30,8.75,8.73,8.71,8.69,8.65,8.67,8.74,8.78,8.79,8.81,8.82,8.83,97.427,93.242,93.7,99.882,91.61,125.2,207.0,3905.0,17400.0,362.25,1024.0,429.5,4238.0,273.7,830.0,2204.85,1345.01,51.158,53.858,114.9
2022-07-01,8.7,8.64,8.61,8.6,8.63,8.69,8.79,8.84,8.84,8.85,8.87,8.88,97.365,92.966,93.351,99.741,91.22,129.91,192.5,3944.0,17100.0,375.15,1060.2,422.1,4155.0,278.85,830.0,2206.61,1276.55,52.5123,54.6405,111.86
2022-07-04,8.39,8.4,8.44,8.49,8.68,8.78,8.87,8.91,8.94,8.96,8.96,8.96,97.216,92.581,92.36,99.566,90.514,131.43,186.25,3949.5,17024.0,371.6,1025.0,433.0,4198.0,280.55,846.8,2204.66,1249.0,,,114.27
2022-07-05,8.34,8.37,8.44,8.51,8.72,8.83,8.92,8.95,8.97,9.02,9.04,9.04,97.068,92.4,92.003,99.056,90.2,133.5,197.3,4015.0,16700.0,371.5,970.2,426.0,4314.0,276.3,832.0,2226.64,1146.68,55.0858,57.1836,105.4
2022-07-06,8.22,8.29,8.36,8.44,8.66,8.78,8.89,8.93,8.94,8.98,9.0,9.01,97.066,92.573,92.25,99.201,90.44,134.0,195.42,3962.0,16452.0,369.65,1009.6,429.8,4306.0,270.05,831.2,2221.88,1101.64,58.5118,60.1618,101.61
2022-07-07,8.09,8.16,8.23,8.29,8.51,8.66,8.81,8.88,8.95,9.05,9.09,9.11,97.322,92.899,92.35,99.698,90.222,133.09,197.92,3956.0,16550.0,364.95,998.0,407.9,4420.0,273.0,823.8,2226.65,1132.49,62.911,64.326,106.64
2022-07-08,8.11,8.16,8.21,8.26,8.44,8.58,8.77,8.88,8.97,9.07,9.12,9.15,97.599,92.949,92.02,99.808,90.297,133.3,198.0,3911.0,16720.0,351.2,993.0,409.9,4439.0,275.05,821.4,2222.51,1144.79,63.1427,64.1349,107.58
2022-07-11,7.9,7.97,8.04,8.11,8.34,8.53,8.78,8.91,9.01,9.13,9.2,9.25,97.501,92.951,91.853,99.4,89.998,126.8,188.9,3848.5,16270.0,343.8,968.6,400.0,4385.0,239.85,808.6,2162.34,1154.28,,,107.14
2022-07-12,7.89,7.98,8.05,8.12,8.35,8.57,8.86,8.99,9.06,9.14,9.19,9.23,97.519,92.681,91.788,99.1,89.846,129.0,191.4,3752.0,15922.0,333.5,942.0,391.8,4300.0,236.85,779.8,2133.77,1142.37,61.3045,61.8056,101.1
2022-07-13,7.85,7.9,7.95,8.01,8.27,8.53,8.89,9.07,9.15,9.23,9.27,9.33,97.455,92.543,91.45,98.46,89.449,126.0,186.0,3645.5,15200.0,321.0,916.2,375.8,4255.5,233.9,756.4,2073.68,1120.34,58.8541,58.7643,100.48
2022-07-14,8.16,8.09,8.08,8.11,8.35,8.59,8.9,9.03,9.11,9.18,9.22,9.25,97.401,92.59,91.681,98.494,89.572,125.9,184.55,3608.0,15302.0,315.45,926.6,366.6,4228.0,229.8,743.6,2063.3,1113.97,58.5322,58.9002,98.83
2022-07-15,8.37,8.16,8.07,8.05,8.28,8.57,8.9,9.02,9.07,9.12,9.16,9.2,97.378,92.65,91.97,98.895,89.85,128.9,187.61,3709.0,15600.0,330.5,953.0,379.9,4380.0,236.9,739.8,2109.52,1161.53,58.2568,58.3432,102.75
2022-07-18,8.36,8.14,8.07,8.08,8.38,8.67,8.96,9.05,9.09,9.14,9.19,9.24,97.3,92.34,91.6,98.78,89.65,128.11,186.7,3645.0,15282.0,326.0,946.6,380.6,4382.0,236.3,722.2,2096.42,1168.73,,,105.99
2022-07-19,8.48,8.2,8.1,8.1,8.38,8.66,8.96,9.06,9.1,9.15,9.19,9.24,97.171,92.3,91.71,98.471,89.512,127.76,189.51,3600.0,14914.0,320.75,928.8,374.6,4355.0,232.55,715.0,2071.28,1175.04,56.5616,57.1526,105.99
2022-07-20,8.41,8.12,8.01,8.0,8.29,8.58,8.9,9.03,9.1,9.15,9.19,9.24,97.27,92.488,91.815,98.5,89.849,126.44,193.3,3580.0,15050.0,330.0,925.8,379.5,4315.0,232.6,702.8,2075.24,1188.91,55.437,56.4463,106.89
2022-07-21,7.95,7.82,7.77,7.78,8.05,8.37,8.77,8.95,9.03,9.09,9.13,9.19,98.18,93.2,92.45,98.6,90.7,125.48,189.59,3539.5,14800.0,328.2,916.0,375.7,4251.0,229.05,683.0,2053.64,1142.18,54.8491,55.826,104.42
2022-07-22,7.42,7.34,7.34,7.39,7.75,8.08,8.49,8.69,8.83,8.95,9.01,9.08,99.089,94.4,93.848,100.349,92.0,128.82,192.25,3688.0,14730.0,340.0,944.0,381.1,4341.0,230.8,689.6,2096.75,1161.47,56.4783,57.1133,104.93
2022-07-25,7.05,7.02,7.07,7.17,7.65,8.05,8.49,8.68,8.83,8.94,9.0,9.06,98.9,94.599,93.515,100.511,91.73,131.45,192.0,3669.0,14794.0,336.6,960.8,383.1,4345.0,230.85,695.0,2128.96,1155.45,,,104.8
2022-07-26,6.98,6.97,7.03,7.13,7.6,7.99,8.46,8.69,8.87,9.0,9.06,9.13,99.225,94.58,93.47,100.5,91.48,132.9,193.95,3825.0,15850.0,347.0,1008.0,388.1,4512.0,233.25,723.0,2192.42,1136.02,57.7821,58.6741,104.69
2022-07-27,6.97,7.04,7.12,7.22,7.62,7.97,8.44,8.7,8.91,9.07,9.14,9.21,99.332,94.6,93.15,100.447,91.626,132.5,196.49,3847.5,15640.0,348.7,1038.0,392.3,4630.0,235.65,742.4,2196.22,1153.95,58.6605,59.4068,106.74
2022-07-28,7.05,7.1,7.17,7.25,7.6,7.92,8.39,8.65,8.86,9.03,9.11,9.2,99.636,94.6,93.55,100.6,91.548,131.72,196.25,3831.0,15500.0,344.3,1025.2,395.0,4765.5,243.15,720.0,2189.16,1137.82,60.2198,61.0032,107.67
2022-07-29,7.15,7.12,7.14,7.19,7.51,7.85,8.37,8.67,8.89,9.06,9.15,9.25,99.901,94.697,93.6,100.782,91.627,131.9,195.26,3877.0,16150.0,353.0,1052.0,409.0,4889.0,243.45,733.8,2213.81,1129.24,60.2031,61.2171,109.94
2022-08-01,7.36,7.25,7.21,7.23,7.53,7.85,8.36,8.65,8.87,9.03,9.11,9.19,100.072,94.746,93.5,100.91,91.67,127.34,192.0,3931.0,15590.0,348.0,1035.0,395.1,4800.0,241.75,732.0,2180.09,1138.79,,,100.62
2022-08-02,7.55,7.41,7.34,7.32,7.53,7.85,8.38,8.68,8.88,9.04,9.13,9.22,99.923,94.6,93.3,100.97,91.699,127.53,187.16,3823.0,15140.0,335.8,1009.0,394.3,4813.0,241.0,725.4,2137.3,1116.12,62.0506,63.2468,101.73
2022-08-03,7.61,7.48,7.43,7.42,7.63,7.93,8.39,8.67,8.88,9.05,9.13,9.21,100.088,94.582,93.2,100.9,91.439,126.85,187.04,3799.0,14754.0,330.25,988.0,397.6,4910.0,246.3,696.0,2123.92,1105.99,60.1595,61.2656,98.84
2022-08-04,7.42,7.37,7.36,7.39,7.64,7.93,8.38,8.65,8.84,8.98,9.06,9.13,99.989,94.54,93.499,100.981,91.699,126.95,184.9,3720.0,14710.0,324.6,1003.6,403.1,4883.0,251.0,698.4,2116.58,1104.77,60.2374,61.1243,95.47
2022-08-05,7.42,7.36,7.36,7.4,7.72,8.05,8.48,8.7,8.87,9.02,9.09,9.16,99.673,94.35,93.341,100.871,91.27,122.4,176.58,3679.5,14394.0,322.7,975.0,387.0,4799.5,241.45,680.0,2054.29,1072.31,60.258,61.0872,96.81
2022-08-08,7.46,7.37,7.37,7.41,7.77,8.07,8.46,8.68,8.86,8.99,9.04,9.09,99.799,94.649,93.36,100.985,91.513,123.81,177.86,3720.0,14458.0,327.35,1009.8,383.7,4880.0,247.15,683.6,2088.4,1083.52,,,96.77
2022-08-09,7.35,7.37,7.42,7.48,7.76,8.01,8.41,8.66,8.85,8.99,9.07,9.13,99.79,94.401,93.389,100.925,91.418,126.4,181.04,3895.0,15150.0,339.65,1021.0,405.6,5032.5,247.85,707.6,2136.8,1116.28,60.3164,61.1615,97.46
2022-08-10,7.37,7.38,7.42,7.47,7.75,8.03,8.44,8.69,8.91,9.08,9.15,9.23,99.557,94.417,93.099,100.699,91.1,126.2,178.81,3890.0,14970.0,339.5,1039.8,415.8,5024.0,250.05,698.0,2151.5,1118.4,60.3814,61.5542,96.26
2022-08-11,7.34,7.36,7.41,7.48,7.79,8.1,8.56,8.81,8.98,9.11,9.18,9.25,99.396,93.95,92.615,100.4,90.5,123.45,174.1,3925.0,14908.0,333.0,1020.0,414.6,5002.5,245.5,705.0,2133.11,1106.29,60.4542,61.704,98.75
2022-08-12,7.36,7.38,7.43,7.5,7.83,8.14,8.56,8.78,8.96,9.1,9.16,9.22,98.925,93.999,92.51,100.29,90.45,124.88,174.36,3940.5,14826.0,336.2,1036.0,422.6,5134.0,245.1,700.0,2147.33,1116.32,60.6229,62.5156,98.47
2022-08-15,7.34,7.36,7.41,7.48,7.81,8.12,8.54,8.78,8.99,9.15,9.22,9.28,99.161,94.011,92.552,100.364,90.386,125.0,174.8,3959.0,15142.0,335.9,1065.0,425.0,5159.5,246.3,708.2,2165.12,1112.93,,,96.02
2022-08-16,7.35,7.36,7.4,7.46,7.78,8.1,8.54,8.78,8.96,9.12,9.19,9.26,99.482,93.925,92.876,100.33,90.655,126.39,181.3,4018.0,15444.0,348.0,1100.6,437.0,5177.0,248.0,713.6,2208.33,1142.05,61.3747,62.5056,94.56
2022-08-17,7.38,7.34,7.35,7.4,7.74,8.08,8.55,8.79,8.94,9.06,9.12,9.19,99.781,93.984,92.947,100.45,90.822,124.5,176.5,3907.0,15370.0,344.1,1095.0,432.5,5270.0,245.0,702.0,2188.56,1136.4,61.4247,62.3551,93.57
2022-08-18,7.51,7.39,7.36,7.39,7.73,8.09,8.55,8.78,8.93,9.04,9.11,9.17,99.69,93.999,92.898,100.43,90.66,126.3,178.87,3920.0,15160.0,346.4,1090.0,436.0,5350.0,241.95,699.4,2194.31,1162.3,60.7552,61.8322,96.46
2022-08-19,7.51,7.38,7.35,7.37,7.72,8.1,8.62,8.88,9.03,9.15,9.22,9.29,99.727,93.749,92.5,100.018,90.8,125.2,177.6,3972.0,15330.0,344.8,1085.0,431.0,5245.0,240.0,703.4,2195.16,1170.57,59.957,60.8957,98.18
2022-08-22,7.77,7.62,7.57,7.59,7.88,8.2,8.65,8.88,9.03,9.15,9.21,9.27,99.345,93.6,92.364,99.85,90.398,126.06,181.7,4017.0,15430.0,349.6,1150.2,443.4,5302.0,238.1,708.0,2228.11,1173.79,,,96.34
2022-08-23,7.63,7.48,7.44,7.48,7.88,8.24,8.66,8.87,9.02,9.14,9.2,9.25,99.274,93.598,92.15,99.994,90.192,130.38,184.3,4098.0,15592.0,356.0,1135.0,450.2,5319.0,236.0,712.0,2260.08,1190.16,59.7419,59.5344,99.73
2022-08-24,7.68,7.59,7.56,7.58,7.83,8.14,8.62,8.89,9.09,9.24,9.31,9.39,99.29,93.97,92.167,99.8,90.1,128.15,182.83,4117.0,15458.0,358.2,1146.0,451.0,5393.0,231.85,710.0,2248.22,1182.39,59.8963,59.3304,99.89
2022-08-25,7.69,7.55,7.5,7.5,7.78,8.11,8.59,8.85,9.04,9.19,9.25,9.32,99.596,94.136,92.35,99.9,90.698,128.18,181.9,4055.0,15384.0,355.6,1140.8,446.9,5440.0,236.4,705.8,2246.34,1182.71,59.9974,59.5082,101.63
2022-08-26,7.69,7.61,7.58,7.59,7.8,8.08,8.57,8.86,9.08,9.24,9.33,9.43,99.425,94.242,92.34,99.65,90.75,130.4,183.62,4115.0,15392.0,361.5,1156.2,450.0,5459.5,240.1,712.6,2268.89,1183.12,59.7699,59.5983,99.82
2022-08-29,7.67,7.65,7.65,7.67,7.85,8.08,8.52,8.82,9.05,9.24,9.35,9.45,99.3,94.508,92.19,99.65,90.244,131.17,190.0,4186.0,15594.0,367.3,1158.0,454.5,5450.0,241.0,739.0,2296.33,1197.99,,,104.22
2022-08-30,7.63,7.62,7.63,7.66,7.85,8.1,8.53,8.82,9.06,9.26,9.36,9.47,99.3,94.44,92.336,99.59,90.367,130.05,204.0,4140.0,15650.0,361.3,1147.0,454.2,5450.0,239.3,743.8,2306.62,1212.1,60.3636,59.9608,100.42
2022-08-31,7.71,7.68,7.68,7.69,7.84,8.05,8.51,8.84,9.11,9.32,9.43,9.56,99.439,94.544,92.1,99.35,89.9,134.25,254.9,4270.0,16140.0,368.0,1133.0,456.0,5490.5,236.3,754.8,2400.08,1258.45,60.3677,60.5752,98.96
2022-09-01,7.64,7.66,7.69,7.72,7.86,8.05,8.48,8.81,9.08,9.29,9.4,9.53,99.3,94.809,92.345,99.5,90.1,138.2,249.11,4722.0,16600.0,373.5,1149.8,442.1,5399.0,241.45,742.4,2445.77,1279.45,60.2386,60.2141,96.39
2022-09-02,7.59,7.62,7.65,7.68,7.79,7.95,8.35,8.7,9.04,9.32,9.47,9.64,99.95,95.413,92.5,99.8,90.2,143.8,252.8,4595.0,16746.0,385.1,1148.8,450.9,5485.5,240.3,774.4,2471.45,1284.53,60.237,60.2842,97.53
2022-09-05,7.47,7.52,7.57,7.61,7.75,7.9,8.28,8.62,8.98,9.29,9.44,9.62,100.237,95.782,92.657,99.9,90.402,141.0,250.0,4658.0,17000.0,385.1,1197.0,461.1,5600.0,242.8,798.0,2488.44,1287.78,,,97.39
2022-09-06,7.51,7.51,7.52,7.54,7.69,7.87,8.28,8.62,8.98,9.3,9.46,9.62,100.345,95.636,92.741,99.95,90.65,137.23,246.0,4545.0,16604.0,375.7,1163.8,448.1,5510.0,239.0,787.8,2425.33,1252.47,60.9033,60.1408,95.29
2022-09-07,7.62,7.62,7.63,7.64,7.72,7.88,8.25,8.61,8.99,9.3,9.46,9.64,100.002,95.55,92.725,99.84,90.499,136.86,241.55,4420.0,16222.0,375.95,1178.0,437.7,5490.0,236.05,785.0,2401.57,1243.7,60.8544,60.4929,92.42
2022-09-08,7.45,7.5,7.56,7.61,7.78,7.96,8.35,8.7,9.06,9.37,9.52,9.69,100.029,95.397,92.25,99.45,90.099,134.51,243.95,4410.0,16244.0,374.4,1157.0,433.0,5433.0,237.55,774.4,2390.27,1237.75,61.1814,60.5458,92.08
2022-09-09,7.59,7.59,7.61,7.63,7.77,7.95,8.36,8.7,9.05,9.34,9.48,9.64,99.764,95.265,92.25,99.5,90.2,138.15,245.34,4470.0,16740.0,378.0,1160.0,441.8,5499.0,237.75,782.8,2426.06,1262.72,60.801,60.6952,93.42
2022-09-12,7.54,7.52,7.52,7.53,7.67,7.88,8.32,8.69,9.06,9.33,9.46,9.61,99.88,95.458,92.577,99.65,90.497,138.7,243.3,4560.0,16756.0,379.4,1187.0,448.0,5575.0,240.6,780.0,2449.65,1280.67,,,95.08
2022-09-13,7.44,7.47,7.51,7.55,7.73,7.94,8.39,8.75,9.09,9.35,9.48,9.62,99.782,95.359,92.439,99.364,90.153,137.0,242.64,4542.5,16432.0,373.4,1179.0,441.0,5594.0,237.75,777.8,2446.89,1284.1,60.4568,61.3127,93.58
2022-09-14,7.46,7.44,7.45,7.47,7.65,7.89,8.36,8.74,9.08,9.31,9.42,9.55,99.701,95.298,92.589,99.45,90.26,138.9,243.32,4472.0,16214.0,375.75,1175.4,443.0,5558.0,237.7,769.6,2435.89,1282.8,60.0676,60.9364,95.2
2022-09-15,7.37,7.37,7.39,7.41,7.61,7.86,8.35,8.73,9.07,9.33,9.44,9.58,100.057,95.438,92.622,99.906,90.362,139.48,243.68,4530.0,16212.0,367.3,1190.2,444.8,5555.5,238.2,775.2,2446.59,1288.03,59.7751,59.8368,92.31
2022-09-16,7.44,7.4,7.39,7.4,7.6,7.89,8.47,8.88,9.21,9.42,9.52,9.65,99.601,94.7,91.7,99.0,89.318,137.73,243.8,4519.0,16228.0,359.05,1180.0,438.7,5582.0,236.4,781.4,2435.18,1275.03,59.6663,59.6196,93.01
2022-09-19,7.48,7.46,7.47,7.5,7.73,8.03,8.65,9.09,9.43,9.69,9.82,9.97,99.068,93.799,90.574,97.961,87.74,138.04,244.21,4496.0,16016.0,358.25,1171.8,438.3,5505.0,235.85,782.4,2430.54,1272.66,,,91.72
2022-09-20,7.58,7.63,7.7,7.78,8.17,8.56,9.25,9.71,10.05,10.3,10.42,10.57,97.805,91.438,87.557,94.6,84.302,125.1,221.15,4055.0,15260.0,330.9,1044.0,413.1,5222.5,226.7,728.6,2215.67,1154.17,60.1662,60.0426,91.03
2022-09-21,7.53,7.66,7.79,7.91,8.31,8.6,9.16,9.59,9.91,10.14,10.26,10.42,98.24,91.641,88.311,95.319,85.226,120.23,214.07,3955.0,14776.0,312.55,1009.2,379.7,4904.5,216.5,700.8,2130.71,1106.82,60.0158,60.0507,91.26
2022-09-22,7.41,7.55,7.7,7.85,8.39,8.83,9.5,9.9,10.19,10.42,10.54,10.67,96.766,90.72,86.98,94.345,82.999,124.31,231.45,4011.0,14794.0,315.5,1016.6,395.9,5015.0,214.9,724.2,2190.87,1174.61,60.8685,60.211,91.21
2022-09-23,7.55,7.71,7.87,8.02,8.55,8.98,9.62,10.01,10.31,10.55,10.67,10.81,96.332,89.837,85.942,93.146,82.283,119.39,224.84,3948.5,14148.0,296.7,950.8,381.3,4889.0,200.65,700.4,2089.87,1141.81,59.8318,58.9388,87.35
2022-09-26,8.25,8.32,8.4,8.49,8.84,9.2,9.84,10.25,10.56,10.82,10.97,11.13,95.3,88.772,84.401,91.501,80.383,107.06,206.0,3708.0,12850.0,257.9,897.6,345.0,4474.0,186.3,606.0,1933.35,1043.44,,,86.28
2022-09-27,8.18,8.17,8.19,8.24,8.57,8.95,9.64,10.09,10.42,10.7,10.84,11.0,96.637,89.796,85.515,93.2,80.777,112.92,217.3,3865.0,13278.0,266.95,984.8,361.1,4481.5,187.45,624.4,1953.46,1053.46,57.999,55.9278,86.85
2022-09-28,8.2,8.19,8.23,8.3,8.74,9.22,9.91,10.27,10.5,10.69,10.8,10.9,95.901,89.279,84.36,93.47,79.8,111.06,217.38,3907.5,12930.0,263.0,967.8,359.4,4750.0,186.0,616.6,1963.86,1074.57,58.1756,55.9953,88.87
2022-09-29,8.44,8.49,8.58,8.69,9.16,9.59,10.14,10.42,10.62,10.8,10.9,10.97,95.007,88.251,83.3,91.963,78.628,110.41,226.46,3882.5,12338.0,256.05,964.8,352.1,4537.5,183.0,580.8,1953.77,1072.26,58.4485,55.7232,89.52
2022-09-30,8.61,8.64,8.71,8.79,9.21,9.65,10.28,10.61,10.79,10.96,11.05,11.15,95.108,88.154,82.886,91.403,78.409,110.21,217.7,3965.0,12458.0,264.05,969.0,362.1,4722.0,191.65,622.0,1957.31,1055.72,57.413,55.4064,88.79
2022-10-03,8.31,8.33,8.38,8.44,8.76,9.13,9.79,10.21,10.5,10.73,10.85,10.97,96.621,90.0,84.564,93.811,80.22,114.35,215.83,4077.0,13186.0,287.9,1013.4,383.8,5008.0,197.05,634.2,2041.96,1091.87,,,90.36
2022-10-04,7.93,8.02,8.12,8.23,8.67,9.07,9.69,10.08,10.35,10.57,10.7,10.83,96.879,89.541,85.101,94.0,81.399,110.55,210.72,4094.0,12956.0,283.75,1007.0,381.3,4906.5,202.7,610.2,2046.42,1100.14,57.5664,54.3947,93.17
2022-10-05,7.8,7.91,8.04,8.16,8.67,9.1,9.72,10.07,10.3,10.5,10.59,10.69,96.695,89.977,85.312,93.9,81.43,108.51,209.05,4102.5,12516.0,283.0,1000.0,382.7,4784.5,206.55,595.0,2029.88,1061.97,58.7913,56.1725,94.74
2022-10-06,7.72,7.86,8.0,8.13,8.58,8.94,9.55,9.96,10.29,10.57,10.72,10.88,96.88,90.481,85.779,93.85,82.143,108.24,212.86,4041.0,12400.0,286.8,963.2,391.7,4719.5,208.25,591.0,2020.63,1044.82,59.4043,58.0613,94.65
2022-10-07,7.68,7.81,7.94,8.08,8.55,8.92,9.57,10.02,10.37,10.65,10.79,10.93,96.538,89.702,84.444,92.7,80.041,101.5,195.15,3875.0,11932.0,269.0,906.4,365.8,4546.0,196.2,572.6,1944.75,1005.04,60.2534,58.2392,97.66
2022-10-10,7.82,7.99,8.15,8.29,8.75,9.1,9.74,10.18,10.49,10.77,10.93,11.1,96.202,90.299,84.817,92.535,80.5,106.71,163.89,4035.0,12500.0,277.85,960.0,353.2,4645.0,200.1,592.6,1916.97,963.88,,,97.35
2022-10-11,7.6,7.78,7.95,8.11,8.63,8.98,9.57,9.97,10.29,10.54,10.67,10.81,96.503,90.997,85.871,93.484,82.299,107.72,162.89,4170.0,12794.0,287.3,965.8,353.0,4838.0,210.1,600.6,1949.46,964.67,62.3126,60.8019,95.21
2022-10-12,7.72,7.92,8.1,8.26,8.7,8.98,9.51,9.91,10.26,10.55,10.7,10.87,96.802,90.88,85.788,93.7,82.2,105.9,161.8,4149.0,12698.0,292.0,972.8,351.4,4772.0,204.15,596.0,1951.65,954.53,63.684,62.3481,93.36
2022-10-13,7.66,7.83,7.98,8.12,8.55,8.87,9.43,9.84,10.2,10.5,10.67,10.84,97.198,91.05,86.04,93.717,82.3,106.5,160.84,4185.5,12616.0,298.8,981.0,353.0,4772.5,203.5,590.6,1955.2,968.34,63.7559,62.5867,95.1
2022-10-14,7.64,7.79,7.93,8.06,8.49,8.82,9.41,9.84,10.19,10.49,10.66,10.84,97.113,91.21,86.25,94.18,82.501,107.78,159.6,4139.0,12640.0,299.55,974.0,351.8,4810.0,208.3,616.0,1950.98,990.66,63.4917,62.5903,93.42
2022-10-17,7.69,7.82,7.93,8.04,8.4,8.72,9.31,9.76,10.15,10.49,10.68,10.88,97.489,91.379,86.998,94.673,83.104,112.44,163.24,4212.5,13246.0,313.45,1008.4,365.6,5060.5,218.65,655.4,2012.85,1027.83,,,93.19
2022-10-18,7.69,7.8,7.9,8.0,8.34,8.66,9.3,9.78,10.17,10.49,10.66,10.85,97.4,91.225,86.599,94.253,82.9,110.88,160.2,4240.0,13222.0,305.45,988.4,357.7,4918.5,213.55,644.0,2032.4,1039.76,61.7634,60.5608,90.97
2022-10-19,7.7,7.74,7.8,7.87,8.2,8.57,9.26,9.76,10.16,10.49,10.66,10.86,97.509,91.448,86.891,94.28,83.032,112.39,161.29,4204.5,13018.0,307.95,995.0,359.6,4961.0,215.3,653.8,1978.4,1010.24,61.7032,60.53,91.7
2022-10-20,7.72,7.71,7.73,7.77,8.08,8.46,9.22,9.75,10.18,10.53,10.71,10.91,97.844,91.399,87.198,94.346,83.251,116.98,160.75,4380.5,13084.0,310.85,1003.2,362.1,5011.5,217.2,687.0,2025.51,1041.56,61.5905,60.1086,93.64
2022-10-21,7.68,7.63,7.63,7.66,7.95,8.34,9.17,9.74,10.16,10.46,10.61,10.8,98.425,91.868,87.4,94.505,83.494,119.45,166.99,4433.0,13160.0,311.3,1007.6,362.4,5164.0,215.8,732.2,2043.71,1050.57,61.5018,60.4371,93.8
2022-10-24,7.7,7.64,7.62,7.65,7.92,8.32,9.15,9.72,10.14,10.45,10.61,10.79,98.675,91.952,87.4,94.439,83.529,118.8,165.47,4439.5,13152.0,313.6,1006.8,372.0,5196.5,215.75,727.6,2063.95,1062.66,,,93.54
2022-10-25,7.6,7.59,7.61,7.65,7.95,8.32,9.13,9.72,10.17,10.51,10.69,10.9,98.573,91.736,87.557,94.458,83.62,124.36,172.38,4569.5,13470.0,332.4,1036.8,382.7,5315.0,219.0,757.2,2130.65,1090.96,61.1629,60.1575,93.98
2022-10-26,7.63,7.59,7.59,7.62,7.93,8.35,9.19,9.76,10.18,10.48,10.64,10.83,98.4,91.95,87.522,94.396,83.795,124.43,171.98,4613.5,13136.0,340.65,1041.8,380.9,5270.0,219.05,779.6,2120.58,1088.59,61.3326,60.4648,96.08
2022-10-27,7.54,7.53,7.56,7.62,8.01,8.44,9.27,9.81,10.17,10.42,10.57,10.75,98.18,91.945,87.799,94.289,83.789,126.61,172.47,4724.0,13266.0,343.85,1078.0,382.6,5247.0,222.75,826.4,2164.64,1105.71,61.4277,61.5682,96.92
2022-10-28,7.42,7.45,7.52,7.6,8.03,8.45,9.25,9.78,10.16,10.43,10.56,10.73,98.233,91.697,87.26,94.125,83.592,126.97,170.73,4700.5,13548.0,341.8,1106.2,384.9,5269.0,224.5,816.4,2167.7,1113.75,61.3589,61.5718,95.71
2022-10-31,7.43,7.51,7.61,7.72,8.2,8.64,9.37,9.84,10.18,10.45,10.59,10.75,97.722,90.907,86.934,94.066,83.293,126.72,170.27,4695.5,13758.0,333.9,1104.0,387.4,5237.0,225.8,786.8,2166.61,1111.68,,,93.9
2022-11-01,7.52,7.56,7.62,7.7,8.13,8.58,9.38,9.89,10.23,10.46,10.59,10.75,97.815,91.088,87.099,94.222,83.47,127.05,169.92,4700.0,13624.0,332.35,1109.2,388.0,5249.5,226.7,789.2,2174.35,1118.19,61.6229,61.1196,95.45
2022-11-02,7.49,7.52,7.59,7.69,8.17,8.67,9.49,10.01,10.37,10.65,10.8,10.97,97.211,91.11,86.089,93.8,82.277,125.49,167.72,4670.0,13404.0,333.7,1102.4,383.0,5170.0,223.45,770.0,2173.84,1108.69,61.4275,60.9668,96.76
2022-11-03,7.37,7.39,7.46,7.55,8.06,8.6,9.46,9.98,10.35,10.64,10.8,10.98,97.632,91.429,86.1,94.057,82.238,125.75,169.14,4687.0,13406.0,335.0,1108.0,385.3,5183.0,222.3,782.0,2155.92,1094.3,61.6175,60.9216,95.99
2022-11-07,7.31,7.33,7.39,7.5,8.07,8.64,9.52,10.02,10.35,10.63,10.78,10.94,97.521,91.208,86.393,94.169,81.912,132.0,169.85,4723.5,14070.0,356.7,1140.8,393.4,5208.5,227.7,824.0,2208.78,1140.78,,,99.21
2022-11-08,7.42,7.43,7.49,7.6,8.18,8.77,9.67,10.18,10.53,10.82,10.97,11.14,97.14,90.536,85.541,93.158,80.996,131.29,169.97,4697.5,13968.0,351.95,1134.8,391.9,5165.0,230.45,822.4,2207.2,1143.05,61.2367,60.9013,98.49
2022-11-09,7.51,7.53,7.59,7.68,8.17,8.69,9.54,10.08,10.48,10.8,10.98,11.17,97.099,90.545,85.5,93.3,81.35,127.3,167.1,4632.0,13720.0,348.6,1105.0,386.5,5027.5,224.75,785.4,2166.56,1113.93,60.9774,60.8231,94.67
2022-11-10,7.51,7.5,7.55,7.62,8.08,8.58,9.44,10.0,10.42,10.74,10.9,11.09,97.547,90.893,86.257,93.795,81.75,136.68,168.9,4681.0,14044.0,358.25,1124.0,388.3,5031.5,228.35,800.4,2210.02,1150.36,61.0611,61.2445,94.8
2022-11-11,7.49,7.46,7.49,7.55,8.0,8.53,9.42,9.98,10.39,10.72,10.89,11.08,97.464,90.917,86.172,93.8,81.959,136.98,169.86,4670.0,14764.0,356.95,1113.0,385.1,5005.0,235.0,798.8,2217.44,1158.24,61.2434,61.0037,96.9
2022-11-14,7.32,7.34,7.41,7.51,8.06,8.63,9.52,10.03,10.37,10.66,10.83,11.02,97.409,90.852,85.89,93.81,81.949,139.8,169.6,4658.5,15456.0,350.85,1118.0,384.4,4974.5,234.55,795.2,2244.77,1170.05,,,96.33
2022-11-15,7.32,7.33,7.39,7.48,8.0,8.54,9.44,9.99,10.4,10.71,10.87,11.05,97.228,90.8,85.73,93.549,81.7,135.66,166.25,4565.0,14984.0,338.4,1084.6,375.5,4888.0,231.1,773.2,2223.26,1159.59,60.3982,62.1554,93.19
2022-11-16,7.34,7.37,7.44,7.53,7.99,8.46,9.29,9.83,10.19,10.44,10.58,10.76,97.697,91.667,86.7,94.122,83.285,139.18,168.76,4661.5,15224.0,342.5,1109.0,383.2,4945.5,233.75,791.6,2227.19,1163.59,60.3116,62.6297,93.55
2022-11-17,7.2,7.27,7.38,7.49,7.97,8.44,9.26,9.81,10.23,10.53,10.69,10.87,98.119,91.599,86.952,94.247,82.901,137.57,168.99,4621.0,14946.0,336.95,1099.8,378.0,5011.5,232.6,785.4,2212.93,1151.56,60.3484,62.6675,92.35
2022-11-18,7.31,7.32,7.37,7.44,7.87,8.35,9.23,9.8,10.23,10.54,10.71,10.9,98.155,91.891,86.997,94.199,82.95,136.89,168.79,4623.0,14986.0,336.9,1092.2,376.2,4918.5,230.45,788.2,2206.32,1147.03,60.3894,62.5712,89.26
2022-11-21,7.4,7.41,7.46,7.52,7.91,8.37,9.26,9.88,10.34,10.68,10.86,11.07,98.104,91.825,86.463,94.02,82.602,134.46,168.13,4605.5,14654.0,331.85,1075.4,368.8,4856.0,227.7,776.2,2166.31,1122.29,,,85.22
2022-11-22,7.3,7.34,7.4,7.48,7.9,8.37,9.24,9.84,10.32,10.7,10.89,11.1,98.132,91.797,86.448,93.57,82.28,135.65,168.08,4618.0,14802.0,334.95,1073.2,369.7,4869.0,228.15,789.6,2196.04,1142.58,60.7379,62.1245,89.67
2022-11-23,7.33,7.35,7.4,7.48,7.9,8.37,9.25,9.86,10.32,10.66,10.84,11.05,98.172,92.1,86.692,93.701,82.641,136.59,169.15,4679.0,14752.0,337.95,1089.6,368.3,4879.5,232.85,798.4,2211.89,1147.43,60.6566,62.1774,86.56
2022-11-24,7.29,7.32,7.38,7.46,7.87,8.33,9.21,9.81,10.25,10.58,10.75,10.95,98.151,92.26,86.8,93.83,82.795,136.61,168.96,4664.0,14766.0,334.75,1078.0,367.3,4893.0,233.5,792.0,2210.95,1146.28,60.5043,62.285,86.18
2022-11-25,7.32,7.35,7.41,7.49,7.9,8.35,9.19,9.77,10.23,10.59,10.78,10.99,98.204,91.987,86.701,93.75,82.836,136.53,169.03,4669.0,14632.0,335.9,1065.4,366.4,4849.0,236.25,791.6,2195.17,1141.07,60.3866,62.7814,86.9
2022-11-28,7.24,7.29,7.36,7.45,7.9,8.38,9.23,9.81,10.25,10.59,10.76,10.96,98.1,92.3,86.583,93.65,82.67,135.53,168.1,4624.0,14570.0,333.2,1037.8,367.6,4844.0,234.15,791.6,2177.45,1122.46,,,83.37
2022-11-29,7.08,7.18,7.3,7.42,7.92,8.4,9.26,9.84,10.26,10.57,10.73,10.94,98.232,92.271,86.63,93.559,82.882,136.37,168.1,4602.0,14464.0,335.9,1039.8,367.8,4819.0,236.95,792.6,2185.32,1128.71,60.752,63.3008,85.07
2022-11-30,7.11,7.22,7.33,7.46,7.95,8.41,9.24,9.79,10.2,10.5,10.66,10.85,98.296,92.469,86.561,93.707,82.75,136.78,167.7,4614.5,14384.0,336.25,1040.0,366.0,4827.0,236.4,790.8,2174.53,1125.14,61.0742,63.3882,85.48
2022-12-01,6.93,7.09,7.25,7.4,7.96,8.43,9.26,9.82,10.24,10.55,10.71,10.9,98.145,92.401,86.418,93.501,82.447,137.15,166.98,4599.5,14650.0,335.9,1055.4,363.9,4777.0,234.7,784.6,2187.29,1123.63,60.8803,63.0504,89.9
2022-12-02,7.05,7.18,7.31,7.45,7.99,8.47,9.3,9.85,10.28,10.62,10.79,10.99,98.119,92.348,86.41,93.646,82.34,136.66,165.86,4577.5,14484.0,335.0,1046.0,361.1,4667.0,233.7,778.0,2180.44,1107.55,61.1479,63.8279,89.1
2022-12-05,7.15,7.23,7.33,7.45,7.97,8.49,9.35,9.9,10.31,10.61,10.76,10.93,97.9,92.248,86.198,93.29,82.15,142.0,165.03,4619.0,14824.0,340.45,1045.0,362.7,4587.0,233.05,780.4,2208.28,1114.69,,,89.08
2022-12-06,7.08,7.14,7.23,7.34,7.89,8.45,9.35,9.91,10.3,10.58,10.73,10.92,98.0,91.991,86.153,93.43,82.051,140.61,164.3,4603.5,14718.0,336.0,1035.0,361.7,4475.5,233.8,784.0,2196.24,1097.09,62.1849,65.5205,85.65
2022-12-07,7.16,7.22,7.3,7.41,7.92,8.43,9.32,9.89,10.29,10.59,10.75,10.94,98.096,92.172,86.26,93.649,82.26,142.32,163.7,4592.5,15038.0,335.1,1036.0,361.6,4492.5,233.5,792.2,2192.88,1098.93,62.9103,66.1087,83.13
2022-12-08,6.98,7.09,7.21,7.35,7.87,8.37,9.24,9.82,10.26,10.6,10.77,10.97,98.268,92.29,86.389,93.798,82.457,139.92,163.0,4578.0,14886.0,333.7,1048.2,361.0,4464.0,233.15,801.0,2184.43,1096.63,62.9372,65.8966,81.58
2022-12-09,6.81,6.95,7.11,7.26,7.87,8.38,9.26,9.84,10.28,10.62,10.8,11.0,98.3,92.259,86.498,93.9,82.654,140.03,162.75,4583.0,14940.0,336.15,1042.6,364.5,4446.0,233.65,805.0,2177.85,1099.12,62.5722,65.6762,80.21
2022-12-12,6.66,6.79,6.95,7.11,7.74,8.31,9.26,9.85,10.27,10.58,10.74,10.93,98.417,92.249,86.453,93.923,82.449,139.48,162.89,4583.5,14760.0,335.2,1040.8,360.1,4560.0,231.1,820.6,2173.16,1088.86,,,80.86
2022-12-13,6.25,6.54,6.8,7.02,7.73,8.31,9.24,9.84,10.28,10.6,10.77,10.98,98.6,92.486,86.359,93.838,82.399,138.13,162.4,4577.5,14924.0,337.4,1035.0,358.4,4529.5,229.85,841.6,2174.38,1088.97,62.7674,66.27,82.09
2022-12-14,6.31,6.56,6.8,7.01,7.73,8.33,9.27,9.87,10.3,10.63,10.81,11.03,98.509,92.387,86.256,93.661,82.3,137.3,160.74,4590.5,14718.0,333.5,1029.0,356.8,4454.5,226.4,838.2,2159.81,1060.74,63.212,66.7017,82.77
2022-12-15,6.46,6.64,6.81,6.99,7.69,8.31,9.3,9.91,10.37,10.72,10.9,11.11,98.49,92.206,86.158,93.502,82.38,134.55,160.31,4521.0,14280.0,328.0,1006.8,351.8,4382.5,221.15,839.6,2126.8,1042.01,63.359,67.4478,83.33
2022-12-16,6.61,6.71,6.84,6.99,7.65,8.28,9.31,9.93,10.36,10.67,10.84,11.03,98.494,92.293,86.296,93.608,82.405,135.45,160.24,4580.0,14498.0,330.9,1016.0,354.4,4386.5,226.9,853.8,2132.75,1038.63,64.3015,68.447,80.64
2022-12-19,7.11,7.15,7.23,7.34,7.88,8.41,9.34,9.95,10.44,10.82,11.01,11.23,98.422,92.039,85.926,93.262,81.56,134.64,157.61,4625.0,14652.0,333.0,1010.6,348.5,4260.0,223.7,875.4,2129.98,991.38,,,80.88
2022-12-20,7.2,7.21,7.26,7.35,7.87,8.43,9.39,10.0,10.47,10.82,11.0,11.2,98.153,92.061,85.698,92.79,81.383,138.28,158.94,4076.0,14816.0,344.15,1053.4,354.6,4326.0,227.45,885.8,2119.37,967.24,66.3474,70.6196,81.33
2022-12-21,7.35,7.28,7.28,7.33,7.8,8.37,9.37,10.01,10.47,10.82,11.0,11.2,98.141,92.0,85.221,92.924,81.31,137.75,157.59,4040.5,14870.0,345.2,1061.0,351.1,4288.5,224.5,869.0,2116.13,940.03,69.0037,73.3389,83.12
2022-12-22,7.14,7.17,7.24,7.35,7.88,8.42,9.36,9.97,10.45,10.81,11.0,11.22,98.301,92.192,85.511,93.036,81.605,137.69,157.95,4027.5,14958.0,344.7,1049.0,350.5,4347.0,227.0,882.4,2122.91,969.7,70.5256,75.0914,83.07
2022-12-23,7.28,7.29,7.33,7.41,7.88,8.39,9.34,9.98,10.46,10.82,11.01,11.22,98.309,92.18,85.709,93.062,81.886,137.94,160.89,4010.5,14904.0,343.3,1048.0,349.4,4315.5,227.0,888.6,2124.02,963.51,72.1306,76.6446,84.48
2022-12-26,7.23,7.26,7.33,7.42,7.91,8.43,9.32,9.91,10.37,10.72,10.9,11.1,98.059,92.213,85.936,93.398,81.728,140.95,162.12,4010.0,15050.0,352.4,1052.4,350.8,4442.0,228.9,893.0,2139.21,977.29,,,84.6
2022-12-27,7.23,7.32,7.43,7.55,8.09,8.59,9.44,10.0,10.43,10.74,10.89,11.08,97.52,92.144,85.801,93.033,81.711,139.9,164.07,4028.5,15282.0,355.45,1052.0,348.9,4425.5,229.8,907.4,2150.92,960.51,68.4487,72.6226,85.55
2022-12-28,7.2,7.29,7.4,7.52,8.04,8.54,9.38,9.93,10.37,10.7,10.88,11.07,97.771,92.201,85.85,93.149,81.8,139.51,161.82,4015.5,15140.0,355.1,1051.2,346.8,4414.5,231.9,888.8,2139.77,933.76,69.9346,74.1829,82.9
2022-12-29,6.94,7.1,7.26,7.42,8.03,8.54,9.39,9.95,10.39,10.73,10.9,11.1,97.726,92.35,86.121,93.15,81.799,140.96,162.91,4022.0,15242.0,359.6,1064.2,349.0,4407.5,234.75,888.2,2147.06,936.8,71.3261,75.66,82.21
2022-12-30,6.68,6.87,7.06,7.25,7.95,8.52,9.37,9.89,10.31,10.63,10.82,11.04,97.919,92.559,86.614,93.29,82.2,141.15,162.56,4069.5,15300.0,365.4,1078.4,348.5,4340.5,236.4,904.0,2154.12,970.6,71.9778,76.0765,82.32
2023-01-03,6.6,6.71,6.85,7.01,7.69,8.32,9.28,9.86,10.27,10.58,10.74,10.94,98.18,92.668,86.902,93.452,82.597,141.78,163.52,4123.5,15520.0,368.05,1072.6,351.6,4360.5,235.35,897.6,2172.68,963.08,,,87.98
2023-01-04,6.8,6.83,6.91,7.03,7.63,8.25,9.25,9.84,10.28,10.6,10.76,10.96,98.154,92.75,87.107,93.6,82.599,141.43,162.51,4116.0,15574.0,365.8,1060.8,350.8,4369.0,236.5,888.6,2168.42,949.91,,,83.79
2023-01-05,6.98,6.95,6.99,7.06,7.6,8.21,9.21,9.82,10.26,10.59,10.77,10.96,98.111,92.854,87.41,93.762,82.7,141.27,161.2,4087.0,15340.0,367.5,1053.0,349.4,4325.5,236.15,882.8,2156.67,940.85,,,82.93
2023-01-06,6.91,6.88,6.93,7.03,7.65,8.32,9.33,9.9,10.28,10.56,10.71,10.89,98.019,92.6,86.999,93.54,82.649,141.4,162.1,4089.0,15438.0,367.3,1052.6,350.6,4319.5,236.5,884.4,2156.39,942.73,,,83.88
2023-01-09,7.09,7.14,7.23,7.35,7.94,8.51,9.39,9.93,10.35,10.68,10.84,11.02,98.007,92.153,86.3,93.398,82.29,142.4,162.71,4110.0,15370.0,367.95,1051.8,346.7,4330.0,237.7,872.6,2163.5,977.79,,,84.32
2023-01-10,7.04,7.16,7.29,7.43,8.01,8.53,9.38,9.93,10.37,10.7,10.87,11.06,97.978,92.286,85.985,93.259,82.039,142.81,162.1,4079.0,15324.0,366.75,1039.6,345.7,4372.5,237.3,863.6,2159.51,974.51,70.3002,75.0785,82.68
2023-01-11,7.01,7.11,7.22,7.36,7.95,8.52,9.43,10.0,10.43,10.76,10.93,11.11,97.82,92.161,86.187,93.24,82.044,149.96,165.83,4090.5,15410.0,347.35,1044.2,346.0,4458.0,240.0,879.8,2186.98,1002.62,69.6094,74.5438,83.94
2023-01-12,7.04,7.14,7.26,7.39,7.97,8.53,9.41,9.96,10.39,10.71,10.88,11.07,97.673,92.286,86.308,93.179,82.133,149.3,164.17,4078.5,15440.0,346.85,1040.0,345.5,4638.0,239.0,880.4,2185.93,1015.94,69.0202,74.1361,86.25
2023-01-13,7.02,7.14,7.27,7.42,8.01,8.54,9.39,9.95,10.38,10.71,10.88,11.07,98.012,92.304,86.229,93.135,81.995,151.69,164.56,4074.0,15334.0,346.05,1042.0,345.4,4620.0,239.2,890.4,2199.94,1010.4,67.7775,72.7908,87.23
2023-01-16,7.0,7.14,7.29,7.43,8.0,8.53,9.37,9.93,10.39,10.75,10.93,11.13,97.799,92.353,86.319,93.219,82.137,153.71,165.8,4052.0,15488.0,345.8,1050.6,345.7,4674.0,242.2,922.0,2224.9,1024.44,,,87.23
2023-01-17,7.0,7.13,7.26,7.4,7.95,8.47,9.34,9.92,10.44,10.86,11.07,11.3,97.914,92.346,86.058,93.18,81.7,150.45,162.33,4025.0,15294.0,341.35,1042.0,341.8,4628.0,238.7,903.8,2196.84,1002.85,68.2892,73.8298,87.97
2023-01-18,7.03,7.15,7.28,7.41,7.94,8.46,9.34,9.95,10.45,10.86,11.07,11.3,98.05,92.355,85.999,93.1,81.581,151.47,162.18,4021.0,15316.0,344.15,1031.8,339.0,4575.5,237.6,910.8,2196.26,1006.35,68.6644,74.2646,89.31
2023-01-19,7.07,7.18,7.3,7.44,7.98,8.49,9.36,9.95,10.45,10.85,11.06,11.29,98.36,92.449,85.899,93.005,81.849,149.34,160.53,3981.0,15200.0,339.8,1014.8,335.2,4504.5,237.0,894.2,2168.83,993.08,68.8728,74.5882,87.22
2023-01-20,7.1,7.21,7.33,7.46,8.0,8.49,9.35,9.96,10.5,10.93,11.15,11.39,98.011,92.31,85.799,92.99,81.439,151.38,158.85,3944.0,15154.0,336.55,1027.6,333.7,4575.5,239.9,887.8,2166.69,991.88,68.8467,74.4058,87.58
2023-01-23,7.11,7.22,7.34,7.47,8.01,8.5,9.36,9.97,10.5,10.94,11.17,11.4,97.721,92.355,85.533,92.901,81.232,153.5,160.06,3972.5,14980.0,340.05,1024.6,334.7,4634.5,239.85,892.0,2185.31,998.69,,,89.16
2023-01-24,7.08,7.19,7.31,7.44,7.98,8.51,9.39,10.0,10.53,10.97,11.19,11.43,97.999,92.552,85.468,92.874,81.18,152.66,157.88,3942.5,14776.0,336.75,1020.2,333.7,4586.5,239.0,875.2,2172.75,990.41,68.6288,74.7307,88.2
2023-01-25,7.06,7.17,7.3,7.43,7.97,8.48,9.37,9.99,10.53,10.98,11.21,11.46,97.996,92.51,85.496,92.987,81.073,152.81,158.99,3923.5,14882.0,338.2,1018.2,334.4,4597.0,240.5,875.2,2170.15,987.02,68.7529,74.6948,87.49
2023-01-26,6.88,7.01,7.15,7.29,7.88,8.43,9.39,10.04,10.56,10.97,11.18,11.42,98.259,92.344,85.587,92.98,81.303,152.4,157.58,3911.0,14800.0,335.0,1017.6,333.3,4602.0,240.0,881.4,2166.92,985.85,68.9573,74.9564,87.9
2023-01-27,6.91,7.04,7.18,7.32,7.93,8.48,9.38,9.98,10.51,10.94,11.16,11.4,98.299,92.36,85.52,92.981,81.306,153.2,159.08,3917.0,15032.0,336.95,1022.6,333.0,4609.0,242.15,895.4,2189.35,992.37,69.1263,75.3348,87.91
2023-01-30,6.82,6.96,7.11,7.27,7.91,8.49,9.44,10.06,10.56,10.94,11.13,11.34,98.227,92.465,85.131,92.82,81.299,153.38,158.41,3947.5,15150.0,337.65,1022.4,332.7,4653.5,244.9,912.8,2204.41,987.39,,,85.99
2023-01-31,6.88,7.01,7.15,7.3,7.88,8.43,9.37,10.03,10.59,11.05,11.28,11.53,98.329,92.497,85.202,92.83,80.7,158.07,158.1,3955.0,15144.0,340.75,1029.8,328.8,4665.0,249.65,929.0,2225.6,1001.23,69.5927,75.7799,85.06
2023-02-01,6.94,7.06,7.18,7.31,7.86,8.41,9.37,10.05,10.65,11.14,11.38,11.64,98.392,92.589,85.1,92.874,80.56,158.29,158.12,3955.5,15258.0,343.0,1026.6,328.5,4647.0,251.75,976.6,2230.15,1002.47,70.5174,76.3004,87.6
2023-02-02,6.92,7.05,7.18,7.32,7.87,8.38,9.32,10.01,10.62,11.12,11.39,11.67,98.472,92.611,85.3,92.798,80.451,159.45,158.1,3918.5,15164.0,342.1,1027.8,326.6,4694.0,256.1,997.2,2243.54,1004.08,70.1217,76.2245,85.57
2023-02-03,6.94,7.09,7.24,7.39,7.94,8.46,9.37,10.04,10.67,11.22,11.51,11.82,98.225,92.61,85.049,92.71,80.2,161.26,160.87,3907.5,14990.0,341.85,1030.2,323.9,4665.0,255.2,1016.2,2248.3,1002.52,70.0414,76.9564,85.78
2023-02-06,6.91,7.06,7.22,7.37,7.92,8.44,9.34,10.01,10.63,11.17,11.46,11.75,98.509,92.6,85.127,92.705,80.194,167.09,160.14,3941.0,14942.0,347.1,1098.0,325.5,4720.0,259.2,1035.0,2272.37,1007.15,,,82.38
2023-02-07,7.06,7.18,7.31,7.45,7.98,8.46,9.37,10.06,10.68,11.22,11.5,11.8,98.296,92.431,84.9,92.618,80.254,165.39,159.87,3968.0,14960.0,355.25,1089.0,323.8,4757.0,261.05,1000.0,2267.69,1004.37,70.5991,76.0347,83.93
2023-02-08,7.2,7.3,7.41,7.53,8.02,8.49,9.4,10.09,10.72,11.25,11.53,11.82,98.348,92.08,85.065,92.434,80.19,164.15,158.18,3930.5,14852.0,349.85,1074.0,324.2,4698.0,260.7,982.2,2251.97,981.82,70.8924,75.9087,85.08
2023-02-09,7.23,7.31,7.42,7.54,8.05,8.56,9.48,10.15,10.73,11.21,11.46,11.72,97.7,92.014,84.839,92.0,80.149,165.31,159.19,3914.0,14918.0,350.2,1072.0,324.4,4696.0,256.85,1008.6,2262.45,977.98,71.5763,76.8344,85.73
2023-02-10,7.21,7.32,7.45,7.58,8.1,8.58,9.49,10.16,10.78,11.3,11.57,11.86,98.043,91.941,84.762,91.915,80.098,165.52,158.68,3921.5,14840.0,351.0,1083.6,323.5,4683.5,257.65,1020.6,2261.58,971.95,72.8949,78.3223,87.34
2023-02-13,7.38,7.54,7.69,7.84,8.36,8.8,9.63,10.25,10.78,11.21,11.44,11.68,97.467,91.456,84.452,91.507,79.765,164.32,158.01,3928.5,14892.0,349.4,1073.0,325.3,4689.0,259.2,1016.0,2264.27,965.86,,,87.35
2023-02-14,7.38,7.54,7.69,7.84,8.33,8.77,9.57,10.19,10.76,11.27,11.53,11.81,97.26,91.491,84.544,91.268,79.5,161.86,156.52,3914.5,14760.0,344.2,1058.4,326.4,4621.0,252.55,996.0,2232.23,952.85,73.6307,78.671,86.45
2023-02-15,7.36,7.53,7.69,7.85,8.42,8.89,9.72,10.31,10.82,11.25,11.48,11.73,96.989,91.146,84.42,91.006,79.315,156.25,153.09,3829.0,14500.0,339.6,1026.2,313.8,4432.5,244.2,964.6,2166.46,914.94,73.8645,79.3355,85.74
2023-02-16,7.4,7.58,7.75,7.91,8.48,8.91,9.67,10.26,10.82,11.32,11.59,11.89,97.216,91.292,84.349,91.07,79.0,158.22,153.56,3830.0,14398.0,342.55,1030.8,315.6,4430.0,247.35,973.8,2153.96,906.71,74.2077,79.5654,86.41
2023-02-17,7.29,7.47,7.65,7.83,8.42,8.87,9.66,10.26,10.81,11.32,11.58,11.86,97.18,91.299,84.282,91.262,78.981,159.73,153.62,3840.0,14478.0,345.1,1031.4,316.6,4447.5,249.4,975.6,2168.88,920.19,74.7638,79.9764,83.58
2023-02-20,7.32,7.5,7.68,7.85,8.47,8.95,9.76,10.34,10.87,11.32,11.55,11.81,97.131,90.881,84.095,91.058,78.815,160.09,153.24,3905.0,14540.0,347.1,1033.2,314.1,4481.5,246.7,985.0,2183.57,921.51,,,84.11
2023-02-21,7.39,7.54,7.7,7.85,8.42,8.91,9.74,10.34,10.87,11.32,11.56,11.82,97.199,90.99,84.396,91.3,79.045,164.15,154.97,3914.5,14710.0,352.65,1045.0,315.8,4566.0,251.0,1012.8,2212.42,928.98,74.0432,79.133,83.48
2023-02-22,7.29,7.47,7.65,7.81,8.41,8.91,9.72,10.3,10.83,11.3,11.55,11.81,97.545,91.111,84.25,91.491,78.972,163.37,155.31,3909.5,14474.0,353.75,1045.0,313.4,4549.5,250.8,1025.8,2212.4,929.43,74.8596,79.7588,82.2
2023-02-24,7.01,7.22,7.43,7.62,8.29,8.81,9.67,10.27,10.8,11.25,11.48,11.73,97.49,91.356,84.417,91.871,78.95,164.3,154.22,3901.0,14390.0,352.45,1042.6,312.6,4559.5,251.15,1041.6,2208.03,914.16,,,82.37
2023-02-27,7.28,7.45,7.61,7.77,8.32,8.81,9.63,10.22,10.78,11.26,11.5,11.76,97.578,91.174,84.798,91.58,79.098,169.95,156.34,3903.0,14578.0,357.75,1066.6,316.1,4643.0,254.1,1061.0,2241.1,945.29,,,82.68
2023-02-28,7.28,7.43,7.58,7.73,8.31,8.82,9.67,10.29,10.87,11.33,11.55,11.79,97.496,91.3,84.587,91.605,78.538,169.82,157.66,3990.0,14498.0,358.4,1065.0,328.3,4594.0,260.15,1055.0,2253.16,946.23,75.4323,79.623,83.77
2023-03-01,7.12,7.32,7.5,7.68,8.28,8.8,9.65,10.25,10.82,11.31,11.57,11.84,97.552,91.2,84.55,91.5,78.895,170.53,164.5,4056.0,14734.0,361.4,1073.4,334.8,4567.0,259.1,1060.4,2279.65,955.81,74.8932,79.5134,85.28
2023-03-02,7.31,7.44,7.58,7.72,8.28,8.78,9.64,10.27,10.86,11.33,11.57,11.83,97.515,91.347,84.558,91.52,78.888,168.05,160.9,4004.0,14510.0,355.05,1056.6,330.2,4524.0,254.55,1049.0,2254.3,942.61,75.2513,80.1008,85.87
2023-03-03,7.14,7.28,7.43,7.59,8.19,8.74,9.64,10.27,10.84,11.29,11.51,11.76,97.549,91.464,84.718,91.599,79.164,171.16,162.27,4030.5,14562.0,358.8,1072.2,334.9,4546.5,259.65,1063.4,2272.2,945.41,75.4729,80.1897,85.7
2023-03-06,7.16,7.32,7.47,7.63,8.22,8.75,9.62,10.24,10.8,11.23,11.45,11.69,97.465,91.314,84.634,91.79,79.37,171.84,163.35,4111.5,14560.0,365.35,1077.0,337.6,4559.0,258.4,1053.0,2294.12,958.26,,,86.78
2023-03-07,7.23,7.36,7.5,7.64,8.21,8.74,9.62,10.23,10.78,11.22,11.43,11.67,97.667,91.5,84.801,91.925,79.685,174.01,162.57,4125.0,14676.0,364.3,1074.4,336.0,4553.0,257.65,1055.8,2295.6,951.38,75.4728,80.2353,86.38
2023-03-09,7.25,7.37,7.51,7.65,8.21,8.74,9.61,10.22,10.77,11.19,11.41,11.64,97.37,91.589,84.726,92.269,79.688,172.55,161.21,4105.0,14586.0,364.0,1073.4,335.2,4551.5,257.15,1052.6,2290.14,950.93,,,85.39
2023-03-10,7.37,7.46,7.56,7.68,8.19,8.7,9.58,10.21,10.78,11.22,11.45,11.69,97.858,91.736,84.884,92.269,79.88,172.53,160.04,4085.0,14576.0,365.9,1064.0,333.3,4524.0,257.7,1052.2,2276.25,942.75,75.9028,80.1372,83.26
2023-03-13,7.48,7.56,7.66,7.77,8.25,8.74,9.6,10.23,10.78,11.22,11.45,11.69,97.763,91.747,84.922,92.114,79.882,172.15,159.03,4066.0,14554.0,363.5,1061.8,334.7,4527.5,256.65,1042.0,2269.47,954.0,,,82.89
2023-03-14,7.56,7.63,7.71,7.81,8.27,8.74,9.6,10.24,10.81,11.24,11.46,11.7,97.621,91.631,84.7,92.03,79.654,175.71,161.0,4063.0,14556.0,364.55,1059.2,339.0,4539.5,255.9,1036.0,2290.32,957.88,75.4609,80.6102,81.33
2023-03-15,7.45,7.52,7.62,7.73,8.26,8.78,9.68,10.3,10.84,11.26,11.46,11.69,97.526,91.414,84.599,91.994,79.262,175.3,159.68,4022.0,14464.0,357.95,1048.4,337.6,4500.0,249.95,1019.4,2262.07,936.95,75.1927,80.5192,74.93
2023-03-16,7.51,7.57,7.66,7.76,8.27,8.79,9.69,10.31,10.85,11.25,11.46,11.69,97.597,91.488,84.571,91.82,79.394,175.45,159.71,4084.0,14442.0,359.2,1064.0,336.3,4492.0,247.9,1028.4,2258.22,927.3,75.7457,80.8763,75.08
2023-03-17,7.51,7.56,7.65,7.76,8.32,8.88,9.79,10.37,10.84,11.17,11.34,11.53,97.019,91.153,84.471,91.2,79.072,193.59,163.29,4111.5,14560.0,365.2,1074.6,347.8,4504.0,248.1,1033.6,2322.78,948.97,76.4095,81.1418,73.72
2023-03-20,7.74,7.75,7.81,7.9,8.37,8.89,9.77,10.37,10.87,11.24,11.41,11.6,97.19,91.162,84.234,91.021,79.155,203.73,175.7,4228.5,15044.0,377.4,1122.2,355.0,4562.5,251.8,1060.0,2397.16,979.83,,,73.3
2023-03-21,7.78,7.77,7.81,7.89,8.36,8.88,9.77,10.35,10.82,11.17,11.34,11.53,97.267,91.368,84.347,91.16,79.497,203.32,170.55,4216.5,14864.0,371.8,1126.2,350.8,4518.0,255.25,1038.6,2398.15,983.95,77.2422,82.3736,74.6
2023-03-22,7.82,7.81,7.84,7.91,8.36,8.87,9.74,10.33,10.81,11.17,11.34,11.53,97.58,91.345,84.48,91.24,79.587,202.89,168.72,4192.5,14970.0,375.5,1128.8,350.4,4510.0,254.4,1046.8,2393.88,980.02,76.8373,82.5428,75.8
2023-03-23,7.8,7.8,7.84,7.92,8.37,8.85,9.71,10.29,10.79,11.15,11.33,11.53,97.717,91.528,84.464,91.4,79.7,202.58,168.84,4177.5,14932.0,374.45,1138.4,344.6,4491.0,254.4,1039.2,2388.35,989.43,76.9561,82.967,76.91
2023-03-24,7.79,7.81,7.85,7.93,8.37,8.84,9.69,10.27,10.77,11.14,11.33,11.53,97.66,91.742,84.6,91.352,79.703,203.57,169.03,4206.5,15080.0,377.25,1141.8,349.3,4495.0,252.75,1034.6,2391.53,977.75,76.3072,83.1452,74.77
2023-03-27,7.78,7.79,7.83,7.9,8.33,8.81,9.67,10.28,10.78,11.16,11.34,11.55,97.7,91.654,84.715,91.356,79.65,211.84,172.33,4322.0,15184.0,383.25,1172.0,363.4,4516.0,256.85,1039.8,2440.68,1001.94,,,76.72
2023-03-28,7.79,7.78,7.81,7.87,8.27,8.75,9.64,10.26,10.8,11.2,11.4,11.62,97.7,91.753,84.679,91.68,79.098,214.03,171.07,4320.0,15186.0,381.5,1160.0,367.1,4512.5,257.6,1038.0,2442.19,999.83,76.5662,82.2913,78.58
2023-03-29,7.74,7.75,7.79,7.86,8.27,8.76,9.64,10.27,10.81,11.23,11.43,11.65,97.748,91.798,84.7,91.321,79.344,217.99,170.95,4342.0,15084.0,385.45,1156.6,367.8,4527.5,257.95,1074.6,2460.87,1004.56,76.5939,82.775,78.25
2023-03-30,7.74,7.72,7.75,7.81,8.24,8.74,9.65,10.28,10.81,11.21,11.4,11.63,97.612,91.879,84.732,91.485,79.343,216.87,171.71,4382.5,15024.0,386.15,1153.6,375.2,4583.0,259.3,1061.0,2465.93,1006.43,76.9781,83.4859,78.83
2023-03-31,7.77,7.75,7.77,7.83,8.25,8.75,9.66,10.29,10.83,11.24,11.44,11.66,97.6,91.832,84.61,91.582,79.11,216.6,169.83,4352.5,15010.0,380.9,1155.2,373.7,4610.0,257.85,1050.6,2450.67,996.76,77.0863,83.7639,79.58
2023-04-03,7.63,7.63,7.67,7.75,8.23,8.78,9.7,10.31,10.82,11.21,11.4,11.61,97.699,91.758,84.756,91.486,79.012,216.09,170.38,4473.5,15084.0,390.9,1167.4,386.8,4582.0,258.0,1053.0,2473.32,988.8,,,86.02
2023-04-04,7.62,7.65,7.71,7.8,8.29,8.83,9.74,10.35,10.84,11.22,11.4,11.62,97.63,91.448,84.58,91.208,79.046,214.83,172.55,4510.5,15214.0,390.0,1198.2,382.7,4565.0,254.75,1044.2,2480.45,983.46,77.951,84.6185,86.01
2023-04-05,7.41,7.5,7.62,7.74,8.29,8.83,9.73,10.36,10.88,11.27,11.46,11.68,97.6,91.609,84.46,91.07,78.987,216.15,173.86,4540.0,15200.0,389.7,1203.6,387.3,4554.0,254.95,1048.8,2500.8,987.51,79.3563,86.7207,86.47
2023-04-06,7.37,7.47,7.59,7.72,8.29,8.85,9.77,10.39,10.92,11.32,11.52,11.74,97.565,91.393,84.286,90.803,78.62,214.25,171.6,4585.0,15380.0,389.8,1202.8,389.5,4571.5,255.75,1039.4,2498.3,967.11,79.4961,87.0954,86.61
2023-04-07,7.36,7.47,7.59,7.73,8.3,8.85,9.76,10.39,10.93,11.35,11.56,11.8,97.779,91.199,84.238,90.86,78.68,216.27,173.09,4637.0,15430.0,391.7,1228.2,396.2,4574.0,257.5,1033.8,2508.39,974.52,80.6713,88.1294,86.46
2023-04-10,7.33,7.42,7.54,7.68,8.27,8.82,9.75,10.37,10.91,11.34,11.55,11.79,97.778,91.308,84.291,90.85,78.945,222.21,174.54,4650.5,15500.0,393.5,1248.8,402.8,4624.0,259.25,1038.6,2547.35,983.86,,,85.99
2023-04-11,7.14,7.25,7.38,7.52,8.16,8.77,9.77,10.42,10.95,11.32,11.51,11.72,97.811,91.224,84.131,90.9,78.799,218.6,177.18,4620.0,15360.0,388.35,1219.0,393.8,4552.5,257.0,1023.4,2533.69,973.39,81.7441,89.1737,85.68
2023-04-12,7.18,7.26,7.38,7.51,8.14,8.77,9.78,10.44,10.98,11.37,11.56,11.79,97.802,91.414,84.003,90.649,78.395,219.22,178.75,4670.0,15404.0,390.9,1240.6,395.4,4576.5,261.25,1026.2,2538.47,975.46,82.1799,89.7271,87.33
2023-04-13,7.17,7.24,7.35,7.48,8.1,8.73,9.76,10.43,10.99,11.4,11.6,11.83,97.853,91.609,83.928,90.642,78.401,219.85,178.73,4612.5,15404.0,390.1,1260.0,394.5,4555.0,260.4,1021.6,2544.28,982.94,82.0934,89.7599,87.24
2023-04-14,7.22,7.28,7.37,7.49,8.1,8.72,9.75,10.43,10.99,11.41,11.62,11.86,98.03,91.614,83.993,90.61,78.439,221.87,179.5,4618.0,15786.0,392.4,1296.0,394.4,4575.0,260.05,1021.4,2554.85,982.94,81.6758,90.0035,86.77
2023-04-17,7.18,7.23,7.32,7.44,8.07,8.72,9.77,10.45,10.99,11.4,11.6,11.83,98.027,91.619,84.018,90.634,78.4,228.1,181.99,4640.0,15900.0,395.85,1317.6,399.3,4677.5,261.0,1038.0,2596.11,1004.62,,,85.26
2023-04-18,7.19,7.22,7.29,7.41,8.01,8.66,9.74,10.43,10.99,11.42,11.64,11.88,98.197,91.871,83.909,90.547,78.458,232.66,184.39,4599.5,15908.0,397.0,1311.4,400.2,4844.5,265.4,1052.2,2615.62,1010.87,81.6279,89.659,85.7
2023-04-19,7.21,7.24,7.32,7.43,8.02,8.67,9.74,10.44,11.02,11.46,11.68,11.93,98.036,91.91,83.908,90.59,78.372,232.95,182.01,4539.5,15918.0,396.1,1294.2,396.4,4730.5,266.7,1026.8,2606.55,1004.59,81.6028,89.5713,84.65
2023-04-20,7.2,7.19,7.25,7.34,7.96,8.63,9.74,10.43,11.0,11.41,11.61,11.84,98.3,91.9,83.899,90.52,78.443,236.28,181.74,4746.0,15802.0,396.5,1317.6,407.3,4806.5,268.35,1013.6,2637.85,1018.6,81.6549,89.3736,82.15
2023-04-21,7.28,7.23,7.26,7.34,7.94,8.63,9.75,10.44,10.98,11.37,11.57,11.79,98.299,92.049,83.905,90.541,78.568,235.17,181.72,4729.5,15798.0,398.75,1321.4,406.3,4808.0,266.4,1018.8,2639.95,1019.2,81.6188,89.4638,82.45
2023-04-24,7.25,7.25,7.31,7.41,8.01,8.66,9.73,10.42,10.97,11.37,11.57,11.79,98.484,91.753,83.946,90.59,78.8,235.1,181.56,4710.5,15700.0,400.4,1313.6,411.7,4817.5,269.25,1016.6,2635.43,1020.88,,,83.07
2023-04-25,7.2,7.2,7.26,7.36,7.96,8.6,9.69,10.4,11.0,11.44,11.64,11.88,98.508,91.894,83.922,90.634,78.772,235.3,178.93,4689.0,15538.0,396.45,1314.4,408.8,4789.0,271.3,1010.2,2626.86,1013.87,81.2745,89.4589,81.31
2023-04-26,7.29,7.31,7.37,7.46,8.0,8.6,9.66,10.39,11.01,11.48,11.71,11.97,98.601,92.019,83.995,90.798,78.85,235.21,178.38,4659.0,15330.0,395.75,1313.0,407.4,4756.5,272.9,998.0,2620.33,1011.06,81.5499,90.0332,80.63
2023-04-27,7.18,7.19,7.25,7.35,7.92,8.56,9.65,10.38,10.99,11.44,11.65,11.9,98.691,92.121,84.113,90.97,79.098,240.38,183.95,4700.0,15370.0,398.25,1320.0,411.8,4765.0,273.65,1004.6,2646.18,1024.44,81.6274,90.1436,78.36
2023-04-28,7.23,7.26,7.33,7.44,7.98,8.58,9.61,10.33,10.93,11.37,11.59,11.85,98.856,92.002,84.45,91.4,79.458,240.38,181.13,4674.5,14572.0,393.8,1340.8,404.0,4686.5,272.15,1002.0,2634.94,1033.57,81.5601,90.2023,79.46
2023-05-02,7.32,7.33,7.38,7.46,7.96,8.53,9.56,10.28,10.91,11.39,11.63,11.89,98.678,92.178,84.499,91.655,79.363,242.62,177.97,4581.0,14542.0,390.0,1270.0,397.1,4585.5,270.7,972.6,2580.51,1019.67,,,78.98
2023-05-03,7.39,7.39,7.43,7.5,7.97,8.51,9.54,10.27,10.92,11.42,11.68,11.96,98.832,92.239,84.534,91.477,79.18,235.77,172.87,4508.5,14440.0,378.0,1223.8,381.8,4442.0,265.05,957.4,2532.42,1008.49,79.9609,87.6556,75.67
2023-05-04,7.39,7.39,7.43,7.5,7.97,8.52,9.55,10.28,10.92,11.42,11.67,11.94,98.889,92.172,84.535,91.7,79.219,238.89,173.66,4547.5,14470.0,379.95,1229.8,388.0,4450.0,268.8,963.2,2524.51,1018.72,79.3071,87.575,75.11
2023-05-05,7.26,7.26,7.31,7.4,7.93,8.51,9.55,10.27,10.89,11.37,11.61,11.87,98.881,92.3,84.5,91.753,79.171,237.7,172.09,4509.0,14352.0,378.65,1222.0,383.0,4422.5,266.1,954.6,2538.24,1033.68,78.6139,86.9986,76.69
2023-05-08,7.51,7.46,7.48,7.53,7.97,8.53,9.57,10.3,10.91,11.37,11.59,11.85,98.837,92.243,84.5,91.696,79.2,238.27,170.84,4564.5,14218.0,381.1,1215.2,391.9,4416.0,263.6,962.0,2527.59,1019.29,,,77.44
2023-05-10,7.59,7.54,7.55,7.59,8.0,8.53,9.55,10.27,10.89,11.37,11.61,11.87,98.778,92.218,84.471,91.731,79.348,227.06,175.53,4716.0,14604.0,392.1,1270.0,402.4,4529.5,272.65,987.2,2548.63,1052.44,,,77.35
2023-05-11,7.47,7.45,7.47,7.54,7.99,8.55,9.58,10.29,10.89,11.36,11.59,11.87,98.769,92.144,84.365,91.848,79.299,229.32,174.13,4788.5,14476.0,391.65,1269.2,398.7,4518.0,272.5,985.8,2595.12,1064.56,76.6929,84.1498,76.23
2023-05-12,7.54,7.52,7.55,7.62,8.07,8.59,9.58,10.28,10.89,11.37,11.61,11.88,98.625,92.24,84.365,91.86,79.281,229.29,173.95,4819.0,14544.0,398.95,1270.4,400.7,4470.5,276.4,988.0,2565.17,1038.32,75.8846,82.8877,75.2
2023-05-15,7.64,7.58,7.57,7.61,8.04,8.59,9.61,10.3,10.88,11.3,11.5,11.75,98.641,92.23,84.4,91.91,79.239,231.7,179.04,5045.5,14768.0,407.85,1300.0,406.0,4519.5,287.1,995.6,2611.07,1037.13,,,76.1
2023-05-16,7.63,7.59,7.6,7.65,8.06,8.58,9.58,10.29,10.89,11.35,11.58,11.83,98.523,92.239,84.6,91.85,79.21,230.62,177.05,5086.0,14762.0,410.75,1293.8,406.8,4614.0,293.8,1008.4,2633.71,1030.68,79.1004,86.0862,75.56
2023-05-17,7.67,7.64,7.66,7.72,8.12,8.62,9.58,10.27,10.87,11.35,11.58,11.84,98.55,92.3,84.369,91.823,79.1,230.55,176.3,5097.0,14778.0,414.8,1295.4,405.4,4605.5,293.1,1009.8,2634.48,1039.58,79.9798,87.1619,76.86
2023-05-18,7.65,7.61,7.62,7.67,8.07,8.59,9.58,10.28,10.89,11.36,11.59,11.85,98.64,92.313,84.485,91.807,79.115,231.7,175.26,5075.0,14736.0,414.1,1278.2,411.7,4578.5,313.55,1003.8,2632.91,1033.36,80.7642,87.5749,76.77
2023-05-19,7.61,7.57,7.58,7.63,8.05,8.58,9.57,10.27,10.86,11.32,11.55,11.81,98.634,92.49,84.543,91.812,79.2,231.27,174.43,5078.5,14730.0,413.65,1263.6,410.3,4619.0,308.0,997.0,2626.16,1036.6,80.0366,86.4964,76.14
2023-05-22,7.53,7.49,7.51,7.57,8.03,8.59,9.59,10.28,10.87,11.32,11.55,11.79,98.568,92.291,84.496,91.928,79.277,231.0,172.47,5090.0,14602.0,424.5,1267.8,416.5,4631.0,305.3,988.6,2633.26,1035.8,,,76.39
2023-05-23,7.65,7.59,7.59,7.64,8.06,8.61,9.63,10.32,10.88,11.33,11.57,11.82,98.498,92.326,84.545,91.845,79.089,236.43,166.59,5173.0,14648.0,424.8,1294.0,427.3,4419.0,306.85,996.0,2641.66,1038.0,79.9379,86.4963,77.63
2023-05-24,7.7,7.65,7.66,7.71,8.12,8.63,9.6,10.28,10.87,11.33,11.56,11.81,98.342,92.27,84.541,91.8,79.101,246.06,162.96,5192.0,14696.0,436.0,1312.0,429.4,4208.5,306.2,993.6,2654.99,1043.95,80.1665,86.5502,78.44
2023-05-25,7.55,7.54,7.57,7.64,8.09,8.62,9.59,10.27,10.86,11.31,11.54,11.78,98.346,92.273,84.58,91.839,79.075,243.76,162.3,5203.5,14562.0,430.15,1295.2,426.4,4040.0,306.4,1006.6,2649.98,1040.48,79.9669,86.1995,76.11
2023-05-26,7.53,7.54,7.6,7.68,8.14,8.65,9.6,10.27,10.85,11.3,11.52,11.77,98.343,92.381,84.6,91.84,79.167,248.1,164.48,5296.5,14670.0,432.9,1305.4,429.5,4139.0,308.0,1005.8,2682.03,1055.63,79.9841,85.8767,77.0
2023-05-29,7.69,7.69,7.74,7.8,8.21,8.69,9.6,10.27,10.87,11.35,11.59,11.86,98.3,92.198,84.639,91.8,79.117,251.18,163.6,5538.5,14654.0,440.45,1307.4,441.7,4121.0,313.65,1027.0,2732.0,1064.18,,,76.84
2023-05-30,7.63,7.63,7.67,7.74,8.16,8.66,9.6,10.28,10.88,11.37,11.61,11.88,98.212,92.307,84.489,91.797,79.044,244.65,161.9,5530.0,14574.0,434.5,1309.6,438.9,4178.0,316.6,1025.8,2698.75,1047.6,80.0555,85.9013,74.13
2023-05-31,7.62,7.63,7.67,7.74,8.17,8.67,9.61,10.29,10.88,11.36,11.6,11.86,98.2,92.346,84.402,91.711,79.0,246.17,162.94,5569.0,14580.0,450.1,1298.4,443.2,4293.5,317.1,1024.0,2717.64,1055.41,80.6872,86.5119,72.89
2023-06-01,7.67,7.67,7.71,7.78,8.2,8.69,9.62,10.3,10.89,11.36,11.6,11.86,98.152,92.29,84.366,91.649,79.019,241.66,161.55,5684.0,14576.0,451.5,1293.8,450.3,4370.0,317.35,1032.0,2721.73,1061.89,80.9942,86.5009,75.92
2023-06-02,7.68,7.69,7.73,7.8,8.22,8.7,9.62,10.3,10.9,11.38,11.62,11.88,98.071,92.36,84.449,91.53,78.852,243.95,162.58,5383.0,14782.0,458.95,1340.4,463.7,4323.5,326.85,1037.8,2719.48,1051.53,80.9657,86.5764,76.99
2023-06-05,7.68,7.69,7.73,7.81,8.23,8.72,9.64,10.32,10.92,11.4,11.64,11.9,98.104,92.35,84.27,91.58,78.896,237.12,162.47,5166.5,14764.0,458.6,1309.6,475.0,4213.5,329.6,1031.4,2694.14,1048.37,,,78.1
2023-06-06,7.62,7.65,7.71,7.79,8.23,8.72,9.64,10.32,10.91,11.4,11.66,11.93,98.146,92.33,84.262,91.55,78.73,240.91,163.16,5149.5,14644.0,462.1,1347.4,473.0,4234.5,327.95,1021.0,2681.25,1038.18,81.3294,87.0318,77.35
2023-06-07,7.6,7.63,7.69,7.78,8.22,8.7,9.63,10.31,10.91,11.4,11.66,11.93,98.15,92.177,84.251,91.55,78.856,241.25,164.65,5101.0,14628.0,459.85,1334.2,470.7,4250.5,326.6,1020.6,2694.69,1035.93,81.2502,86.9519,78.27
2023-06-08,7.63,7.66,7.72,7.8,8.22,8.7,9.63,10.31,10.92,11.42,11.68,11.97,98.1,92.349,84.2,91.58,78.799,241.77,166.18,5065.0,14738.0,458.15,1339.8,470.9,4260.0,324.8,1040.6,2709.69,1032.85,81.4581,87.1651,75.57
2023-06-09,7.48,7.56,7.67,7.78,8.28,8.75,9.64,10.32,10.93,11.45,11.72,12.0,98.15,92.25,84.296,91.55,78.676,240.4,165.58,5077.0,14840.0,463.5,1355.6,472.4,4230.0,328.9,1030.4,2708.04,1032.29,82.093,88.0379,76.75
2023-06-13,7.5,7.61,7.72,7.84,8.32,8.77,9.65,10.33,10.96,11.47,11.74,12.03,98.149,92.155,84.09,91.42,78.608,244.33,168.43,5264.0,15094.0,479.85,1385.8,481.0,4365.0,330.5,1052.4,2757.28,1030.64,,,74.64
2023-06-14,7.37,7.53,7.7,7.86,8.4,8.84,9.68,10.34,10.97,11.52,11.8,12.11,98.074,92.237,83.984,91.407,78.402,244.6,167.88,5246.0,15052.0,478.4,1372.8,488.1,4351.0,330.3,1049.0,2765.18,1035.79,83.6405,90.3899,74.54
2023-06-15,7.28,7.45,7.62,7.78,8.34,8.81,9.68,10.35,10.97,11.51,11.79,12.1,98.095,92.16,84.069,91.52,78.46,245.18,171.86,5302.5,15286.0,481.75,1388.6,515.0,4513.0,336.55,1077.6,2800.17,1054.3,84.3249,91.0668,75.5
2023-06-16,7.25,7.44,7.63,7.8,8.38,8.83,9.7,10.37,10.98,11.51,11.8,12.11,98.0,92.2,83.979,91.477,78.414,243.87,169.87,5260.5,15362.0,480.4,1378.8,511.7,4896.5,341.95,1073.6,2800.79,1047.47,83.9611,90.9665,76.11
2023-06-19,7.38,7.54,7.69,7.85,8.39,8.85,9.71,10.37,10.98,11.51,11.79,12.1,98.047,92.224,83.807,91.3,78.4,242.28,170.19,5194.0,15510.0,485.85,1377.6,503.6,4885.0,343.7,1155.0,2815.07,1054.31,,,76.48
2023-06-20,7.42,7.57,7.72,7.87,8.42,8.9,9.8,10.45,11.02,11.5,11.75,12.03,97.888,92.156,83.708,91.254,78.04,241.74,169.64,5150.5,15332.0,483.4,1359.6,503.6,4898.0,345.65,1145.0,2803.69,1042.91,83.9866,91.7966,75.61
2023-06-21,7.5,7.64,7.78,7.92,8.46,8.92,9.77,10.42,11.02,11.53,11.8,12.09,97.677,91.956,83.799,91.2,77.999,242.2,170.2,5125.0,15306.0,481.35,1364.4,503.3,4982.5,346.55,1182.0,2819.3,1057.74,84.2336,92.0745,76.92
2023-06-22,7.44,7.59,7.74,7.89,8.45,8.93,9.8,10.43,11.01,11.5,11.75,12.02,97.599,91.99,83.689,91.2,77.908,240.66,168.41,5137.0,15178.0,475.45,1346.2,504.3,4901.0,345.6,1164.8,2815.83,1056.18,84.2467,92.0014,74.64
2023-06-23,7.49,7.63,7.77,7.91,8.46,8.95,9.84,10.49,11.05,11.54,11.79,12.05,97.6,91.87,83.63,90.882,77.766,235.67,165.8,5030.0,14988.0,467.55,1317.0,494.6,4725.0,339.75,1164.6,2795.06,1039.99,83.6077,91.943,74.0
2023-06-26,7.55,7.67,7.8,7.93,8.46,8.95,9.85,10.5,11.06,11.54,11.78,12.05,97.515,91.72,83.496,91.199,77.601,238.4,166.91,5048.5,14862.0,474.4,1322.2,498.5,4779.5,344.2,1158.2,2757.13,1021.38,,,74.32
2023-06-27,7.3,7.48,7.66,7.83,8.47,8.99,9.87,10.49,11.05,11.51,11.74,11.99,97.6,91.968,83.478,91.183,77.804,241.21,166.45,5138.0,14842.0,475.85,1332.2,497.9,4837.5,346.95,1187.8,2776.63,1028.24,84.6642,92.2969,73.38
2023-06-28,7.49,7.63,7.78,7.93,8.48,8.96,9.84,10.49,11.06,11.56,11.81,12.08,97.72,91.715,83.4,91.059,77.687,239.67,168.05,5108.0,14934.0,477.05,1322.8,500.0,5190.0,305.45,1169.0,2780.92,1014.68,85.0504,93.1373,73.88
2023-06-29,7.52,7.67,7.82,7.97,8.52,9.0,9.85,10.48,11.04,11.52,11.77,12.04,97.505,91.803,83.232,90.915,77.651,239.99,167.88,5124.0,14882.0,482.1,1326.4,507.7,5133.0,303.5,1166.8,2796.41,1006.83,85.6192,93.8644,74.01
2023-06-30,7.51,7.67,7.82,7.98,8.56,9.06,9.94,10.56,11.09,11.55,11.79,12.04,97.616,91.225,83.001,91.099,77.5,239.61,166.86,5079.0,14726.0,482.35,1335.0,505.7,5156.0,296.75,1174.0,2797.37,982.94,87.0341,95.1052,74.96
2023-07-03,7.55,7.72,7.89,8.04,8.6,9.08,9.93,10.55,11.08,11.54,11.77,12.03,97.3,91.811,83.196,90.827,77.429,243.33,166.82,5095.5,14702.0,478.05,1322.4,500.1,5267.0,287.8,1219.0,2793.93,992.94,,,76.36
2023-07-04,7.42,7.6,7.78,7.95,8.58,9.11,9.98,10.58,11.11,11.58,11.83,12.09,97.205,91.78,83.101,90.918,77.454,240.7,165.5,5209.0,14744.0,473.4,1316.6,493.4,5270.0,292.5,1201.4,2808.22,987.43,89.3255,97.2582,76.39
2023-07-05,7.37,7.57,7.76,7.94,8.58,9.09,9.96,10.58,11.13,11.59,11.84,12.1,97.423,91.22,83.05,90.78,77.359,240.95,165.71,5298.5,14868.0,473.9,1322.4,501.7,5346.5,298.7,1213.0,2805.0,969.33,89.545,97.7382,76.76
2023-07-06,7.39,7.58,7.76,7.94,8.58,9.1,10.0,10.64,11.17,11.62,11.85,12.11,97.41,91.21,82.999,90.583,77.195,240.96,166.36,5347.0,15162.0,476.75,1363.8,499.2,5289.0,296.15,1203.8,2819.6,970.93,90.338,98.4144,76.16
2023-07-07,7.35,7.55,7.75,7.94,8.6,9.14,10.03,10.65,11.19,11.64,11.87,12.12,97.389,91.1,83.048,90.689,77.162,243.67,166.34,5439.5,15080.0,482.4,1396.4,501.0,5325.0,296.55,1199.4,2832.51,976.08,92.5695,100.7163,77.86
2023-07-10,7.46,7.64,7.82,8.0,8.65,9.21,10.11,10.69,11.18,11.59,11.81,12.05,97.124,91.183,82.812,90.474,77.093,249.4,167.59,5436.0,15264.0,477.45,1403.8,487.9,5490.0,302.2,1218.4,2856.76,993.19,,,78.64
2023-07-11,7.44,7.64,7.84,8.02,8.71,9.27,10.13,10.7,11.2,11.61,11.82,12.04,96.945,90.924,82.755,90.235,76.968,247.99,168.85,5439.0,15302.0,478.8,1418.8,490.7,5511.0,300.0,1222.8,2860.33,997.64,91.4931,100.4155,79.39
2023-07-12,7.52,7.72,7.91,8.09,8.73,9.25,10.13,10.73,11.23,11.65,11.88,12.12,96.903,91.089,82.506,90.14,76.749,247.52,170.3,5500.0,15454.0,487.05,1445.6,495.6,5495.0,298.7,1244.0,2896.83,1004.98,90.5045,99.6775,80.15
2023-07-13,7.4,7.63,7.84,8.05,8.73,9.29,10.15,10.72,11.2,11.62,11.84,12.06,96.979,90.882,82.407,90.395,76.664,246.19,168.96,5498.0,15540.0,488.4,1423.0,494.7,5487.5,297.85,1238.8,2885.63,1008.56,90.6253,99.889,80.65
2023-07-14,7.39,7.65,7.89,8.1,8.82,9.38,10.2,10.73,11.21,11.59,11.79,11.99,96.757,90.861,82.443,90.3,76.651,246.45,169.7,5514.0,15504.0,487.65,1440.0,496.0,5506.0,296.8,1253.0,2902.72,1014.62,90.1757,100.6788,80.37
2023-07-17,7.28,7.63,7.94,8.21,9.01,9.58,10.35,10.83,11.22,11.52,11.66,11.79,96.213,90.4,82.1,90.179,76.383,245.39,170.63,5503.0,15774.0,489.3,1468.2,496.4,5563.5,295.15,1275.0,2917.61,1009.79,,,79.22
2023-07-18,7.28,7.61,7.92,8.19,9.04,9.64,10.39,10.84,11.23,11.53,11.67,11.81,96.08,90.212,82.215,89.905,76.27,246.77,174.89,5537.5,16336.0,490.15,1485.0,497.7,5683.0,296.05,1287.8,2954.52,1024.98,90.4217,101.6496,79.9
2023-07-19,7.15,7.6,7.98,8.3,9.18,9.73,10.44,10.86,11.18,11.42,11.52,11.62,96.099,90.278,82.2,89.879,76.445,245.85,173.04,5518.0,16546.0,485.95,1479.4,496.5,5647.0,297.3,1277.4,2943.43,1015.13,90.6906,102.0271,80.57
2023-07-20,7.16,7.6,7.97,8.28,9.11,9.65,10.39,10.85,11.22,11.48,11.6,11.71,96.057,90.2,82.203,89.729,76.387,242.7,169.92,5394.0,15904.0,475.1,1464.0,488.6,5496.0,292.1,1260.8,2917.48,1016.53,91.2046,102.4441,79.15
2023-07-21,7.45,7.8,8.11,8.38,9.21,9.76,10.46,10.86,11.21,11.48,11.61,11.73,95.701,90.219,82.348,89.8,76.41,244.13,171.19,5505.0,16082.0,483.2,1481.0,494.7,5733.0,292.65,1274.2,2923.54,1012.37,90.8545,101.833,80.7
2023-07-24,7.57,7.89,8.17,8.41,9.16,9.68,10.41,10.85,11.21,11.49,11.63,11.78,96.035,90.049,82.499,89.804,76.591,244.87,171.98,5545.5,16126.0,481.6,1476.4,498.1,5816.5,291.5,1286.0,2937.47,1023.34,,,82.63
2023-07-25,7.66,7.93,8.17,8.4,9.12,9.64,10.37,10.82,11.2,11.51,11.67,11.83,95.787,90.6,82.611,89.825,76.804,247.2,171.86,5633.5,16260.0,489.15,1472.0,509.3,5900.0,291.05,1313.6,2975.36,1038.57,90.489,100.3614,83.47
2023-07-26,7.65,7.9,8.14,8.36,9.08,9.62,10.37,10.83,11.21,11.53,11.7,11.88,96.001,90.513,82.549,89.805,76.9,247.05,171.35,5626.0,16170.0,486.9,1494.4,506.4,5825.0,288.95,1301.4,2970.42,1038.74,90.0945,99.6918,83.39
2023-07-27,7.71,7.99,8.25,8.47,9.13,9.62,10.33,10.8,11.2,11.51,11.66,11.82,95.893,90.361,82.499,89.782,76.6,247.95,172.0,5668.0,16190.0,493.75,1496.0,509.4,5801.5,288.15,1328.0,2987.85,1039.04,90.0468,99.7156,83.75
2023-07-28,7.76,8.09,8.37,8.6,9.24,9.71,10.39,10.83,11.2,11.49,11.62,11.77,95.533,90.209,82.39,89.718,76.644,249.25,171.44,5896.0,16236.0,500.65,1500.2,516.5,5803.0,287.55,1334.8,3008.61,1033.67,90.0225,100.2173,84.11
2023-07-31,7.82,8.2,8.52,8.77,9.4,9.81,10.44,10.86,11.17,11.38,11.47,11.55,95.531,90.32,82.207,89.645,76.67,267.4,174.33,5938.0,16712.0,508.75,1519.4,523.5,5797.5,290.1,1367.6,3073.5,1057.43,,,85.56
2023-08-01,7.86,8.22,8.52,8.77,9.41,9.83,10.45,10.86,11.21,11.46,11.57,11.68,95.5,90.289,82.23,89.379,76.708,268.5,173.21,6008.0,17000.0,516.7,1525.2,526.5,5760.5,290.4,1364.6,3093.64,1055.79,91.5923,100.9428,85.03
2023-08-02,7.68,8.07,8.4,8.67,9.37,9.83,10.48,10.89,11.21,11.43,11.51,11.58,95.634,90.071,82.193,89.245,76.679,268.57,174.07,6069.5,16560.0,522.95,1556.2,537.5,5796.5,289.55,1364.0,3106.46,1040.15,91.7755,100.6988,83.88
2023-08-03,7.76,8.23,8.61,8.91,9.59,9.98,10.53,10.9,11.17,11.32,11.36,11.4,95.407,89.8,82.172,89.046,76.45,269.11,177.1,6155.0,16650.0,526.7,1602.4,547.7,5808.0,290.75,1399.0,3147.8,1046.57,92.841,101.9268,85.08
2023-08-04,7.83,8.29,8.66,8.96,9.66,10.06,10.58,10.91,11.16,11.3,11.33,11.36,95.188,89.861,82.01,88.829,76.432,264.12,173.46,6103.0,16338.0,521.95,1577.0,541.9,5657.5,288.4,1348.4,3092.44,1015.74,93.7792,102.531,86.33
2023-08-07,7.8,8.29,8.68,8.98,9.66,10.02,10.56,10.93,11.2,11.34,11.36,11.37,95.185,89.778,81.904,88.741,76.25,261.92,172.52,6048.5,16154.0,524.6,1593.4,548.7,5590.0,290.05,1327.4,3084.08,1017.03,,,85.76
2023-08-08,7.81,8.35,8.78,9.1,9.79,10.13,10.62,10.97,11.22,11.34,11.35,11.36,94.914,89.506,81.717,88.572,76.213,264.62,172.71,6124.5,16106.0,527.9,1594.4,555.5,5666.5,290.6,1326.2,3085.31,999.8,96.5668,106.0543,85.34
2023-08-09,7.88,8.41,8.83,9.16,9.94,10.32,10.77,11.04,11.25,11.37,11.41,11.44,94.48,89.087,81.495,88.288,76.053,263.91,174.51,6171.5,16192.0,533.2,1592.2,569.5,5607.0,289.6,1339.4,3099.52,1004.72,96.0755,105.4352,86.85
2023-08-10,7.83,8.44,8.9,9.26,10.06,10.42,10.84,11.1,11.29,11.39,11.42,11.44,94.097,88.72,81.414,88.037,75.952,266.91,176.65,6252.0,16464.0,535.2,1639.0,574.9,5718.0,290.25,1356.4,3148.86,1017.71,97.3999,106.8897,87.08
2023-08-11,7.92,8.54,9.01,9.36,10.1,10.44,10.85,11.11,11.3,11.39,11.4,11.41,94.053,88.749,81.239,87.75,75.881,266.23,176.35,6284.5,16460.0,549.0,1658.6,577.4,5691.0,291.95,1345.4,3155.51,1000.89,97.2794,107.1563,87.0
2023-08-14,8.39,9.18,9.68,10.01,10.56,10.77,11.05,11.24,11.36,11.41,11.4,11.4,92.92,87.965,80.106,86.59,75.008,260.45,177.09,6127.5,16280.0,539.75,1624.4,576.3,5522.5,284.2,1307.8,3131.0,1009.43,,,86.33
2023-08-15,10.69,10.72,10.75,10.77,10.84,10.94,11.14,11.28,11.36,11.4,11.42,11.45,92.999,87.749,80.876,86.98,75.648,260.42,176.16,6131.5,16170.0,546.3,1622.0,574.0,5549.5,283.2,1305.6,3115.25,1010.19,101.0399,110.6847,84.69
2023-08-16,10.53,10.56,10.6,10.63,10.76,10.89,11.1,11.24,11.36,11.41,11.44,11.49,93.265,87.735,81.399,87.504,76.005,256.02,174.14,6094.5,15908.0,532.95,1598.6,563.0,5500.0,281.95,1278.0,3049.46,1014.61,97.4217,106.5736,84.89
2023-08-17,10.17,10.21,10.25,10.29,10.48,10.67,10.96,11.14,11.27,11.36,11.41,11.46,93.533,88.149,81.688,88.29,76.5,258.5,174.14,6162.0,15924.0,544.45,1607.2,568.2,5557.0,281.4,1291.0,3059.02,1028.93,96.7045,105.6591,84.66
2023-08-18,10.8,10.53,10.39,10.32,10.41,10.62,10.96,11.13,11.23,11.29,11.32,11.38,93.855,88.351,82.3,87.95,76.52,261.14,175.48,6277.5,16198.0,548.2,1644.2,575.1,5666.0,292.9,1302.2,3111.22,1047.03,93.746,102.181,84.31
2023-08-21,10.53,10.3,10.19,10.16,10.34,10.61,10.97,11.15,11.27,11.35,11.4,11.46,93.698,88.339,81.69,87.85,76.5,261.15,176.36,6265.5,16262.0,547.45,1665.6,584.6,5918.0,292.4,1299.8,3139.93,1057.02,,,85.3
2023-08-22,10.56,10.37,10.27,10.23,10.37,10.61,10.97,11.17,11.32,11.41,11.46,11.52,93.412,88.168,81.507,87.633,76.3,261.45,176.48,6606.5,16270.0,549.5,1681.6,590.3,5902.0,293.0,1329.6,3164.25,1057.56,94.1424,102.5719,84.26
2023-08-23,10.53,10.36,10.28,10.25,10.4,10.62,10.98,11.19,11.35,11.44,11.48,11.54,93.668,88.238,81.29,87.509,75.9,256.4,173.65,6412.5,16010.0,534.5,1642.0,575.9,5726.0,285.5,1302.6,3146.2,1051.15,94.1185,102.753,83.35
2023-08-24,10.57,10.43,10.37,10.38,10.58,10.79,11.08,11.25,11.37,11.43,11.46,11.49,93.311,88.0,80.919,87.49,75.58,259.63,174.97,6561.5,16082.0,539.8,1674.4,581.6,5865.0,288.65,1346.8,3137.37,1043.51,94.4421,102.2452,83.19
2023-08-25,10.55,10.45,10.42,10.43,10.63,10.81,11.08,11.25,11.37,11.45,11.49,11.52,93.194,87.885,80.831,87.456,75.569,260.5,174.7,6566.0,16144.0,538.85,1676.2,587.7,5888.0,289.0,1360.0,3157.33,1043.84,94.4007,102.4719,84.02
2023-08-28,10.46,10.41,10.42,10.44,10.65,10.85,11.15,11.3,11.39,11.44,11.48,11.51,93.109,87.799,80.573,87.336,75.379,266.93,176.2,6662.0,16780.0,545.55,1681.6,587.5,5984.5,290.15,1385.4,3198.72,1057.97,,,84.35
2023-08-29,10.3,10.36,10.44,10.5,10.7,10.85,11.12,11.3,11.41,11.47,11.51,11.56,93.055,87.63,80.487,87.25,75.298,265.68,178.69,6779.5,16628.0,558.3,1682.8,586.5,5978.0,288.05,1358.6,3211.36,1059.98,95.4717,103.2434,84.75
2023-08-30,10.08,10.26,10.41,10.52,10.76,10.9,11.14,11.31,11.42,11.47,11.49,11.5,93.099,87.588,80.581,86.88,75.389,264.7,177.47,6837.0,16680.0,556.9,1688.6,589.4,5935.5,286.15,1385.0,3212.68,1052.06,95.707,103.4765,85.7
2023-08-31,10.31,10.38,10.45,10.51,10.71,10.86,11.14,11.34,11.47,11.56,11.61,11.68,93.058,87.481,80.526,87.0,75.293,264.85,177.99,6830.0,16832.0,556.15,1684.8,590.2,6080.0,284.1,1427.4,3227.99,1059.17,95.9283,104.4496,86.56
2023-09-01,10.4,10.48,10.55,10.62,10.82,10.99,11.25,11.4,11.47,11.52,11.55,11.61,92.812,87.248,80.44,86.62,75.301,265.0,178.22,6819.0,16786.0,559.15,1688.0,593.0,6078.0,283.7,1431.6,3231.35,1055.43,96.3344,104.9407,88.36
2023-09-04,10.56,10.63,10.69,10.73,10.87,11.0,11.25,11.41,11.5,11.55,11.58,11.63,92.817,87.205,80.39,86.5,75.243,267.39,181.11,6850.0,17112.0,567.25,1698.2,602.5,6102.0,287.7,1432.2,3268.97,1063.41,,,89.01
2023-09-05,10.65,10.84,10.97,11.06,11.19,11.22,11.31,11.38,11.41,11.42,11.41,11.4,92.29,87.033,80.14,86.344,75.0,264.75,182.48,6916.0,17060.0,574.4,1703.8,607.2,6035.0,287.6,1411.0,3264.43,1050.99,96.6199,104.4171,90.94
2023-09-06,11.01,11.37,11.53,11.58,11.6,11.59,11.58,11.57,11.54,11.52,11.52,11.53,91.249,86.008,79.6,85.744,74.0,263.5,180.96,6867.5,16900.0,578.8,1690.2,608.8,5906.0,287.1,1370.0,3245.47,1038.58,97.5383,104.9043,90.24
2023-09-07,11.53,11.82,11.91,11.92,11.83,11.77,11.72,11.69,11.67,11.67,11.68,11.68,90.954,85.495,79.041,85.08,73.266,258.79,177.64,6666.5,16466.0,564.6,1663.6,603.7,5745.5,283.4,1342.0,3169.07,1014.05,97.8439,105.0789,90.59
2023-09-08,11.87,11.96,12.04,12.09,12.18,12.17,12.05,11.94,11.81,11.7,11.65,11.61,90.195,84.565,78.22,84.629,72.801,255.68,175.95,6625.0,16320.0,557.95,1641.4,595.5,5704.5,280.6,1316.6,3142.88,1012.4,98.1961,105.2776,90.72
2023-09-11,11.87,11.95,12.01,12.06,12.11,12.08,11.96,11.86,11.75,11.67,11.64,11.6,90.522,84.573,78.38,84.685,72.771,256.25,174.64,6456.0,16250.0,549.1,1622.0,588.4,5605.0,279.0,1289.0,3122.37,1033.5,,,90.66
2023-09-12,11.81,11.81,11.8,11.8,11.77,11.77,11.78,11.76,11.69,11.6,11.55,11.49,91.509,85.89,79.471,85.65,74.166,262.4,177.62,6729.0,16470.0,562.0,1670.4,606.6,5784.5,281.55,1326.6,3165.92,1049.65,96.5083,103.5332,92.2
2023-09-13,11.9,11.88,11.87,11.86,11.82,11.79,11.76,11.73,11.65,11.58,11.55,11.54,91.045,85.562,79.128,85.181,73.9,258.18,174.94,6610.0,16392.0,555.15,1646.4,604.7,5654.5,277.55,1295.8,3148.32,1030.65,94.7035,101.5646,92.28
2023-09-14,12.04,12.02,12.0,11.99,11.95,11.91,11.83,11.75,11.66,11.6,11.57,11.54,90.607,85.001,78.921,85.1,73.49,260.0,173.52,6519.0,16300.0,556.3,1640.4,602.5,5795.0,277.2,1293.6,3139.49,1018.31,95.9794,103.1066,93.36
2023-09-15,12.27,12.24,12.21,12.18,12.08,11.99,11.85,11.75,11.64,11.57,11.54,11.5,90.916,85.282,79.79,85.735,73.948,260.83,173.79,6553.0,16436.0,562.8,1656.0,614.8,5795.0,278.45,1311.4,3152.53,1029.15,96.1609,103.2289,93.66
2023-09-18,12.17,12.17,12.16,12.13,11.99,11.87,11.74,11.67,11.61,11.55,11.52,11.48,90.811,85.704,79.55,85.579,74.046,259.07,172.8,6526.0,16308.0,557.1,1636.2,626.2,5775.0,274.95,1292.8,3135.18,1024.52,,,94.57
2023-09-19,12.19,12.16,12.13,12.11,12.01,11.94,11.82,11.75,11.69,11.64,11.62,11.6,90.726,85.233,79.005,84.987,73.607,252.72,168.93,6344.0,15998.0,544.0,1599.6,610.1,5558.0,270.95,1286.8,3083.85,1003.35,96.6472,103.0945,95.09
2023-09-20,12.14,12.12,12.11,12.09,12.03,11.98,11.88,11.8,11.73,11.68,11.65,11.62,90.574,85.025,78.74,84.837,73.275,253.77,169.11,6423.0,16190.0,529.35,1625.6,611.8,5491.0,269.95,1285.2,3068.15,1002.54,96.2236,102.9211,93.9
2023-09-21,12.19,12.21,12.2,12.19,12.08,11.97,11.84,11.78,11.72,11.67,11.64,11.62,90.603,85.17,78.618,84.999,73.3,250.16,165.85,6379.0,16018.0,508.0,1596.2,597.6,5283.0,269.5,1268.8,3019.22,988.12,96.6172,103.3699,93.53
2023-09-22,12.37,12.35,12.32,12.29,12.15,12.03,11.89,11.81,11.73,11.66,11.63,11.6,90.551,85.0,78.923,84.779,73.37,251.99,166.7,6495.0,15992.0,513.9,1625.2,610.8,5475.0,270.15,1342.0,3049.07,999.99,96.0762,102.3606,93.49
2023-09-25,12.26,12.26,12.25,12.24,12.15,12.06,11.94,11.86,11.76,11.65,11.59,11.54,90.587,85.048,78.54,84.827,73.0,252.65,165.87,6449.0,15872.0,520.65,1605.2,604.6,5407.5,270.05,1331.8,3045.39,997.09,,,92.93
2023-09-26,12.5,12.5,12.47,12.42,12.19,12.04,11.93,11.88,11.82,11.75,11.73,11.72,90.518,84.797,78.375,84.595,72.965,255.87,165.36,6386.0,15946.0,517.85,1628.0,603.4,5405.0,273.3,1370.8,3051.91,998.49,96.1456,102.2453,93.65
2023-09-27,12.26,12.4,12.44,12.42,12.22,12.07,11.96,11.9,11.83,11.76,11.72,11.7,90.408,84.549,78.15,84.651,72.609,256.1,165.53,6490.0,16074.0,529.95,1647.2,615.3,5495.0,276.95,1378.4,3067.61,999.22,96.2378,101.9888,96.29
2023-09-28,12.39,12.5,12.54,12.54,12.4,12.26,12.09,12.0,11.91,11.83,11.8,11.77,90.3,84.197,77.55,84.184,72.499,257.67,169.58,6645.5,16304.0,535.7,1664.0,619.4,5551.5,276.9,1375.2,3108.07,1011.04,96.5,101.978,96.27
2023-09-29,12.38,12.53,12.58,12.57,12.39,12.24,12.08,12.0,11.93,11.9,11.89,11.88,90.12,84.013,77.501,83.914,71.707,260.72,167.09,6677.0,16188.0,537.0,1666.2,625.4,5505.0,275.05,1368.4,3133.26,1007.58,97.0018,102.0979,95.38
2023-10-02,12.35,12.49,12.57,12.6,12.55,12.41,12.2,12.08,11.97,11.89,11.86,11.83,90.073,83.908,76.989,83.095,71.0,258.98,166.08,6720.0,16172.0,535.55,1698.0,639.3,5489.0,272.1,1390.0,3132.33,992.18,,,91.58
2023-10-03,12.37,12.46,12.52,12.56,12.55,12.45,12.25,12.11,11.97,11.86,11.81,11.77,89.98,83.84,77.232,83.244,71.449,259.65,166.75,6754.5,16168.0,538.9,1706.0,639.1,5461.0,271.4,1358.4,3143.88,993.74,98.4785,103.868,91.6
2023-10-04,12.58,12.62,12.64,12.65,12.61,12.54,12.39,12.25,12.05,11.84,11.75,11.68,90.211,83.498,76.99,83.094,71.29,259.53,165.4,6660.5,16030.0,533.95,1698.0,634.2,5457.0,271.85,1370.6,3134.25,991.35,99.2677,104.0621,88.1
2023-10-05,12.16,12.4,12.56,12.66,12.72,12.6,12.34,12.17,12.01,11.88,11.82,11.77,89.999,83.389,76.818,83.21,71.199,259.38,166.06,6721.5,16172.0,534.7,1710.8,633.8,5425.5,271.0,1372.2,3131.76,982.6,99.4555,104.3024,84.91
2023-10-06,11.9,12.29,12.54,12.68,12.73,12.58,12.35,12.21,12.05,11.88,11.82,11.8,90.005,83.39,76.5,82.959,71.061,262.93,166.59,6797.0,16268.0,534.2,1719.4,638.0,5430.5,270.25,1367.0,3144.89,987.14,99.6762,104.7877,85.09
2023-10-09,11.77,12.26,12.55,12.71,12.77,12.6,12.34,12.21,12.09,12.01,11.99,11.96,90.085,83.322,76.223,82.692,70.339,265.25,167.06,6863.5,16256.0,552.5,1756.2,643.7,5518.0,270.9,1368.4,3174.02,1006.92,,,88.25
2023-10-10,11.7,12.16,12.45,12.62,12.73,12.6,12.41,12.29,12.15,12.01,11.95,11.93,90.197,83.323,76.14,82.197,70.293,263.0,168.03,6853.5,16294.0,549.0,1717.4,649.5,5656.0,272.65,1374.4,3177.03,996.56,101.3598,107.0322,87.62
2023-10-11,11.55,12.17,12.46,12.59,12.54,12.41,12.26,12.18,12.12,12.11,12.11,12.1,90.46,83.664,76.95,82.905,71.4,260.21,167.89,6890.5,16126.0,540.35,1690.2,618.8,5550.5,270.45,1358.0,3194.12,1005.24,99.9349,105.6864,86.26
2023-10-12,11.65,12.28,12.51,12.57,12.44,12.32,12.18,12.1,12.03,12.02,12.04,12.05,90.3,83.771,76.929,83.021,71.0,264.5,169.5,7120.0,16278.0,546.05,1703.6,617.6,5562.0,271.2,1368.8,3174.66,1026.42,99.9808,105.9544,86.4
2023-10-13,11.6,12.22,12.45,12.51,12.39,12.27,12.15,12.08,12.04,12.05,12.06,12.04,90.351,83.844,77.058,83.215,70.999,263.51,170.2,7244.0,16284.0,561.85,1708.4,628.3,5599.5,271.05,1378.2,3192.33,1034.11,96.9948,103.035,89.6
2023-10-16,11.66,12.02,12.22,12.32,12.35,12.28,12.18,12.12,12.08,12.06,12.05,12.03,90.398,83.9,76.995,83.087,71.249,268.15,172.55,7335.0,16432.0,568.65,1729.6,628.9,5665.0,275.6,1403.8,3234.78,1047.0,,,90.19
2023-10-17,12.01,12.06,12.11,12.16,12.29,12.33,12.32,12.28,12.22,12.16,12.13,12.1,90.391,84.14,76.915,82.989,70.925,270.0,171.97,7384.5,16520.0,573.05,1728.6,628.5,5764.5,275.9,1422.2,3247.15,1046.79,97.2865,102.52,89.56
2023-10-18,11.77,11.91,12.04,12.15,12.43,12.46,12.4,12.35,12.31,12.27,12.25,12.23,90.2,83.752,76.556,82.778,70.414,267.9,170.18,7488.0,16472.0,586.8,1730.0,632.3,5753.0,275.0,1408.6,3249.21,1051.17,97.3458,102.7527,91.25
2023-10-19,11.99,12.08,12.15,12.22,12.38,12.44,12.43,12.38,12.31,12.25,12.23,12.2,90.145,83.797,76.525,82.599,70.416,268.65,170.38,7486.0,16788.0,595.25,1723.2,633.1,5795.5,273.4,1396.0,3255.16,1056.54,97.3724,102.9059,91.59
2023-10-20,11.89,12.02,12.12,12.21,12.42,12.48,12.46,12.4,12.32,12.25,12.21,12.18,90.308,83.749,76.555,82.695,70.548,269.8,171.39,7491.5,17122.0,602.9,1708.6,630.4,5839.0,274.85,1409.8,3269.27,1081.29,97.3074,102.6255,93.53
2023-10-23,12.11,12.24,12.32,12.37,12.43,12.41,12.33,12.26,12.2,12.13,12.09,12.04,90.261,83.723,76.456,82.552,70.676,270.1,170.39,7462.5,17108.0,593.3,1688.0,626.6,5973.5,275.0,1399.8,3263.68,1091.16,,,91.35
2023-10-24,12.35,12.37,12.39,12.42,12.48,12.44,12.37,12.32,12.27,12.21,12.17,12.13,90.343,83.923,76.37,82.69,70.498,271.27,170.19,7444.0,17196.0,586.2,1679.4,625.5,6073.0,280.1,1395.2,3265.01,1102.37,94.7081,100.303,88.5
2023-10-25,12.52,12.49,12.46,12.44,12.41,12.39,12.36,12.32,12.27,12.22,12.19,12.16,90.439,84.001,76.55,82.7,70.599,273.73,169.62,7437.5,17460.0,590.5,1695.0,622.3,6046.5,283.85,1387.4,3265.28,1103.6,93.5224,99.5534,88.8
2023-10-26,12.46,12.44,12.43,12.43,12.45,12.43,12.38,12.35,12.33,12.32,12.31,12.31,90.141,83.8,76.265,82.621,70.4,269.9,168.45,7228.5,17250.0,583.0,1682.0,613.6,5913.0,279.55,1369.6,3223.89,1084.78,93.1507,98.6543,88.83
2023-10-27,13.4,13.38,13.35,13.3,13.04,12.75,12.43,12.3,12.19,12.1,12.04,11.98,89.9,83.491,76.155,82.108,70.159,269.7,167.26,7318.0,17506.0,594.6,1678.4,622.4,6015.0,282.15,1362.8,3224.18,1079.07,93.5616,98.7376,88.97
2023-10-30,13.42,13.37,13.33,13.29,13.05,12.75,12.48,12.44,12.44,12.44,12.44,12.43,89.569,83.3,75.821,82.079,69.453,269.89,167.16,7248.0,17572.0,587.2,1681.0,621.2,5948.0,277.7,1372.0,3227.07,1094.37,,,88.11
2023-10-31,13.13,13.06,13.0,12.95,12.78,12.61,12.48,12.48,12.5,12.55,12.6,12.66,89.9,83.4,75.323,81.8,69.269,268.35,167.88,7150.5,17574.0,574.55,1661.0,607.6,5818.0,271.75,1354.8,3200.97,1079.88,93.2435,98.6164,87.99
2023-11-01,13.05,12.99,12.95,12.91,12.72,12.46,12.22,12.19,12.23,12.32,12.4,12.5,90.299,84.0,76.198,82.51,70.2,269.68,170.08,7240.0,17804.0,579.5,1659.0,606.3,5874.0,273.3,1351.0,3206.52,1088.42,92.0226,97.9345,87.06
2023-11-02,13.02,12.93,12.84,12.75,12.43,12.25,12.1,12.07,12.09,12.18,12.25,12.33,90.467,84.823,77.163,83.443,70.9,269.06,168.18,7253.5,18078.0,586.25,1639.8,602.7,5847.0,270.15,1359.8,3197.22,1079.82,93.2801,98.4365,86.64
2023-11-03,13.1,12.85,12.65,12.49,12.1,11.94,11.9,11.95,12.03,12.12,12.19,12.25,91.167,85.238,78.195,84.316,72.17,268.54,169.19,7238.0,17898.0,581.5,1608.4,601.7,5866.5,271.35,1372.0,3208.63,1093.74,93.173,98.9995,87.01
2023-11-06,13.12,12.64,12.34,12.14,11.87,11.86,11.92,11.96,12.0,12.04,12.06,12.09,91.401,85.62,78.457,84.69,72.682,273.42,169.48,7376.0,17764.0,588.95,1644.4,609.7,5896.5,271.8,1386.2,3235.11,1103.78,,,86.77
2023-11-07,12.95,12.77,12.63,12.51,12.22,12.01,11.9,11.92,11.96,11.98,11.99,11.99,91.235,85.597,77.803,84.162,71.901,273.31,168.53,7333.5,17690.0,583.95,1634.2,611.2,6044.5,272.65,1391.6,3246.34,1107.2,,,84.29
2023-11-08,13.11,12.75,12.49,12.3,11.94,11.87,11.9,11.94,11.97,11.98,11.98,11.98,91.33,85.599,77.907,84.41,72.014,278.15,168.49,7295.0,17460.0,581.65,1623.4,614.5,6090.0,274.35,1375.2,3245.43,1113.03,92.4151,98.7863,81.96
2023-11-09,12.76,12.52,12.32,12.15,11.72,11.58,11.58,11.66,11.77,11.86,11.9,11.93,91.878,86.195,79.112,85.216,72.998,276.65,168.16,7260.0,17412.0,583.1,1612.2,615.2,6079.5,276.45,1359.2,3239.92,1108.87,92.1973,98.4403,82.75
2023-11-10,12.66,12.38,12.16,11.99,11.64,11.52,11.58,11.7,11.82,11.92,11.98,12.04,91.986,86.165,79.356,85.375,72.95,280.19,168.25,7288.5,17344.0,598.3,1618.2,620.0,6015.5,274.8,1366.8,3242.06,1107.44,91.9266,98.4076,82.43
2023-11-13,12.76,12.36,12.09,11.93,11.73,11.66,11.75,11.87,11.95,12.01,12.04,12.06,92.099,86.175,78.241,84.6,72.267,283.97,167.85,7277.5,17410.0,598.3,1623.6,616.3,6061.0,278.65,1378.8,3248.27,1117.43,,,82.84
2023-11-14,12.96,12.56,12.29,12.12,11.88,11.8,11.84,11.91,11.98,12.02,12.03,12.03,91.662,85.748,78.1,84.005,72.1,280.87,165.86,7200.0,17178.0,591.3,1594.0,610.7,5940.0,273.0,1356.8,3212.39,1116.97,92.1185,98.5314,84.28
2023-11-15,12.71,12.41,12.18,12.03,11.79,11.75,11.81,11.88,11.94,11.99,12.03,12.06,91.347,86.852,78.8,84.829,72.797,282.89,166.46,7224.0,17136.0,585.0,1566.8,611.8,5935.0,277.05,1360.0,3215.11,1134.24,91.257,97.7781,82.69
2023-11-16,12.46,12.28,12.14,12.05,11.87,11.77,11.76,11.82,11.89,11.96,11.99,12.02,90.809,86.468,78.603,84.6,72.459,279.7,165.48,7135.5,17008.0,572.75,1538.2,602.1,5823.0,271.05,1350.8,3189.08,1129.22,89.4565,97.1334,79.56
2023-11-17,12.77,12.27,12.02,11.9,11.8,11.76,11.75,11.78,11.8,11.8,11.79,11.76,91.921,86.221,78.6,84.859,72.8,281.6,165.31,7225.5,17168.0,583.3,1536.0,615.5,5903.5,269.05,1351.0,3206.34,1122.1,88.9466,96.5921,80.58
2023-11-20,12.46,12.08,11.94,11.9,11.87,11.75,11.68,11.73,11.78,11.8,11.79,11.77,92.145,86.362,78.82,85.08,72.645,282.91,165.51,7194.5,17098.0,581.5,1545.6,615.4,5931.0,269.95,1332.4,3207.36,1142.51,,,83.26
2023-11-21,12.45,12.02,11.84,11.76,11.67,11.63,11.67,11.75,11.82,11.85,11.83,11.8,92.012,86.87,78.7,84.997,72.8,282.79,165.15,7209.0,17250.0,583.4,1539.0,634.2,5952.0,272.85,1327.0,3218.48,1154.39,88.4954,96.6597,82.68
2023-11-22,12.46,11.94,11.72,11.64,11.57,11.53,11.57,11.65,11.72,11.75,11.73,11.71,92.295,87.0,78.911,85.11,73.409,286.16,165.37,7299.0,17218.0,581.75,1525.8,640.8,6045.5,269.9,1349.8,3230.65,1151.94,87.8701,96.2561,79.97
2023-11-23,12.55,11.94,11.64,11.51,11.47,11.52,11.61,11.67,11.72,11.75,11.75,11.74,92.399,86.8,79.182,85.227,73.207,286.19,164.11,7258.0,17304.0,580.8,1511.2,641.1,6259.0,266.25,1330.4,3221.05,1148.97,88.1648,96.1475,81.14
2023-11-24,13.5,12.26,11.74,11.54,11.51,11.57,11.64,11.69,11.72,11.74,11.75,11.74,92.246,86.844,78.77,85.48,73.134,286.85,164.71,7295.0,17096.0,578.85,1514.0,648.0,6323.0,262.85,1317.2,3217.76,1143.15,88.1206,96.2273,82.28
2023-11-27,13.29,12.15,11.71,11.55,11.52,11.54,11.61,11.68,11.74,11.78,11.78,11.77,92.197,86.896,78.887,85.418,72.799,282.33,162.79,7222.5,17052.0,578.0,1510.4,638.4,6290.0,260.2,1294.2,3191.05,1132.05,,,80.89
2023-11-28,13.15,12.13,11.74,11.6,11.57,11.54,11.57,11.65,11.73,11.77,11.77,11.77,92.1,86.996,78.915,85.333,72.832,279.91,164.21,7238.0,17056.0,589.9,1509.2,641.2,6347.5,261.25,1304.2,3196.36,1128.61,88.7045,97.1594,81.64
2023-11-29,13.3,12.05,11.58,11.43,11.49,11.53,11.59,11.65,11.71,11.74,11.75,11.75,92.26,86.866,78.99,85.24,73.0,276.8,163.17,7202.0,16922.0,593.45,1493.6,638.7,6377.5,256.5,1297.2,3173.52,1128.01,88.6102,97.0659,81.74
2023-11-30,13.51,12.17,11.66,11.5,11.56,11.6,11.64,11.69,11.74,11.77,11.78,11.78,92.15,86.759,78.694,85.035,72.85,277.5,163.23,7239.0,16736.0,584.3,1510.0,638.8,6354.0,254.45,1268.2,3165.79,1115.01,88.8841,97.6503,83.6
2023-12-01,14.18,13.06,12.61,12.42,12.13,11.85,11.7,11.78,11.88,11.92,11.92,11.9,91.62,86.228,78.204,84.699,72.33,273.97,162.61,7175.5,16646.0,575.15,1500.0,632.5,6405.5,250.15,1257.0,3142.29,1095.28,88.5819,96.8827,82.03
2023-12-04,14.22,13.26,12.78,12.53,12.17,11.98,11.87,11.87,11.9,11.89,11.88,11.85,91.575,85.704,77.817,83.909,71.568,270.96,160.01,7132.5,16668.0,565.0,1505.4,623.7,6265.0,248.75,1274.0,3114.41,1076.99,,,79.78
2023-12-05,14.65,13.31,12.73,12.46,12.2,12.06,11.95,11.97,12.0,12.01,12.0,11.99,91.33,85.584,77.699,83.529,71.502,279.62,160.46,7248.5,16804.0,574.35,1542.4,635.2,6333.5,253.45,1295.2,3129.33,1066.13,90.6728,98.5768,79.34
2023-12-06,14.24,13.02,12.51,12.32,12.18,12.06,11.99,12.02,12.07,12.09,12.08,12.07,91.294,85.412,77.374,83.5,71.04,267.58,158.74,7138.0,16412.0,565.55,1505.8,622.2,6352.0,248.2,1252.0,3079.5,1045.28,91.5823,99.134,76.32
2023-12-07,14.38,13.11,12.57,12.36,12.24,12.13,12.06,12.1,12.15,12.19,12.21,12.23,91.327,85.625,77.494,83.668,71.099,265.12,163.38,7092.0,16912.0,560.6,1515.2,626.2,6264.0,251.65,1245.0,3073.63,1051.21,92.7826,100.1353,75.48
2023-12-08,14.64,13.17,12.56,12.33,12.27,12.21,12.15,12.17,12.21,12.25,12.27,12.28,91.592,85.795,77.657,83.591,71.18,265.16,161.5,7140.0,16776.0,564.7,1531.4,637.7,6170.0,251.75,1270.4,3079.99,1054.28,92.5654,99.8131,76.75
2023-12-11,14.48,13.07,12.48,12.27,12.2,12.18,12.18,12.22,12.27,12.31,12.32,12.34,91.487,85.3,76.62,83.387,70.65,256.89,164.87,6977.0,16660.0,555.0,1491.0,625.0,6058.5,248.55,1251.0,3026.17,1047.95,,,76.31
2023-12-12,14.31,13.27,12.78,12.55,12.39,12.34,12.3,12.31,12.33,12.35,12.37,12.38,91.204,85.576,76.687,83.017,70.179,257.6,162.46,7014.5,16478.0,549.55,1496.4,625.5,6071.5,249.25,1240.6,3019.89,1056.02,90.9846,98.0769,74.58
2023-12-13,14.52,13.32,12.79,12.57,12.46,12.43,12.41,12.43,12.45,12.47,12.48,12.49,91.257,85.252,76.593,82.702,69.906,260.45,163.92,7043.5,16600.0,555.85,1507.6,628.7,6096.5,251.3,1245.4,3032.22,1062.67,90.2158,97.403,74.65
2023-12-14,14.69,13.44,12.89,12.66,12.52,12.49,12.48,12.49,12.52,12.55,12.56,12.57,90.812,85.14,76.552,82.4,69.89,256.64,160.89,6860.0,16646.0,535.7,1460.2,617.0,6072.5,247.05,1216.6,3008.84,1055.45,89.8926,96.95,77.16
2023-12-15,14.39,13.33,12.79,12.53,12.34,12.35,12.36,12.37,12.38,12.39,12.4,12.4,91.395,85.338,77.021,83.312,70.665,268.21,164.2,6560.0,16988.0,561.5,1494.6,635.3,6362.0,250.3,1273.6,3033.89,1060.64,89.6741,97.7377,76.53
2023-12-18,14.15,13.35,12.83,12.51,12.07,11.99,11.98,11.99,11.97,11.93,11.9,11.86,91.4,85.768,77.798,84.2,71.456,268.4,167.0,6723.5,17150.0,566.65,1501.0,643.6,6464.5,251.7,1283.2,3076.26,1075.5,,,78.8
2023-12-19,14.05,13.52,13.13,12.87,12.39,12.09,11.89,11.88,11.9,11.91,11.91,11.89,91.854,86.039,78.164,84.303,71.9,267.35,165.48,6709.0,17202.0,574.0,1531.4,653.4,6477.5,253.75,1307.2,3083.64,1074.4,90.4162,98.7578,79.28
2023-12-20,14.53,13.4,12.72,12.32,11.84,11.79,11.81,11.83,11.85,11.87,11.87,11.87,91.865,86.212,78.853,84.61,72.28,266.61,163.56,6735.0,17114.0,578.6,1531.2,658.4,6692.5,250.0,1330.0,3104.66,1075.11,90.087,98.5764,79.92
2023-12-21,14.43,13.37,12.67,12.23,11.63,11.62,11.77,11.86,11.93,12.0,12.03,12.07,91.955,86.215,78.854,85.087,72.49,265.19,161.57,6702.0,17082.0,577.1,1478.2,658.5,6704.5,248.85,1336.6,3073.57,1051.87,90.4056,99.048,79.28
2023-12-22,13.85,12.82,12.35,12.15,11.97,11.91,11.88,11.89,11.9,11.91,11.92,11.93,91.896,86.499,79.109,85.157,72.5,271.3,162.09,6732.5,17122.0,583.75,1489.6,661.5,6680.0,249.35,1333.8,3092.58,1057.58,91.7062,100.5113,79.68
2023-12-25,13.78,13.0,12.53,12.25,11.91,11.86,11.86,11.86,11.87,11.88,11.89,11.9,92.099,86.02,78.829,84.96,72.401,271.08,161.09,6744.0,17130.0,584.45,1478.0,676.0,6939.5,248.5,1341.2,3099.02,1063.67,,,79.4
2023-12-26,13.33,12.74,12.42,12.25,12.1,12.03,11.98,11.97,11.98,11.98,11.99,12.0,91.844,86.16,78.599,84.49,72.299,271.9,161.0,6771.0,16360.0,589.3,1476.2,698.3,6920.5,248.85,1375.2,3094.72,1063.05,91.969,101.5781,81.13
2023-12-27,13.22,12.6,12.28,12.13,12.05,12.03,12.01,12.02,12.03,12.05,12.05,12.05,91.748,86.203,78.453,84.44,72.384,271.08,159.86,6768.0,16310.0,594.55,1450.6,717.7,6982.5,247.65,1382.0,3097.49,1068.71,91.7069,101.1178,80.63
2023-12-28,12.78,12.72,12.65,12.59,12.4,12.15,11.9,11.84,11.8,11.74,11.68,11.62,91.928,86.331,78.45,84.411,72.456,271.74,159.14,6767.0,16156.0,591.9,1448.0,708.2,6970.0,248.55,1408.0,3101.99,1090.93,91.7051,101.3451,78.68
2023-12-29,11.73,12.35,12.66,12.78,12.51,12.05,11.75,11.8,11.86,11.84,11.77,11.64,91.9,86.328,78.821,84.771,72.736,270.82,159.52,6739.0,16172.0,593.2,1463.2,710.0,7006.0,248.45,1407.0,3099.11,1083.48,90.3041,100.5506,78.31
2024-01-03,12.89,12.95,12.95,12.9,12.55,12.16,11.82,11.76,11.74,11.7,11.64,11.56,91.943,86.393,78.622,84.899,72.292,274.56,161.44,6803.5,16356.0,604.0,1484.8,720.9,7187.0,250.2,1427.0,3130.23,1073.14,,,78.66
2024-01-04,13.13,13.06,12.98,12.88,12.44,12.04,11.75,11.74,11.75,11.73,11.68,11.61,91.94,86.253,78.755,84.782,72.617,274.12,161.25,6771.0,16296.0,601.15,1479.6,725.9,7305.5,250.4,1419.4,3136.07,1082.11,,,78.59
2024-01-05,13.27,13.12,12.99,12.87,12.45,12.07,11.77,11.72,11.71,11.66,11.62,11.55,91.92,86.1,78.561,84.732,72.516,273.62,161.94,6780.0,16280.0,604.05,1480.4,725.0,7255.5,251.6,1442.4,3136.37,1087.35,,,79.21
2024-01-08,13.44,13.3,13.16,13.04,12.57,12.12,11.79,11.78,11.8,11.77,11.71,11.62,91.841,86.251,78.327,84.628,72.338,276.76,163.05,6766.5,16426.0,602.3,1487.2,722.9,7210.0,254.5,1467.0,3158.58,1089.72,,,76.81
2024-01-09,14.35,13.51,13.06,12.81,12.39,12.16,11.99,11.97,11.98,11.97,11.95,11.93,91.73,86.057,77.887,84.351,72.021,275.28,162.41,6931.0,16384.0,600.55,1489.0,686.7,7214.5,261.35,1434.6,3155.55,1106.12,,,77.5
2024-01-10,13.88,13.67,13.48,13.32,12.72,12.21,11.8,11.75,11.78,11.8,11.81,11.81,91.573,85.936,77.961,84.15,71.713,274.49,162.87,6957.0,16376.0,601.0,1513.0,694.0,7380.0,263.7,1443.2,3164.7,1115.51,90.404,98.9825,78.13
2024-01-11,13.65,13.49,13.35,13.23,12.77,12.3,11.88,11.83,11.89,12.04,12.16,12.29,91.266,85.793,77.66,83.6,71.147,275.71,162.5,6972.5,16276.0,579.6,1505.4,689.1,7114.5,262.75,1541.2,3181.25,1131.92,89.3939,97.8745,79.06
2024-01-12,14.12,13.68,13.35,13.12,12.61,12.23,12.01,12.05,12.15,12.2,12.21,12.2,91.322,85.949,77.14,83.663,70.8,275.84,163.37,6965.0,16234.0,584.2,1500.2,697.8,7082.0,266.85,1561.4,3185.22,1136.06,88.7818,97.5401,79.57
2024-01-15,13.76,13.61,13.47,13.35,12.86,12.37,11.9,11.81,11.86,12.05,12.21,12.41,91.508,85.725,77.483,83.85,70.9,275.96,163.34,6889.5,16226.0,581.4,1492.2,701.0,7070.0,266.8,1548.2,3184.88,1145.27,,,77.88
2024-01-16,13.7,13.56,13.43,13.32,12.82,12.28,11.81,11.77,11.9,12.18,12.42,12.72,91.692,85.972,77.6,83.944,71.29,276.01,163.22,6857.0,16192.0,578.4,1474.8,699.2,6923.0,265.4,1550.2,3179.45,1141.33,87.6772,96.0682,78.11
2024-01-17,13.68,13.55,13.44,13.34,12.83,12.23,11.71,11.69,11.89,12.34,12.73,13.26,91.749,86.388,78.18,84.249,71.513,278.0,164.04,6910.0,16202.0,574.75,1475.2,697.8,6943.5,263.95,1560.2,3185.23,1129.77,87.6457,95.6007,77.61
2024-01-18,13.53,13.23,12.99,12.83,12.47,12.15,11.83,11.77,11.91,12.36,12.79,13.38,91.743,86.429,78.5,84.4,72.22,277.07,166.52,6857.5,16156.0,573.95,1466.0,698.0,6816.5,264.35,1541.8,3178.85,1124.98,88.354,96.0531,78.52
2024-01-19,13.47,13.3,13.17,13.07,12.69,12.24,11.73,11.58,11.6,11.92,12.3,12.92,91.704,86.599,78.399,84.598,72.09,274.86,165.9,6834.5,16052.0,574.95,1457.0,690.3,6944.5,262.85,1582.0,3166.37,1130.05,88.661,96.5882,79.57
2024-01-22,13.32,13.22,13.15,13.09,12.76,12.28,11.76,11.61,11.63,11.91,12.28,12.92,91.9,86.665,78.487,84.5,72.149,274.93,166.06,6840.0,16076.0,577.95,1444.6,695.5,6890.5,264.35,1619.4,3172.15,1136.91,,,79.68
2024-01-23,13.3,13.23,13.17,13.12,12.79,12.28,11.75,11.6,11.62,11.89,12.26,12.93,91.745,86.42,78.117,84.499,72.256,275.9,168.31,6799.5,16078.0,579.9,1431.0,695.4,6883.5,265.45,1604.4,3175.74,1130.09,87.9724,95.8854,79.95
2024-01-24,13.47,13.36,13.27,13.18,12.74,12.2,11.67,11.57,11.69,12.13,12.6,13.33,91.878,86.312,78.435,84.435,72.151,273.77,166.36,6795.0,16002.0,575.75,1447.6,691.1,6895.0,269.25,1614.0,3162.41,1124.09,87.9199,95.8266,80.19
2024-01-25,13.38,13.3,13.23,13.16,12.76,12.21,11.65,11.54,11.62,12.0,12.45,13.22,91.889,86.334,78.419,84.558,72.235,272.81,165.42,6809.0,15986.0,574.65,1435.8,689.3,6864.5,269.15,1609.0,3157.74,1119.39,88.2829,96.1657,81.3
2024-01-26,13.3,13.24,13.19,13.14,12.79,12.25,11.68,11.53,11.58,11.93,12.37,13.18,91.988,86.36,78.611,84.701,72.484,272.65,163.99,6901.0,16056.0,573.9,1423.6,693.5,6820.5,270.8,1602.0,3163.21,1109.95,88.6562,96.6365,82.68
2024-01-29,13.47,13.37,13.29,13.23,12.89,12.4,11.84,11.65,11.67,12.0,12.47,13.32,91.587,86.161,78.315,84.61,72.27,274.05,163.5,6943.0,16026.0,575.75,1435.8,694.1,6905.5,273.6,1629.8,3176.61,1125.22,,,82.65
2024-01-30,13.51,13.44,13.38,13.32,12.95,12.41,11.81,11.63,11.66,12.02,12.5,13.39,91.896,86.092,78.2,84.503,72.3,275.67,163.22,6994.0,16036.0,573.95,1434.2,692.2,7049.5,272.85,1683.8,3196.08,1122.53,89.609,96.9777,82.61
2024-01-31,13.46,13.39,13.32,13.26,12.87,12.34,11.77,11.6,11.64,12.03,12.54,13.51,91.714,85.999,78.415,84.537,72.55,276.0,166.33,7090.5,15946.0,575.0,1439.0,703.5,7039.5,274.8,1664.0,3214.19,1125.63,89.2887,96.7895,81.87
2024-02-01,13.49,13.38,13.3,13.23,12.9,12.47,11.95,11.75,11.71,11.96,12.39,13.31,91.754,86.099,78.1,84.466,72.367,276.86,165.25,7093.5,15992.0,576.5,1445.6,704.4,7119.0,275.1,1672.0,3229.89,1124.67,89.6678,97.1149,81.91
2024-02-02,13.52,13.43,13.36,13.3,12.97,12.49,11.94,11.75,11.74,12.04,12.52,13.48,91.636,86.0,78.0,84.297,72.169,276.74,164.4,7114.0,15950.0,583.95,1443.4,706.9,7116.0,275.6,1627.8,3226.35,1117.31,90.2299,97.4009,78.68
2024-02-05,13.59,13.49,13.41,13.34,12.99,12.5,11.94,11.75,11.75,12.09,12.58,13.58,91.579,85.9,77.975,84.258,72.098,277.84,164.87,7137.5,15950.0,592.0,1494.0,709.0,7062.5,279.8,1621.2,3226.79,1123.72,,,77.96
2024-02-06,13.57,13.51,13.45,13.39,13.01,12.48,11.9,11.74,11.78,12.18,12.73,13.79,91.501,85.805,77.963,84.119,71.99,278.67,164.56,7163.0,15944.0,593.55,1477.4,710.3,7199.0,278.9,1603.4,3238.4,1119.01,91.2434,98.2279,79.21
2024-02-07,13.68,13.59,13.5,13.42,12.98,12.45,11.88,11.73,11.82,12.31,12.93,14.04,91.599,85.887,78.099,84.13,71.937,284.41,164.62,7265.0,15960.0,589.7,1469.8,715.0,7283.5,277.15,1591.2,3256.58,1124.71,90.6842,97.444,79.64
2024-02-08,13.79,13.68,13.59,13.49,13.02,12.49,11.94,11.8,11.9,12.42,13.07,14.22,91.401,85.636,77.594,83.89,71.45,282.17,163.21,7231.5,15742.0,587.75,1438.4,709.6,7318.0,275.65,1558.0,3241.81,1124.94,91.1514,98.0936,81.35
2024-02-09,13.88,13.77,13.68,13.57,13.08,12.51,11.92,11.78,11.9,12.47,13.15,14.33,91.298,85.759,77.434,83.9,71.71,283.5,163.23,7238.5,15728.0,589.75,1425.0,712.1,7283.0,277.7,1587.0,3242.38,1122.38,91.2561,98.3543,82.09
2024-02-12,13.99,13.87,13.75,13.63,13.07,12.49,11.89,11.77,11.94,12.58,13.32,14.53,91.345,85.861,77.748,84.04,71.556,287.28,162.49,7280.0,15546.0,588.95,1408.8,711.6,7249.0,277.15,1589.0,3248.5,1120.94,,,82.15
2024-02-13,13.89,13.79,13.69,13.59,13.11,12.53,11.92,11.78,11.91,12.51,13.23,14.46,91.37,85.646,77.61,84.056,71.475,287.07,162.29,7269.0,15380.0,592.75,1422.0,712.1,7250.0,280.9,1609.8,3254.6,1123.08,91.0758,98.1512,82.55
2024-02-14,14.13,13.99,13.85,13.7,13.05,12.45,11.92,11.84,11.99,12.57,13.28,14.5,91.285,85.699,77.68,83.835,71.54,289.06,161.92,7220.5,15186.0,590.05,1411.8,707.7,7420.0,283.25,1608.4,3258.14,1122.52,91.2057,98.1917,82.67
2024-02-15,14.32,14.15,13.98,13.81,13.13,12.55,12.02,11.93,12.09,12.66,13.32,14.43,91.2,85.55,77.552,83.8,70.999,290.24,161.59,7282.5,15172.0,589.15,1409.0,709.3,7471.5,281.0,1613.2,3265.63,1113.65,91.4316,97.8133,82.67
2024-02-16,14.26,14.04,13.85,13.69,13.15,12.66,12.14,12.03,12.17,12.76,13.43,14.55,91.051,85.019,77.249,83.521,70.498,288.33,161.19,7224.5,15036.0,585.5,1409.6,707.8,7424.5,279.9,1603.0,3242.48,1107.33,91.8237,98.4099,83.01
2024-02-19,14.13,14.03,13.94,13.84,13.32,12.75,12.18,12.06,12.19,12.73,13.37,14.5,90.96,85.265,77.0,83.259,70.2,288.93,161.24,7188.0,14924.0,586.25,1388.2,703.5,7399.5,279.35,1604.0,3244.56,1105.63,,,83.58
2024-02-20,14.39,14.23,14.07,13.89,13.21,12.65,12.14,12.06,12.2,12.73,13.37,14.46,90.732,85.051,76.9,83.03,69.95,283.9,159.5,7081.0,14480.0,572.1,1379.2,694.3,7256.5,275.0,1565.4,3207.49,1093.57,92.4102,99.4889,82.44
2024-02-21,14.17,14.08,13.98,13.87,13.29,12.69,12.17,12.11,12.25,12.73,13.33,14.38,90.782,84.79,76.801,83.011,69.998,282.0,158.64,6990.5,14438.0,562.35,1358.8,688.1,7199.0,278.0,1568.2,3139.5,1068.09,92.349,99.5589,82.69
2024-02-22,14.31,14.2,14.09,13.98,13.42,12.83,12.22,12.08,12.2,12.73,13.36,14.4,90.761,84.817,76.887,83.186,70.395,284.77,158.12,7021.5,14372.0,562.35,1337.4,694.3,7272.0,278.55,1581.6,3142.3,1064.44,92.4387,99.8968,83.12
2024-02-26,14.17,14.08,14.0,13.9,13.42,12.87,12.29,12.14,12.2,12.66,13.24,14.29,90.739,84.979,76.831,83.044,70.09,291.25,160.09,7164.0,14744.0,575.55,1351.6,702.5,7401.0,282.05,1615.0,3213.17,1097.4,,,82.14
2024-02-27,14.34,14.22,14.1,13.97,13.38,12.84,12.29,12.16,12.25,12.74,13.34,14.4,90.729,84.801,76.959,82.949,70.065,292.52,159.04,7141.5,14514.0,568.2,1375.2,696.7,7499.5,281.9,1634.4,3208.99,1097.34,92.6321,100.1776,83.08
2024-02-28,14.25,14.14,14.04,13.92,13.36,12.82,12.29,12.18,12.28,12.76,13.35,14.37,90.8,84.944,76.909,82.899,70.03,291.75,160.65,7261.5,14602.0,568.5,1346.4,705.0,7631.5,284.5,1634.8,3227.05,1114.87,92.0425,99.9214,83.74
2024-02-29,13.59,13.6,13.6,13.58,13.28,12.82,12.38,12.28,12.31,12.56,12.96,13.84,90.797,84.799,76.661,82.807,69.901,292.19,161.82,7378.0,14568.0,578.0,1349.6,718.8,7651.5,290.9,1651.6,3256.8,1127.32,91.8692,99.45,83.53
2024-03-01,14.02,13.96,13.89,13.79,13.25,12.71,12.23,12.16,12.3,12.79,13.37,14.4,91.0,84.938,76.5,82.647,69.808,295.38,161.34,7463.5,14602.0,577.45,1348.0,717.3,7634.0,290.65,1671.2,3266.66,1122.32,90.8423,98.5447,84.11
2024-03-04,14.38,14.22,14.06,13.9,13.3,12.88,12.5,12.41,12.47,12.84,13.34,14.28,90.561,84.601,75.867,82.216,69.281,299.17,161.24,7511.5,15008.0,582.5,1337.8,732.5,7698.0,291.5,1670.8,3296.75,1137.53,,,83.74
2024-03-05,14.45,14.29,14.14,13.97,13.35,12.9,12.53,12.49,12.6,12.96,13.39,14.11,90.379,84.428,75.7,81.822,68.573,298.4,160.98,7499.5,14946.0,585.55,1343.2,730.4,7610.0,290.15,1679.2,3300.89,1147.64,91.3534,99.1061,83.18
2024-03-06,14.38,14.24,14.1,13.96,13.41,12.99,12.63,12.57,12.66,13.0,13.34,13.86,90.218,84.22,75.48,81.739,68.494,297.71,161.65,7483.0,15084.0,585.15,1385.0,743.3,7613.0,288.85,1685.4,3310.58,1151.68,91.1604,98.9366,84.01
2024-03-07,14.5,14.34,14.19,14.03,13.43,12.97,12.6,12.59,12.73,13.03,13.28,13.59,90.139,84.189,75.15,81.464,68.348,300.4,160.91,7513.0,15098.0,589.45,1389.6,749.3,7646.0,290.75,1704.2,3315.68,1152.12,90.3412,98.2017,82.88
2024-03-11,14.48,14.32,14.18,14.02,13.41,12.96,12.61,12.6,12.72,13.01,13.25,13.55,90.11,84.195,75.098,81.453,68.23,299.79,160.56,7554.5,15028.0,588.35,1396.0,753.7,7760.0,290.95,1720.0,3320.31,1153.65,,,82.64
2024-03-12,14.36,14.25,14.13,14.01,13.48,13.05,12.67,12.63,12.74,13.02,13.28,13.62,89.86,83.834,74.71,81.32,68.08,300.9,162.99,7536.5,15028.0,588.25,1417.8,753.2,7744.0,293.65,1726.2,3332.6,1144.53,90.6252,99.1317,82.73
2024-03-13,14.43,14.34,14.25,14.13,13.59,13.15,12.76,12.69,12.76,13.07,13.38,13.81,90.08,83.61,74.802,80.897,67.861,298.85,161.77,7426.0,14998.0,581.45,1406.6,746.6,7648.5,296.3,1735.2,3320.68,1142.39,90.8818,99.3561,83.56
2024-03-14,14.54,14.48,14.4,14.28,13.68,13.19,12.8,12.76,12.86,13.19,13.5,13.93,89.797,83.596,74.1,80.695,67.45,295.83,161.1,7370.0,15018.0,584.0,1399.8,749.2,7607.5,291.8,1705.4,3297.0,1133.12,91.5449,100.1869,85.24
2024-03-15,14.88,14.77,14.64,14.49,13.82,13.3,12.87,12.82,12.95,13.34,13.7,14.19,89.884,83.465,73.86,80.251,67.088,298.3,160.86,7380.0,15070.0,584.2,1400.0,725.7,7611.5,294.4,1721.8,3300.07,1119.66,91.6359,100.2625,85.24
2024-03-18,14.98,14.87,14.74,14.58,13.87,13.33,12.88,12.83,12.98,13.46,13.91,14.52,89.757,83.094,73.342,79.9,66.623,298.87,160.58,7344.0,14964.0,583.1,1404.6,714.9,7636.0,292.2,1731.8,3296.3,1129.5,,,86.45
2024-03-19,15.07,14.92,14.77,14.59,13.84,13.29,12.86,12.86,13.1,13.65,14.14,14.76,89.7,82.965,73.287,79.642,66.663,295.2,158.55,7333.5,14776.0,565.35,1370.8,702.7,7586.0,288.9,1719.0,3264.97,1111.56,91.9829,100.2432,87.58
2024-03-20,15.26,15.08,14.9,14.69,13.87,13.31,12.9,12.92,13.17,13.74,14.22,14.83,89.7,83.255,72.9,79.753,66.25,295.4,158.42,7438.5,14804.0,560.3,1369.6,695.7,7599.0,292.8,1741.0,3267.1,1113.87,92.2243,100.1047,86.03
2024-03-21,15.22,15.08,14.93,14.75,13.97,13.4,12.93,12.89,13.06,13.57,14.04,14.69,89.738,83.18,73.435,79.67,66.37,295.62,158.28,7417.5,14930.0,562.8,1360.8,703.7,7604.0,292.55,1796.4,3286.69,1124.53,92.6861,100.6139,85.48
2024-03-22,15.29,15.1,14.9,14.68,13.81,13.23,12.83,12.88,13.17,13.76,14.25,14.87,89.717,82.742,73.254,79.413,65.886,292.99,156.44,7303.0,14798.0,554.2,1346.0,694.5,7410.5,289.1,1774.2,3273.49,1113.05,91.9499,100.365,85.8
2024-03-25,15.15,14.96,14.78,14.58,13.81,13.29,12.9,12.92,13.18,13.74,14.2,14.78,89.599,83.105,73.476,79.604,65.906,293.9,158.84,7438.0,15138.0,558.05,1365.4,689.0,7611.5,290.25,1832.8,3281.63,1115.63,,,86.8
2024-03-26,15.06,14.84,14.63,14.42,13.73,13.31,13.06,13.14,13.38,13.79,14.09,14.45,89.699,83.229,73.026,79.609,65.764,294.11,157.94,7419.0,15136.0,556.1,1316.8,692.8,7689.0,296.15,1846.0,3285.54,1116.21,92.7761,100.3651,86.64
2024-03-27,15.07,14.83,14.6,14.37,13.6,13.15,12.87,12.95,13.19,13.56,13.83,14.16,89.869,83.455,73.536,79.659,66.398,295.1,157.79,7493.0,15300.0,555.4,1304.6,689.4,7709.0,299.4,1883.8,3304.09,1129.95,92.5745,100.4121,86.07
2024-03-28,14.98,14.77,14.57,14.37,13.64,13.18,12.88,12.94,13.16,13.55,13.84,14.17,89.709,83.499,73.5,79.827,66.37,299.0,157.05,7481.0,15208.0,565.75,1318.4,687.9,7740.5,298.6,1861.4,3312.77,1128.26,92.5919,100.2704,87.3
2024-03-29,15.12,14.87,14.63,14.4,13.65,13.19,12.91,13.0,13.26,13.68,13.97,14.29,89.693,83.571,73.147,79.77,66.197,298.72,157.22,7551.0,15110.0,565.75,1312.6,694.3,7896.0,297.8,1877.8,3332.53,1136.91,92.2628,99.7057,87.4
2024-04-01,15.09,14.86,14.64,14.41,13.66,13.21,12.96,13.07,13.36,13.82,14.14,14.51,89.625,83.431,72.73,79.51,65.58,300.43,158.06,7665.0,15054.0,568.85,1316.6,711.5,7943.0,301.35,1857.4,3363.29,1147.83,,,88.0
2024-04-02,14.96,14.79,14.63,14.45,13.78,13.32,13.01,13.05,13.26,13.69,14.01,14.4,89.665,83.252,72.616,79.3,65.815,300.38,164.18,7654.0,,572.9,1283.2,709.3,7818.0,300.65,1865.8,3371.29,1147.95,92.2914,99.5661,89.01
2024-04-03,14.89,14.74,14.6,14.44,13.81,13.35,13.04,13.08,13.3,13.74,14.09,14.52,89.7,83.1,72.602,79.295,65.05,306.72,162.63,7686.5,,576.9,1287.0,707.2,7804.0,302.75,1857.6,3395.59,1157.39,92.5254,99.4116,89.89
2024-04-04,14.78,14.64,14.5,14.35,13.77,13.36,13.06,13.11,13.35,13.83,14.21,14.68,89.545,83.127,72.6,79.182,64.78,304.61,162.69,7727.5,,578.05,1297.4,710.8,7864.5,298.95,1824.8,3407.57,1163.76,92.3892,99.4277,89.47
2024-04-05,14.79,14.66,14.52,14.37,13.8,13.41,13.16,13.23,13.48,13.94,14.31,14.76,89.587,82.795,72.364,78.994,64.672,306.1,163.59,7662.5,,576.1,1283.8,709.1,7840.0,300.6,1818.0,3395.37,1155.91,92.3058,100.0668,91.47
2024-04-08,14.73,14.63,14.53,14.4,13.86,13.46,13.19,13.24,13.45,13.91,14.31,14.82,89.567,83.078,72.199,78.674,64.497,307.75,163.89,7767.0,152.96,574.5,1283.6,710.8,8000.0,303.4,1840.0,3417.38,1162.3,,,90.24
2024-04-09,14.82,14.71,14.59,14.45,13.89,13.48,13.2,13.25,13.47,13.95,14.35,14.86,89.375,83.005,72.199,78.727,64.561,306.76,164.08,7786.5,164.0,568.4,1274.0,706.1,7935.0,301.65,1859.0,3414.26,1158.44,92.581,100.2236,90.04
2024-04-10,14.7,14.6,14.5,14.37,13.85,13.49,13.24,13.29,13.5,13.95,14.34,14.85,89.433,82.877,72.249,78.848,64.656,306.48,164.74,7825.0,163.3,573.2,1277.2,709.2,7918.0,303.15,1849.0,3439.11,1159.39,92.7463,100.7473,89.79
2024-04-11,14.92,14.79,14.66,14.51,13.93,13.55,13.31,13.37,13.59,14.06,14.46,14.97,89.204,82.642,72.067,78.742,64.293,306.95,166.24,7836.5,161.48,575.25,1283.2,708.9,7880.5,306.5,1832.8,3439.53,1162.36,93.2198,101.2333,90.03
2024-04-12,14.93,14.76,14.61,14.47,13.98,13.63,13.35,13.36,13.56,14.04,14.46,15.02,89.276,82.773,72.125,78.652,64.415,307.1,164.83,7839.5,164.8,576.15,1283.0,714.9,7991.5,304.9,1831.6,3456.24,1165.53,93.7196,100.6793,91.25
2024-04-15,14.99,14.81,14.63,14.47,13.9,13.53,13.28,13.34,13.59,14.06,14.44,14.92,89.401,82.821,72.165,78.7,64.794,307.99,163.33,7920.5,162.34,589.75,1301.0,736.5,8248.5,311.35,1835.2,3472.19,1166.92,,,89.65
2024-04-16,14.81,14.59,14.43,14.32,14.02,13.7,13.4,13.4,13.6,14.07,14.48,15.01,89.353,82.889,72.0,78.524,64.595,308.29,164.38,7897.0,158.92,589.1,1292.8,728.2,8232.0,319.8,1831.2,3462.94,1155.46,93.5891,99.7934,90.35
2024-04-17,14.87,14.63,14.44,14.32,14.01,13.68,13.38,13.37,13.51,13.86,14.17,14.57,89.3,82.822,72.341,78.878,65.1,306.59,164.62,7886.0,159.42,584.35,1283.8,722.6,8160.0,317.85,1860.0,3454.07,1154.28,94.0742,99.9341,88.79
2024-04-18,15.22,14.87,14.58,14.35,13.81,13.5,13.31,13.4,13.65,14.0,14.24,14.5,89.351,82.838,72.499,78.87,65.154,307.99,165.4,7840.0,158.62,579.15,1279.2,715.3,8078.5,316.7,1863.6,3455.82,1160.6,94.3242,100.2787,87.21
2024-04-19,15.26,14.9,14.61,14.39,13.84,13.47,13.22,13.26,13.41,13.63,13.77,13.94,89.269,82.988,73.246,79.696,65.795,307.38,167.03,7835.5,158.66,585.35,1276.2,716.4,8181.5,318.2,1864.4,3470.88,1173.68,94.0922,100.5316,87.33
2024-04-22,15.0,14.88,14.76,14.61,13.99,13.57,13.26,13.26,13.38,13.58,13.73,13.93,89.288,82.961,72.997,79.196,65.39,314.99,166.77,7827.5,159.3,583.15,1264.4,711.4,8204.0,319.85,1879.0,3479.17,1174.17,,,87.1
2024-04-23,15.11,14.89,14.69,14.52,13.97,13.62,13.34,13.32,13.43,13.64,13.79,13.96,89.212,82.773,72.619,79.157,65.343,307.39,163.7,7840.0,156.58,580.85,1249.8,719.6,8211.5,311.0,1856.6,3439.42,1163.5,93.2519,99.3648,87.82
2024-04-24,15.05,14.83,14.64,14.48,14.01,13.66,13.37,13.34,13.42,13.63,13.8,14.0,89.296,82.701,72.619,79.088,65.27,307.94,162.86,7820.5,155.82,576.3,1251.4,717.6,8153.0,309.15,1864.0,3428.93,1171.06,93.2918,99.5609,88.1
2024-04-25,15.02,14.87,14.73,14.58,14.01,13.65,13.38,13.37,13.44,13.61,13.72,13.84,89.1,82.69,72.44,79.08,65.3,308.41,163.35,7827.5,157.52,579.8,1239.6,722.2,8122.0,309.4,1873.0,3439.76,1178.69,92.5058,98.9118,87.8
2024-04-26,14.95,14.85,14.75,14.63,14.15,13.79,13.51,13.51,13.61,13.81,13.95,14.12,88.934,82.444,71.891,78.49,64.5,309.0,162.46,7929.5,156.54,581.3,1236.6,718.8,8310.0,310.05,1871.2,3449.77,1186.79,92.1314,98.7079,89.44
2024-04-27,,,,,,,,,,,,,88.954,82.406,71.711,78.298,64.599,308.98,164.06,8002.5,156.04,581.2,1229.0,720.5,8235.0,312.4,1887.6,3465.85,1182.25,92.0134,98.7187,89.24
2024-04-29,14.48,14.47,14.45,14.41,14.15,13.88,13.61,13.54,13.54,13.66,13.8,14.03,89.02,82.6,71.911,78.254,64.718,308.97,164.03,8152.0,155.16,583.15,1228.6,720.6,8324.0,311.5,1931.0,3478.08,1177.42,,,88.54
2024-04-30,14.65,14.61,14.57,14.51,14.2,13.89,13.61,13.56,13.59,13.75,13.91,14.12,88.814,82.528,71.799,78.31,64.73,308.24,163.22,8085.5,153.9,582.0,1235.2,718.3,8405.0,309.95,1927.6,3469.83,1174.68,,,87.85
2024-05-02,15.12,15.04,14.96,14.86,14.4,14.02,13.67,13.59,13.61,13.78,13.95,14.19,88.755,82.504,71.501,78.15,64.329,307.37,157.75,8104.5,154.48,582.3,1231.0,719.7,8283.0,309.85,1904.2,3442.83,1177.96,,,83.75
2024-05-03,15.12,15.06,15.0,14.9,14.46,14.07,13.69,13.59,13.61,13.79,13.98,14.28,88.671,82.174,71.398,77.9,64.128,307.53,155.2,8075.5,154.4,582.3,1231.6,718.4,8259.5,308.85,1915.4,3441.77,1184.68,92.0538,98.6447,83.71
2024-05-06,15.24,15.18,15.11,15.0,14.45,14.02,13.66,13.61,13.67,13.9,14.12,14.43,88.687,82.076,71.38,77.747,63.993,306.01,153.64,8026.5,155.8,579.05,1221.4,715.1,8209.5,308.1,1898.0,3436.05,1186.2,,,83.84
2024-05-07,15.1,15.05,14.99,14.89,14.41,14.03,13.7,13.64,13.69,13.92,14.16,14.48,88.663,82.078,71.307,77.792,64.069,308.22,154.16,7722.5,154.44,579.95,1239.2,718.0,8267.0,308.45,1919.2,3427.61,1185.0,91.3124,98.473,83.36
2024-05-08,15.04,15.01,14.95,14.86,14.37,14.0,13.72,13.69,13.73,13.91,14.12,14.44,88.611,82.082,71.258,77.839,64.254,311.21,154.22,7714.0,153.82,578.5,1227.2,721.8,8247.0,310.7,1928.2,3432.54,1176.3,91.1231,98.3062,83.91
2024-05-10,15.3,15.2,15.09,14.96,14.42,14.02,13.69,13.63,13.69,13.92,14.14,14.47,88.69,82.038,71.44,77.947,64.27,313.49,154.58,7713.5,152.78,579.4,1229.2,728.9,8370.5,312.15,1960.0,3449.78,1178.02,,,83.87
2024-05-13,15.21,15.17,15.13,15.04,14.6,14.2,13.85,13.78,13.8,14.01,14.24,14.59,88.438,81.481,70.791,77.195,63.613,314.85,157.9,7689.0,152.04,589.45,1239.8,729.8,8313.0,313.1,1976.2,3457.11,1193.46,,,83.4
2024-05-14,14.99,15.02,15.01,14.96,14.6,14.32,14.08,14.02,14.01,14.15,14.36,14.72,88.16,81.05,70.148,76.403,62.815,318.12,156.16,7672.0,152.48,589.8,1227.2,731.2,8290.0,312.1,1967.2,3463.93,1194.63,91.633,98.8486,82.85
2024-05-15,15.02,15.01,14.98,14.92,14.6,14.37,14.12,14.01,13.94,13.98,14.1,14.4,88.249,81.261,70.503,76.594,63.0,319.7,156.97,7655.5,152.68,599.2,1222.8,739.7,8444.0,313.05,1970.6,3470.72,1200.49,91.3591,98.6682,82.7
2024-05-16,14.92,14.88,14.84,14.79,14.63,14.48,14.26,14.13,14.02,13.96,14.02,14.25,87.893,81.052,70.333,76.56,63.034,322.91,157.88,7715.0,152.6,592.6,1224.8,751.9,8355.0,312.6,1972.6,3486.26,1207.94,91.2573,98.8267,83.58
2024-05-17,14.83,14.81,14.79,14.77,14.63,14.49,14.27,14.14,14.01,13.93,13.96,14.13,87.934,81.0,70.155,76.476,62.91,323.16,155.17,7854.5,156.3,591.95,1221.0,746.5,8230.0,311.3,1970.2,3501.89,1211.87,90.9239,98.8978,83.75
2024-05-20,14.83,14.85,14.85,14.85,14.73,14.58,14.35,14.21,14.08,14.0,14.02,14.18,87.772,80.587,69.899,76.153,62.565,321.08,145.03,7834.5,151.88,591.9,1195.4,733.4,8145.5,309.7,1951.4,3468.09,1204.1,,,83.91
2024-05-21,14.87,14.92,14.96,14.97,14.9,14.73,14.47,14.3,14.16,14.08,14.09,14.24,87.409,80.152,69.448,75.862,62.3,320.64,139.54,7848.0,148.92,594.6,1176.0,734.2,8199.5,308.0,1968.4,3428.38,1199.26,90.6537,98.5842,82.78
2024-05-22,15.03,15.06,15.07,15.07,14.96,14.8,14.53,14.35,14.2,14.06,14.01,14.03,87.399,80.126,69.395,75.554,62.279,322.93,139.25,7820.0,150.0,596.85,1184.4,745.8,8090.0,307.55,2006.0,3444.64,1203.6,90.4082,98.2971,82.33
2024-05-23,14.97,15.08,15.18,15.23,15.18,15.0,14.71,14.53,14.37,14.23,14.17,14.19,87.02,79.689,68.48,75.2,61.655,323.54,134.69,7841.5,154.06,593.15,1164.8,743.4,8082.0,306.45,1997.6,3442.79,1204.89,90.1887,97.8989,81.75
2024-05-24,14.98,15.1,15.22,15.31,15.39,15.22,14.88,14.67,14.5,14.34,14.26,14.24,86.648,79.289,68.009,74.509,60.92,321.0,133.34,7720.0,153.04,585.1,1120.4,732.1,8057.0,304.1,1990.8,3396.5,1195.58,90.2486,97.8788,82.19
2024-05-27,15.21,15.39,15.55,15.64,15.62,15.36,14.98,14.79,14.65,14.49,14.39,14.3,86.202,79.024,67.266,73.937,60.006,317.09,128.42,7541.5,149.8,578.25,1130.8,713.0,7872.0,301.5,1942.6,3299.22,1173.92,,,83.19
2024-05-28,15.17,15.34,15.48,15.56,15.53,15.32,14.99,14.78,14.59,14.4,14.27,14.15,86.541,79.331,67.781,74.253,60.499,318.22,128.47,7590.0,149.62,573.0,1113.2,710.8,7818.5,300.85,1887.6,3302.91,1174.75,88.6852,96.3034,84.03
2024-05-29,15.31,15.54,15.74,15.84,15.8,15.54,15.13,14.9,14.73,14.56,14.45,14.33,86.464,79.1,67.605,74.14,60.071,320.38,128.89,7684.0,152.0,575.65,1117.8,715.2,7874.5,299.05,1928.2,3318.03,1167.72,88.4375,96.2383,83.62
2024-05-30,15.08,15.36,15.6,15.74,15.8,15.52,15.09,14.89,14.75,14.64,14.57,14.5,86.364,78.68,66.997,73.692,59.398,316.63,124.93,7567.0,146.5,566.4,1085.0,702.8,7692.5,292.95,1848.6,3282.18,1150.88,89.2589,96.891,82.52
2024-05-31,15.13,15.37,15.59,15.73,15.81,15.59,15.23,15.06,14.96,14.85,14.78,14.71,86.053,78.495,66.319,72.5,58.704,313.11,126.46,7355.5,139.98,556.65,1084.0,688.5,7072.0,282.95,1778.0,3217.19,1125.68,89.7869,97.1347,81.5
2024-06-03,15.1,15.38,15.63,15.79,15.89,15.69,15.35,15.14,14.96,14.8,14.71,14.6,86.337,78.484,66.678,73.155,59.369,310.95,124.14,7252.0,138.52,562.95,1073.6,685.5,6697.0,286.9,1840.2,3141.42,1111.55,,,78.75
2024-06-04,15.25,15.47,15.66,15.77,15.78,15.5,15.08,14.85,14.67,14.45,14.28,14.04,86.604,80.0,67.499,73.899,60.035,316.49,125.1,7426.0,140.8,568.95,1076.4,694.0,6828.5,296.7,1841.0,3186.93,1131.34,89.3755,96.8721,77.49
2024-06-05,14.88,15.37,15.64,15.77,15.7,15.41,15.0,14.79,14.62,14.46,14.37,14.3,86.528,78.975,67.672,73.745,60.337,314.72,124.02,7412.5,139.24,562.2,1057.8,691.6,6636.0,293.15,1833.8,3212.24,1140.37,88.7574,96.563,78.14
2024-06-06,14.99,15.48,15.75,15.89,15.79,15.47,15.02,14.79,14.61,14.45,14.37,14.3,86.37,78.957,67.641,73.729,60.176,313.08,123.6,7398.0,141.8,566.3,1038.4,692.9,6692.0,293.1,1826.8,3192.38,1131.97,88.7436,96.4443,79.97
2024-06-07,14.96,15.36,15.61,15.75,15.78,15.52,15.05,14.78,14.57,14.39,14.3,14.2,86.629,79.21,67.625,73.886,60.389,319.9,122.78,7489.0,143.28,571.65,1034.4,695.7,6744.0,295.9,1841.4,3233.22,1143.22,88.7604,96.5698,79.93
2024-06-10,15.02,15.4,15.64,15.79,15.86,15.66,15.28,15.06,14.89,14.73,14.65,14.58,86.32,78.744,66.893,73.284,59.4,317.28,119.0,7315.0,139.14,563.25,1026.0,686.3,6580.0,289.95,1852.6,3180.94,1130.91,,,81.28
2024-06-11,14.78,15.17,15.44,15.62,15.82,15.69,15.34,15.09,14.89,14.7,14.6,14.52,86.413,78.601,66.823,73.493,59.858,317.8,117.53,7290.0,138.86,562.85,1078.0,693.2,6486.0,288.25,1832.2,3171.1,1119.51,88.9944,95.6367,82.2
2024-06-13,14.99,15.39,15.66,15.82,15.94,15.75,15.38,15.17,14.99,14.83,14.74,14.66,86.352,78.549,66.511,73.234,59.277,317.71,119.63,7178.5,139.18,555.5,1047.0,678.0,6491.0,290.9,1837.4,3171.69,1132.72,,,82.26
2024-06-14,15.14,15.53,15.77,15.92,15.95,15.73,15.34,15.13,14.97,14.84,14.78,14.74,86.333,78.698,66.741,73.198,59.2,319.35,121.65,7368.0,140.3,565.1,1089.6,695.3,6620.0,292.8,1836.4,3215.91,1137.45,88.208,94.8324,82.68
2024-06-17,15.24,15.73,16.05,16.23,16.33,16.09,15.64,15.39,15.18,14.99,14.88,14.8,86.01,78.12,65.616,72.25,58.19,317.65,121.54,7203.0,138.54,566.7,1065.0,688.3,6619.5,289.8,1821.2,3183.68,1126.25,,,83.19
2024-06-18,15.36,15.9,16.24,16.42,16.48,16.2,15.73,15.48,15.28,15.13,15.06,14.98,85.586,77.864,65.335,71.806,57.933,314.34,118.02,7036.0,136.26,554.45,1033.2,679.8,6556.5,286.65,1555.6,3114.15,1127.16,89.0499,95.3906,85.1
2024-06-19,15.7,16.24,16.56,16.72,16.64,16.29,15.78,15.51,15.31,15.17,15.1,15.03,85.04,77.315,65.307,71.567,57.557,310.7,113.85,6885.0,134.0,536.0,1056.0,657.2,6579.0,284.0,1504.8,3027.47,1154.23,87.0354,93.2994,85.43
2024-06-20,15.6,16.15,16.5,16.7,16.79,16.51,15.98,15.68,15.45,15.27,15.18,15.08,84.761,77.312,64.692,71.199,57.429,314.15,115.92,7112.5,136.32,555.0,1054.8,688.0,6572.0,290.0,1579.2,3123.43,1151.93,82.6282,89.0914,85.54
2024-06-21,15.54,16.01,16.34,16.56,16.78,16.56,16.0,15.61,15.29,15.03,14.9,14.76,84.873,77.635,65.325,71.598,57.918,314.14,115.4,7084.0,134.0,550.05,1040.0,688.2,6457.0,286.0,1575.8,3114.35,1115.39,85.4176,91.4543,85.64
2024-06-24,15.48,15.99,16.34,16.56,16.77,16.52,15.93,15.55,15.22,14.93,14.77,14.64,84.983,77.649,65.294,71.542,58.15,317.25,113.67,7051.5,130.24,547.45,1043.2,681.1,6281.0,289.2,1547.6,3098.05,1117.0,,,85.92
2024-06-25,15.52,16.01,16.34,16.55,16.7,16.42,15.83,15.45,15.13,14.88,14.75,14.61,85.455,78.278,65.72,72.019,58.76,319.8,114.97,7204.0,131.18,558.5,1056.4,694.4,6390.0,292.5,1555.6,3111.39,1123.04,87.373,94.0759,85.54
2024-06-26,15.28,15.76,16.08,16.28,16.4,16.13,15.58,15.25,14.99,14.74,14.61,14.49,85.617,78.142,66.001,72.477,58.859,324.55,117.0,7275.0,130.8,561.2,1056.4,701.5,6375.0,290.5,1542.0,3151.7,1130.73,87.277,93.7347,84.83
2024-06-27,15.59,16.06,16.36,16.53,16.54,16.21,15.62,15.28,15.01,14.8,14.68,14.55,85.612,78.488,66.553,72.501,59.011,327.16,115.65,7227.0,129.32,559.8,1048.4,702.7,6340.5,292.0,1549.4,3150.32,1168.05,87.8064,94.1131,85.98
2024-06-28,15.89,16.37,16.64,16.76,16.61,16.21,15.63,15.33,15.11,14.93,14.83,14.73,85.429,77.904,66.183,72.595,58.6,327.15,115.94,7211.0,129.92,565.25,1091.8,699.9,6369.0,290.9,1549.8,3154.36,1158.85,84.964,90.9874,86.49
2024-07-01,15.79,16.33,16.59,16.68,16.42,16.03,15.55,15.31,15.14,15.01,14.94,14.88,85.578,77.9,66.443,72.3,58.797,327.1,121.4,7326.0,132.5,576.9,1097.0,710.9,6558.0,296.45,1577.2,3186.19,1149.77,,,86.48
2024-07-02,15.86,16.37,16.63,16.72,16.47,16.06,15.56,15.31,15.14,15.02,14.96,14.89,85.568,78.101,66.102,72.374,58.64,328.37,126.2,7309.5,134.38,573.0,1134.6,710.4,6592.0,295.2,1569.8,3217.29,1151.82,87.2972,93.9582,86.93
2024-07-03,15.55,16.05,16.34,16.48,16.41,16.08,15.58,15.32,15.12,14.95,14.86,14.79,85.707,78.568,66.434,72.301,58.584,328.2,124.96,7230.5,132.66,573.9,1101.4,704.1,6530.0,292.2,1562.8,3203.07,1147.28,87.9921,93.695,86.64
2024-07-04,15.53,16.05,16.36,16.53,16.53,16.22,15.71,15.43,15.22,15.1,15.03,14.94,85.408,77.57,65.906,72.295,58.134,324.66,122.17,7109.5,130.38,561.35,1088.2,699.1,6470.0,288.55,1522.2,3133.81,1120.31,87.9506,94.5829,87.7
2024-07-05,15.7,16.41,16.79,16.95,16.74,16.31,15.77,15.51,15.32,15.18,15.12,15.05,85.378,77.611,65.58,71.57,57.639,325.0,126.74,7201.0,134.34,555.85,1096.6,692.1,6435.0,289.9,1529.6,3149.29,1125.66,88.1205,94.9836,87.85
2024-07-08,15.49,16.21,16.62,16.82,16.76,16.37,15.83,15.55,15.35,15.19,15.11,15.02,85.444,77.649,65.4,71.567,57.565,324.07,127.74,7097.0,132.52,560.1,1082.6,695.3,6392.0,289.75,1523.2,3132.58,1119.25,,,86.21
2024-07-09,15.55,16.23,16.64,16.86,16.87,16.49,15.91,15.61,15.38,15.2,15.1,14.99,85.354,77.553,65.57,71.392,57.398,319.99,124.05,6941.0,129.14,524.6,1062.2,660.5,6136.0,280.2,1451.4,3054.07,1093.26,88.1688,95.6624,85.56
2024-07-10,15.33,16.04,16.48,16.74,16.84,16.52,15.98,15.69,15.46,15.26,15.16,15.06,85.13,77.232,65.0,71.068,57.024,316.68,117.81,6689.0,124.3,502.5,1013.0,635.1,5835.5,264.7,1393.6,2975.75,1067.01,88.0031,95.3447,85.73
2024-07-11,15.68,16.42,16.82,17.02,16.9,16.48,15.92,15.64,15.44,15.3,15.24,15.17,85.161,77.004,65.129,71.362,57.1,295.87,121.75,6969.5,126.1,526.7,1045.8,650.4,6241.5,276.4,1474.6,2992.21,1071.29,87.8551,95.3206,85.8
2024-07-12,15.95,16.65,17.03,17.2,17.04,16.61,16.03,15.74,15.52,15.37,15.29,15.21,85.089,76.936,64.835,71.145,56.72,292.21,119.65,6908.0,125.26,527.4,1024.8,653.9,6215.0,270.45,1471.6,2973.21,1067.47,87.988,95.6817,85.65
2024-07-15,15.42,16.19,16.68,16.99,17.2,16.9,16.31,15.98,15.72,15.51,15.4,15.28,84.934,76.35,64.4,70.74,56.379,284.38,119.28,6827.0,122.76,508.0,1003.8,643.8,5890.0,260.6,1422.0,2913.48,1045.25,,,85.23
2024-07-16,15.37,16.07,16.56,16.9,17.33,17.16,16.59,16.19,15.84,15.55,15.4,15.26,84.891,76.22,63.8,69.653,56.161,285.25,124.74,6881.0,126.1,516.9,1021.6,648.5,5912.0,220.85,1448.0,2944.86,1050.83,87.8077,95.7849,84.25
2024-07-17,14.83,15.71,16.31,16.71,17.19,17.02,16.54,16.24,16.02,15.83,15.72,15.61,85.17,76.4,63.665,69.425,55.742,284.68,124.46,6814.0,125.26,510.45,1034.6,650.2,5790.0,222.7,1413.4,2947.24,1054.01,88.2824,96.2637,85.08
2024-07-18,15.13,15.88,16.39,16.73,17.15,16.95,16.36,15.97,15.67,15.42,15.29,15.13,85.0,76.902,64.804,70.502,56.994,289.83,129.81,6931.5,128.3,517.25,1074.0,661.7,6006.5,229.0,1471.8,2980.62,1068.51,88.0872,96.3046,85.4
2024-07-19,15.22,15.69,16.04,16.3,16.76,16.73,16.32,15.97,15.67,15.42,15.27,15.1,84.97,76.6,64.879,70.35,56.8,289.9,130.88,6913.0,128.5,524.15,1085.8,662.7,6113.0,238.25,1502.8,3008.24,1076.63,87.8754,96.1018,84.25
2024-07-22,15.22,15.77,16.16,16.43,16.81,16.68,16.17,15.8,15.5,15.24,15.12,15.0,85.087,76.65,65.282,70.826,57.299,294.71,131.61,7008.0,129.88,531.85,1102.4,663.2,6079.5,239.5,1460.0,3024.54,1085.43,,,82.56
2024-07-23,15.52,16.12,16.53,16.8,17.08,16.86,16.31,15.94,15.64,15.41,15.3,15.18,84.911,76.298,64.462,70.192,56.489,294.39,134.07,6973.0,128.08,530.55,1086.6,663.6,6039.5,239.95,1465.0,3028.01,1092.67,87.7805,95.7591,80.97
2024-07-24,15.88,16.41,16.75,16.96,17.07,16.77,16.18,15.82,15.53,15.28,15.16,15.05,84.918,76.064,64.65,70.545,57.207,295.69,136.73,6939.5,130.86,532.25,1085.8,667.5,5934.0,239.85,1448.0,3051.76,1110.77,87.299,95.4598,81.91
2024-07-25,16.08,16.49,16.75,16.9,16.9,16.61,16.07,15.76,15.5,15.3,15.2,15.1,84.9,76.036,65.207,70.9,57.4,296.37,135.1,6902.5,129.56,532.45,1090.4,657.6,5902.5,237.8,1449.0,3041.37,1121.76,86.5502,94.3758,81.95
2024-07-26,16.61,16.89,17.08,17.2,17.28,17.07,16.57,16.22,15.92,15.66,15.51,15.37,84.805,76.052,64.1,69.652,56.051,293.3,135.0,6890.0,126.46,521.4,1067.2,650.3,5932.0,230.8,1443.6,2993.23,1102.01,85.41,93.1711,80.83
2024-07-29,16.19,16.51,16.75,16.92,17.17,17.09,16.71,16.4,16.11,15.83,15.68,15.57,84.72,76.0,63.502,69.48,55.612,286.58,130.99,6727.5,125.2,503.2,1020.8,646.7,5757.5,225.1,1406.2,2906.95,1057.99,,,79.93
2024-07-30,15.82,16.26,16.59,16.81,17.09,16.95,16.48,16.14,15.86,15.6,15.47,15.32,85.08,76.393,64.309,70.246,56.21,290.0,132.4,6805.5,127.92,513.95,1048.6,641.6,5797.5,227.35,1421.0,2944.78,1074.56,86.5554,94.1381,78.69
2024-07-31,16.28,16.8,17.09,17.23,17.09,16.7,16.15,15.87,15.68,15.53,15.44,15.35,85.055,76.85,65.467,70.9,56.686,289.3,133.31,6759.5,130.16,515.95,1043.6,638.8,5750.5,229.95,1423.4,2942.68,1076.55,86.33,93.2947,80.69
2024-08-01,16.11,16.53,16.8,16.96,17.02,16.71,16.1,15.72,15.42,15.18,15.04,14.89,85.37,77.0,65.564,70.75,57.033,287.21,132.05,6687.0,128.64,506.4,1029.0,630.9,5690.5,226.45,1411.0,2935.69,1078.07,86.1091,93.5149,80.8
2024-08-02,16.16,16.52,16.77,16.93,17.06,16.82,16.22,15.79,15.45,15.16,14.99,14.81,85.413,76.947,65.5,70.858,56.999,286.04,131.45,6591.0,128.0,504.8,1018.4,622.9,5639.0,225.0,1405.6,2899.0,1065.6,85.7833,92.8499,78.33
2024-08-05,16.14,16.58,16.87,17.03,17.05,16.74,16.18,15.83,15.55,15.32,15.2,15.09,85.301,76.99,65.133,70.556,56.604,275.49,127.25,6417.5,123.92,493.9,1005.2,608.8,5505.0,220.3,1373.4,2828.72,1049.01,,,77.4
2024-08-06,16.16,16.48,16.71,16.87,17.03,16.82,16.23,15.78,15.38,15.02,14.84,14.65,85.408,77.353,65.849,71.18,57.339,279.4,128.7,6447.0,124.88,496.15,1010.2,607.1,5482.0,222.25,1372.4,2830.75,1047.09,84.9471,93.0409,77.6
2024-08-07,16.47,16.72,16.89,16.99,17.01,16.73,16.06,15.56,15.1,14.72,14.52,14.31,85.642,77.955,66.316,71.5,58.12,282.2,129.84,6505.0,124.6,508.45,1012.0,623.6,5565.5,223.5,1390.0,2874.94,1053.66,85.1646,93.0265,78.99
2024-08-08,16.4,16.59,16.72,16.81,16.82,16.57,15.92,15.39,14.89,14.42,14.16,13.91,86.199,78.279,67.349,72.359,58.865,281.09,128.14,6410.5,122.88,503.2,1018.0,613.8,5464.5,223.2,1377.6,2852.51,1038.1,85.9543,93.8419,79.1
2024-08-09,16.62,16.76,16.85,16.9,16.83,16.54,15.85,15.31,14.78,14.28,14.02,13.77,86.311,78.554,67.317,72.647,59.33,281.44,128.64,6408.5,123.46,505.7,1015.0,610.0,5508.0,222.55,1383.6,2848.29,1036.57,86.5621,94.1333,79.8
2024-08-12,16.6,16.74,16.83,16.87,16.79,16.49,15.83,15.33,14.87,14.45,14.23,14.02,86.17,78.07,66.948,72.378,58.85,280.74,128.71,6448.5,125.7,501.7,1035.0,604.5,5510.5,222.55,1391.4,2844.77,996.32,,,81.25
2024-08-13,16.72,16.84,16.91,16.95,16.82,16.5,15.83,15.33,14.86,14.42,14.18,13.96,86.094,78.189,67.14,72.38,59.361,283.92,130.49,6444.5,127.82,502.5,1055.0,609.1,5631.5,224.95,1402.0,2884.6,980.7,89.9475,96.6852,81.19
2024-08-14,16.65,16.86,16.96,16.97,16.66,16.21,15.54,15.21,14.99,14.79,14.66,14.52,86.0,77.629,66.685,72.348,58.65,280.32,129.84,6385.0,125.76,495.8,1035.6,613.1,5559.0,222.5,1388.8,2871.11,1004.9,92.6592,100.559,80.64
2024-08-15,16.98,17.23,17.32,17.31,16.91,16.46,15.87,15.58,15.37,15.24,15.17,15.07,85.569,77.818,65.0,71.88,57.898,278.01,127.6,6347.0,125.0,493.75,1029.0,608.5,5480.0,222.6,1382.0,2838.11,1006.88,90.0055,100.3139,81.3
2024-08-16,16.92,17.1,17.2,17.25,17.12,16.8,16.15,15.72,15.36,15.05,14.88,14.69,85.627,77.496,65.57,72.38,58.216,274.6,126.36,6239.5,125.88,489.7,1008.4,600.8,5371.0,218.7,1375.0,2828.2,1002.12,88.796,98.3232,80.08
2024-08-19,16.81,17.02,17.15,17.22,17.14,16.83,16.2,15.77,15.39,15.07,14.9,14.72,85.419,77.723,64.906,71.403,57.73,268.17,126.29,6138.5,126.0,483.7,1019.8,591.6,5241.0,216.5,1342.8,2775.64,976.5,,,79.28
2024-08-20,16.63,16.97,17.19,17.32,17.27,16.91,16.22,15.79,15.43,15.15,15.0,14.84,85.492,77.498,64.98,71.437,57.544,266.2,125.85,6147.5,124.18,481.5,1006.0,586.9,5244.0,212.8,1338.0,2768.42,961.6,89.5428,98.9355,77.66
2024-08-21,16.94,17.23,17.39,17.46,17.26,16.84,16.16,15.77,15.45,15.19,15.06,14.91,85.559,77.1,64.497,71.1,57.504,266.93,123.38,6309.5,121.44,480.95,995.4,603.5,5211.0,207.15,1321.0,2768.14,951.1,90.6944,100.204,77.56
2024-08-22,17.06,17.32,17.47,17.55,17.4,17.0,16.25,15.77,15.37,15.04,14.87,14.68,85.422,76.504,64.325,71.121,57.158,261.6,118.51,6419.0,118.9,475.8,950.4,601.7,5088.5,195.0,1292.8,2725.75,940.61,91.6862,101.9508,77.52
2024-08-23,16.39,17.41,17.9,18.08,17.65,17.02,16.29,15.95,15.67,15.44,15.33,15.25,85.239,76.39,63.394,69.977,56.429,259.5,116.81,6428.0,113.04,478.75,924.8,596.6,4948.5,195.35,1253.2,2662.47,915.64,91.2881,101.6207,79.0
2024-08-26,17.12,17.96,18.35,18.47,17.93,17.24,16.41,16.01,15.68,15.45,15.34,15.21,85.179,76.367,63.9,70.547,57.0,265.39,126.8,6645.0,118.44,489.55,1011.2,607.8,5138.0,201.15,1318.6,2763.75,948.67,,,81.18
2024-08-27,17.24,17.9,18.17,18.21,17.63,17.03,16.36,16.03,15.75,15.51,15.4,15.32,85.144,76.548,63.659,70.414,56.495,260.5,124.47,6526.5,112.9,477.5,986.4,611.6,4998.0,197.85,1275.2,2730.38,940.23,91.7745,102.4927,80.16
2024-08-28,17.27,17.88,18.17,18.24,17.77,17.17,16.45,16.09,15.82,15.6,15.49,15.41,85.118,76.398,63.599,70.185,56.4,262.47,124.51,6389.0,112.1,479.05,978.8,604.1,4926.0,196.6,1275.4,2699.98,930.12,91.4807,102.2911,79.03
2024-08-29,17.06,17.7,18.05,18.18,17.85,17.27,16.49,16.1,15.79,15.54,15.41,15.28,84.913,76.16,63.467,70.055,56.303,260.31,130.27,6324.0,111.34,482.95,997.8,599.0,4999.0,198.15,1268.2,2708.27,932.88,91.4449,102.0798,79.75
2024-08-30,17.4,17.92,18.22,18.35,18.11,17.55,16.68,16.18,15.78,15.5,15.37,15.22,84.707,75.624,62.75,69.791,55.701,254.45,122.97,6145.0,108.58,475.85,977.2,590.0,4720.0,191.7,1225.0,2650.32,915.6,91.4548,101.7714,78.86
2024-09-02,17.51,18.05,18.34,18.45,18.13,17.54,16.69,16.23,15.88,15.64,15.53,15.41,84.677,75.702,62.255,69.986,55.268,244.31,123.86,6115.0,103.12,455.05,958.0,565.0,4595.0,185.9,1172.0,2545.07,890.82,,,77.38
2024-09-03,17.59,18.13,18.43,18.55,18.25,17.64,16.74,16.26,15.88,15.63,15.5,15.35,84.853,75.869,62.565,69.792,55.518,244.04,120.6,6184.0,104.02,468.85,952.6,564.1,4610.0,189.3,1176.2,2524.38,897.44,90.0013,99.2613,74.67
2024-09-04,17.61,18.07,18.32,18.41,18.05,17.44,16.53,16.03,15.61,15.25,15.07,14.9,85.215,76.05,64.3,70.378,56.807,253.01,122.46,6265.0,106.72,477.75,966.8,583.4,4705.0,191.35,1235.6,2605.15,922.85,88.6118,97.8121,73.86
2024-09-05,17.51,17.99,18.25,18.36,18.02,17.38,16.38,15.8,15.33,14.93,14.72,14.5,84.7,75.639,64.214,70.796,57.786,252.82,123.76,6272.0,104.88,477.15,949.2,581.2,4712.5,194.3,1236.0,2621.62,920.65,88.9288,98.0725,73.71
2024-09-06,17.28,17.74,18.04,18.2,18.1,17.55,16.43,15.7,15.08,14.55,14.27,13.97,84.77,76.103,64.712,71.494,58.4,254.77,123.0,6332.0,107.04,479.1,964.4,588.9,4756.0,193.55,1244.0,2623.37,920.06,89.7044,99.1927,71.71
2024-09-09,17.28,17.62,17.84,17.97,17.93,17.48,16.49,15.76,15.1,14.51,14.18,13.85,84.97,76.225,64.735,70.95,58.394,263.31,125.04,6520.0,108.1,493.8,994.6,610.5,4910.0,198.9,1313.0,2703.17,942.14,,,71.93
2024-09-10,17.54,17.84,18.04,18.14,18.0,17.51,16.54,15.87,15.29,14.8,14.54,14.26,85.0,76.3,63.937,70.327,57.59,261.29,123.44,6435.0,105.96,482.35,986.0,595.8,4883.0,198.95,1254.2,2671.38,923.63,90.3853,99.9067,69.4
2024-09-11,17.39,17.71,17.91,18.0,17.83,17.33,16.4,15.78,15.26,14.82,14.6,14.38,84.747,76.212,63.725,70.498,57.199,258.2,121.62,6413.5,103.6,477.75,964.2,590.7,4793.5,196.2,1201.2,2668.03,920.93,91.1127,100.4995,70.64
2024-09-12,17.56,17.95,18.19,18.32,18.2,17.7,16.71,16.07,15.52,15.08,14.86,14.62,84.702,76.3,63.56,69.924,56.961,254.93,118.78,6448.0,101.5,488.45,956.0,593.4,4725.5,195.3,1208.4,2615.0,904.16,91.2653,100.7421,72.59
2024-09-13,18.4,18.56,18.64,18.66,18.38,17.86,16.85,16.13,15.48,14.97,14.73,14.49,84.798,75.64,63.361,69.666,56.914,258.25,119.91,6624.5,102.62,498.0,968.6,607.3,4998.0,196.0,1233.8,2678.99,928.07,91.1096,100.3907,72.71
2024-09-16,18.36,18.49,18.56,18.58,18.35,17.9,16.95,16.23,15.55,14.98,14.68,14.37,84.341,75.55,63.396,69.68,57.095,263.79,121.73,6820.5,106.44,516.3,985.0,621.2,5359.5,207.5,1265.0,2744.2,948.5,,,72.86
2024-09-17,18.62,18.74,18.8,18.8,18.51,18.01,17.03,16.3,15.63,15.06,14.77,14.47,84.399,75.185,62.859,69.331,56.59,265.99,123.1,6803.0,106.82,517.95,993.6,635.4,5694.5,209.55,1294.4,2774.04,955.8,91.1423,101.2789,73.8
2024-09-18,18.69,18.8,18.86,18.87,18.62,18.16,17.19,16.46,15.75,15.15,14.84,14.54,83.757,75.438,62.709,69.243,56.481,263.4,122.18,6745.5,106.22,510.25,984.8,626.8,5597.5,204.9,1272.0,2751.73,945.61,91.4292,101.5057,73.11
2024-09-19,18.51,18.62,18.69,18.71,18.54,18.15,17.27,16.54,15.81,15.16,14.81,14.47,83.912,75.0,62.613,68.936,55.941,264.5,122.24,6811.0,111.2,512.55,997.4,624.2,5605.0,206.4,1273.8,2758.91,937.6,91.6712,102.039,75.07
2024-09-20,18.43,18.54,18.6,18.62,18.49,18.14,17.3,16.58,15.8,15.06,14.66,14.25,84.0,75.099,62.658,68.878,56.174,269.08,122.4,6897.5,109.42,528.15,1002.0,631.7,5919.5,204.8,1319.0,2782.35,946.7,92.6962,103.249,74.64
2024-09-23,18.51,18.61,18.66,18.68,18.53,18.16,17.29,16.56,15.78,15.02,14.62,14.22,84.1,74.9,62.553,68.84,55.978,273.17,130.35,6982.5,110.34,526.1,1001.4,641.1,5874.5,205.35,1309.6,2819.87,956.01,,,73.96
2024-09-24,18.64,18.72,18.76,18.76,18.56,18.16,17.25,16.48,15.68,14.94,14.55,14.12,84.065,74.895,62.803,69.313,56.182,272.92,139.71,6954.5,115.22,522.1,1040.2,642.0,5848.0,209.6,1302.2,2871.96,974.27,92.92,103.2191,74.96
2024-09-25,18.63,18.71,18.75,18.76,18.55,18.13,17.21,16.45,15.68,14.95,14.56,14.15,84.101,74.848,63.203,68.909,56.527,267.8,135.44,6867.0,114.02,512.4,1023.8,640.0,5763.5,206.2,1287.8,2830.11,965.0,92.8622,103.41,74.31
2024-09-26,18.88,18.94,18.97,18.96,18.68,18.21,17.24,16.48,15.73,15.03,14.66,14.28,84.103,74.223,62.924,68.699,56.294,267.88,137.35,6890.0,115.48,512.7,1015.6,639.5,5789.5,206.8,1271.0,2829.65,964.64,92.388,103.4758,71.82
2024-09-27,19.03,19.08,19.09,19.07,18.79,18.34,17.37,16.58,15.78,15.04,14.64,14.23,83.724,74.074,62.587,68.556,56.045,268.07,140.5,6914.5,115.4,511.0,1025.6,644.0,5759.0,206.7,1288.4,2858.56,971.29,92.4074,103.1931,71.89
2024-09-30,19.49,19.5,19.48,19.43,19.05,18.52,17.47,16.65,15.85,15.1,14.68,14.24,83.639,73.986,62.5,68.401,55.852,268.49,138.19,6874.0,113.04,507.4,1004.2,641.4,5667.0,206.6,1257.6,2857.56,965.64,,,71.83
2024-10-01,19.64,19.66,19.63,19.58,19.14,18.57,17.49,16.67,15.87,15.18,14.83,14.48,83.598,73.568,62.998,67.947,55.483,266.29,136.21,6969.0,110.6,509.75,1007.8,646.6,5244.0,208.3,1272.0,2814.19,949.6,93.2221,104.1735,74.66
2024-10-02,19.5,19.52,19.51,19.47,19.12,18.62,17.6,16.8,16.02,15.32,14.93,14.52,83.3,73.1,62.283,67.55,55.098,259.31,132.12,6816.5,107.84,499.95,980.2,649.7,5056.0,204.8,1247.8,2766.79,922.28,93.3581,103.6502,74.29
2024-10-03,19.76,19.77,19.76,19.71,19.33,18.81,17.78,16.98,16.18,15.45,15.07,14.68,83.295,72.999,61.729,67.139,55.081,264.25,133.87,6956.0,106.46,500.0,993.6,649.0,5099.5,206.3,1241.8,2782.39,922.39,94.5054,104.4481,76.83
2024-10-04,19.75,19.82,19.84,19.82,19.47,18.92,17.8,16.94,16.13,15.44,15.09,14.74,83.189,72.699,61.51,67.187,55.159,264.09,133.32,7009.0,106.96,501.9,999.8,659.1,5076.0,207.4,1236.0,2804.62,931.29,95.0262,104.8664,78.47
2024-10-07,19.73,19.83,19.89,19.89,19.63,19.13,18.02,17.15,16.31,15.58,15.2,14.8,82.971,72.339,61.003,66.7,54.446,263.39,133.5,7055.0,106.22,503.5,993.6,661.9,5069.5,205.55,1221.0,2793.84,916.17,,,80.45
2024-10-08,19.34,19.48,19.57,19.61,19.48,19.07,18.08,17.24,16.37,15.55,15.12,14.69,82.813,72.618,60.839,66.52,54.126,262.4,133.83,6973.5,106.4,501.8,985.8,622.6,4930.0,205.85,1239.0,2788.37,913.97,96.0649,105.3069,77.55
2024-10-09,19.44,19.58,19.66,19.7,19.55,19.13,18.12,17.27,16.39,15.56,15.12,14.69,82.865,72.35,60.63,66.48,53.937,260.86,132.51,6883.5,103.82,495.85,976.8,613.2,4889.5,206.6,1224.0,2748.81,893.19,96.1079,105.6891,76.8
2024-10-10,19.31,19.44,19.52,19.56,19.44,19.05,18.08,17.22,16.3,15.44,15.0,14.58,83.139,72.584,61.462,66.585,54.547,259.98,132.69,6857.0,103.48,497.75,985.6,618.8,4968.0,205.95,1228.2,2761.54,894.64,96.9483,106.4175,78.78
2024-10-11,19.17,19.31,19.4,19.44,19.34,18.96,18.0,17.14,16.23,15.35,14.9,14.46,83.25,72.695,61.354,67.088,54.438,256.94,131.82,6837.0,101.56,492.15,957.8,614.3,4902.0,205.55,1221.0,2754.52,903.24,97.2394,106.5074,79.06
2024-10-14,19.16,19.31,19.41,19.47,19.38,19.0,18.01,17.14,16.2,15.3,14.81,14.32,83.389,72.799,61.484,67.139,54.72,261.28,131.92,6931.5,105.5,496.0,969.4,610.6,4923.5,206.2,1248.4,2773.36,909.1,,,77.34
2024-10-15,19.14,19.31,19.42,19.48,19.41,19.04,18.05,17.17,16.24,15.39,14.94,14.47,83.402,72.797,61.657,67.149,54.433,262.03,133.97,6991.0,108.5,498.4,974.2,608.6,5007.0,207.45,1242.4,2805.79,911.11,96.1021,105.4854,74.13
2024-10-16,18.96,19.14,19.28,19.36,19.36,19.02,18.02,17.14,16.24,15.41,14.98,14.55,83.68,73.074,61.729,67.212,54.627,259.5,137.24,6980.0,106.82,496.45,970.6,603.1,4970.0,206.25,1243.2,2783.46,901.58,97.0121,105.6757,74.1
2024-10-17,18.89,19.1,19.24,19.34,19.37,19.04,18.08,17.21,16.3,15.48,15.06,14.64,83.29,72.999,61.41,67.153,54.35,256.57,136.05,6931.5,104.2,486.95,958.6,593.0,4882.5,204.1,1191.0,2763.53,896.12,97.2568,106.0844,74.31
2024-10-18,19.04,19.24,19.39,19.48,19.47,19.09,18.05,17.14,16.25,15.47,15.07,14.66,83.395,72.848,61.252,67.18,54.0,257.19,135.67,6963.0,104.26,487.8,956.6,595.8,4861.0,204.45,1192.2,2751.9,899.12,97.149,105.756,73.18
2024-10-21,19.26,19.46,19.59,19.67,19.61,19.2,18.1,17.15,16.2,15.37,14.93,14.48,83.25,72.7,61.279,66.901,54.199,258.21,135.97,7020.0,106.14,484.7,958.4,595.2,4818.0,205.2,1189.8,2767.71,907.34,,,74.05
2024-10-22,19.74,19.94,20.06,20.13,19.97,19.45,18.18,17.12,16.11,15.28,14.88,14.46,83.118,72.649,61.15,66.822,54.256,255.42,136.24,6950.0,105.82,479.0,960.6,592.9,4814.0,200.75,1192.4,2755.19,898.57,96.0924,104.4016,76.0
2024-10-23,19.57,19.81,19.97,20.05,19.95,19.44,18.15,17.06,16.03,15.19,14.79,14.36,82.966,72.514,61.396,66.661,54.29,252.01,134.76,6920.0,104.16,469.0,928.8,587.0,4730.0,198.35,1172.0,2734.93,891.54,96.5918,104.866,75.26
2024-10-24,19.7,19.98,20.16,20.27,20.17,19.66,18.34,17.24,16.17,15.28,14.83,14.37,82.848,72.448,60.983,66.478,54.159,252.64,134.12,6958.5,105.12,469.75,922.0,586.6,4673.5,197.9,1173.8,2718.42,885.22,96.6379,104.3815,74.57
2024-10-25,20.53,20.77,20.92,20.98,20.75,20.14,18.71,17.55,16.42,15.46,14.99,14.5,82.595,72.05,60.266,65.32,53.605,246.35,133.0,6750.5,101.34,456.1,903.4,572.4,4504.5,193.6,1144.2,2660.36,866.98,96.7402,104.5139,76.09
2024-10-28,20.57,20.8,20.95,21.02,20.88,20.37,19.04,17.89,16.71,15.71,15.2,14.67,81.947,71.458,59.413,64.596,52.82,242.56,124.87,6733.5,96.1,434.75,868.4,542.4,4376.0,188.9,1102.8,2575.06,834.31,,,71.91
2024-10-29,20.53,20.75,20.9,20.98,20.84,20.31,19.01,17.9,16.77,15.76,15.23,14.68,81.996,71.71,59.297,64.454,52.549,242.66,125.97,6837.0,99.74,442.35,865.4,547.2,4404.0,186.6,1126.4,2599.66,841.45,97.23,105.2229,71.03
2024-10-30,20.54,20.73,20.84,20.9,20.72,20.19,18.91,17.81,16.68,15.68,15.15,14.59,81.899,71.798,59.368,64.75,52.6,241.45,123.8,6792.0,97.54,439.05,862.0,538.3,4408.0,185.1,1107.0,2615.38,848.92,97.3261,105.4375,72.71
2024-10-31,21.72,21.81,21.85,21.83,21.39,20.71,19.26,18.08,16.89,15.83,15.28,14.7,81.278,70.943,58.739,63.675,52.119,237.9,123.44,6794.5,99.0,434.1,843.8,536.0,4486.0,182.35,1085.6,2560.2,831.27,97.053,105.2211,73.36
2024-11-01,21.68,21.75,21.77,21.74,21.3,20.62,19.2,18.04,16.84,15.76,15.2,14.62,81.342,71.194,58.766,63.944,52.383,238.03,125.6,6844.5,99.16,444.35,854.6,536.0,4529.5,185.45,1103.2,2574.71,832.4,97.0226,105.5231,74.02
2024-11-02,,,,,,,,,,,,,81.334,71.214,58.75,63.95,52.379,238.97,128.7,6842.0,100.8,457.0,868.0,550.5,4520.0,187.0,1113.0,2594.38,837.81,97.4402,105.8415,73.45
2024-11-05,21.76,21.8,21.79,21.74,21.25,20.57,19.14,17.98,16.76,15.62,15.02,14.41,81.449,71.381,58.85,64.15,52.496,239.23,128.77,6873.0,104.2,460.5,867.2,548.4,4529.5,186.45,1127.8,2616.51,840.6,,,75.98
2024-11-06,22.09,22.08,22.02,21.93,21.29,20.47,18.91,17.71,16.53,15.45,14.86,14.25,81.37,71.989,59.69,64.897,53.078,243.6,131.92,6996.5,105.9,466.85,895.2,567.6,4625.5,189.45,1158.6,2662.87,854.03,98.0562,106.8883,75.74
2024-11-07,21.9,21.87,21.79,21.67,20.95,20.06,18.41,17.18,16.0,14.96,14.42,13.86,81.5,72.346,61.239,65.973,54.561,250.93,135.52,7132.0,109.42,475.5,923.2,578.0,4776.5,191.85,1174.0,2690.63,864.26,98.2236,105.7086,74.75
2024-11-08,21.9,21.85,21.76,21.62,20.88,20.0,18.38,17.14,15.91,14.83,14.28,13.73,81.69,72.479,61.25,66.25,54.873,255.98,135.9,7172.0,111.58,481.5,944.8,595.5,4856.5,198.25,1209.8,2734.56,880.52,98.0726,105.5679,74.02
2024-11-11,21.46,21.44,21.37,21.28,20.67,19.9,18.4,17.19,15.95,14.84,14.27,13.69,81.899,72.749,61.602,66.3,55.444,260.73,138.12,7022.5,112.64,490.6,944.6,592.0,4917.0,203.75,1272.4,2785.31,895.75,,,72.12
2024-11-12,21.42,21.42,21.37,21.27,20.6,19.76,18.19,17.0,15.85,14.86,14.37,13.88,81.87,72.669,61.934,66.484,55.47,255.77,135.16,6990.0,113.5,482.05,927.8,592.5,4802.5,197.6,1228.0,2756.76,886.56,97.955,104.8522,72.33
2024-11-13,21.48,21.45,21.38,21.27,20.57,19.72,18.12,16.91,15.71,14.69,14.17,13.66,81.891,72.638,61.909,66.639,55.667,254.7,132.6,6925.0,112.98,480.35,902.4,583.2,4840.0,198.35,1211.0,2763.99,885.18,97.9559,104.2533,71.81
2024-11-14,21.61,21.57,21.49,21.36,20.63,19.74,18.09,16.88,15.72,14.74,14.23,13.69,82.07,72.883,62.3,66.937,56.058,249.52,131.61,6932.5,111.68,473.3,893.8,569.9,4789.5,195.8,1202.0,2697.47,858.19,98.3657,104.2901,72.96
2024-11-15,21.73,21.68,21.57,21.43,20.64,19.72,18.09,16.9,15.76,14.79,14.3,13.82,82.101,73.076,62.544,66.999,56.296,253.43,133.37,7021.0,115.16,480.1,917.8,576.1,4822.5,198.15,1235.0,2739.21,862.94,99.018,104.5016,72.14
2024-11-18,21.37,21.34,21.26,21.15,20.48,19.67,18.15,17.02,15.93,14.98,14.47,13.96,82.211,72.95,61.89,66.595,55.702,248.72,129.12,6955.5,114.46,471.95,898.8,562.4,4685.0,196.1,1199.8,2720.77,857.59,,,73.05
2024-11-19,21.67,21.64,21.57,21.47,20.86,20.1,18.63,17.47,16.29,15.17,14.58,14.0,82.048,71.86,60.78,65.647,54.7,240.59,125.49,6842.0,111.0,459.7,875.0,545.2,4491.5,186.5,1152.2,2630.51,828.38,99.943,105.4606,73.34
2024-11-20,21.51,21.49,21.42,21.32,20.7,19.9,18.4,17.27,16.18,15.21,14.71,14.21,81.779,71.738,60.801,65.541,54.247,237.05,121.89,6798.5,108.28,449.25,847.8,536.9,4424.0,183.5,1120.0,2596.89,816.29,100.0348,105.7338,73.44
2024-11-21,21.87,21.84,21.76,21.63,20.89,20.0,18.42,17.3,16.3,15.45,15.01,14.53,81.766,71.912,61.008,65.798,54.406,240.47,124.1,6938.5,109.32,458.95,864.8,543.5,4582.5,180.05,1117.8,2568.6,803.7,100.2192,105.809,74.15
2024-11-22,21.93,21.87,21.77,21.62,20.83,19.91,18.33,17.23,16.23,15.39,14.96,14.51,81.792,72.132,61.03,65.704,54.237,236.0,119.47,6940.0,108.52,459.9,822.8,541.9,4494.0,176.7,1130.4,2581.05,792.67,100.6798,106.0762,75.16
2024-11-25,22.18,22.1,21.97,21.81,20.98,20.07,18.47,17.34,16.27,15.37,14.91,14.46,81.877,71.92,60.608,65.36,53.912,227.81,117.44,6886.5,103.94,453.65,822.8,515.3,4330.0,171.1,1101.4,2530.69,768.11,,,73.47
2024-11-26,22.38,22.27,22.12,21.94,21.04,20.08,18.46,17.36,16.36,15.51,15.09,14.67,81.596,72.009,60.5,65.209,53.55,223.16,114.5,6869.5,104.08,450.8,807.8,506.0,4150.0,169.9,1072.0,2464.35,738.93,103.7908,108.8705,73.83
2024-11-27,22.89,22.73,22.52,22.28,21.18,20.09,18.4,17.3,16.33,15.56,15.17,14.79,81.473,71.879,60.389,65.186,53.269,226.3,119.41,6896.5,110.96,474.15,828.0,519.0,4213.0,175.4,1096.8,2491.88,726.78,105.0604,110.4943,73.06
2024-11-28,22.91,22.74,22.54,22.31,21.27,20.22,18.5,17.33,16.29,15.42,14.97,14.52,81.32,71.75,60.409,65.129,53.38,228.56,120.29,6905.5,110.08,474.85,816.6,534.3,4263.5,177.55,1095.8,2547.88,732.48,108.0104,113.0947,73.03
2024-11-29,23.22,23.01,22.78,22.53,21.44,20.37,18.61,17.38,16.24,15.27,14.78,14.29,81.186,71.656,60.441,65.187,53.734,236.49,124.29,6860.5,112.96,478.0,835.6,544.9,4529.5,181.65,1123.2,2578.0,753.78,109.5782,116.141,73.25
2024-12-02,23.49,23.24,22.96,22.68,21.46,20.31,18.48,17.26,16.17,15.27,14.8,14.31,81.376,71.596,60.769,65.511,54.259,235.17,123.9,6810.0,114.1,489.3,846.2,548.5,4629.0,177.75,1142.8,2586.74,760.32,,,72.38
2024-12-03,23.36,23.12,22.86,22.59,21.43,20.31,18.47,17.2,16.05,15.12,14.64,14.1,81.569,71.656,60.745,65.674,54.571,230.8,121.48,6771.0,110.4,490.5,824.0,538.5,4559.5,171.85,1100.0,2539.64,753.42,107.1758,112.8019,73.44
2024-12-04,23.27,23.04,22.8,22.54,21.44,20.35,18.54,17.26,16.06,15.05,14.53,13.97,81.436,71.48,60.325,65.31,54.17,224.55,115.3,6720.5,104.2,473.1,800.0,521.6,4446.0,166.15,1058.0,2485.62,751.2,106.1878,112.02,73.55
2024-12-05,23.62,23.36,23.07,22.78,21.55,20.4,18.54,17.27,16.09,15.11,14.6,14.06,81.699,71.837,60.58,65.431,54.216,233.48,116.63,6841.0,108.16,488.2,830.4,547.5,4478.0,171.05,1081.6,2510.83,765.08,104.2361,110.2041,72.57
2024-12-06,23.58,23.3,23.0,22.69,21.4,20.2,18.34,17.13,16.07,15.25,14.83,14.35,81.882,72.241,60.986,65.667,54.1,237.84,114.99,6860.0,107.8,485.3,833.2,558.9,4576.0,174.1,1097.4,2536.23,803.62,103.3837,109.7802,71.28
2024-12-09,23.06,22.85,22.62,22.37,21.31,20.27,18.54,17.35,16.29,15.44,15.01,14.53,81.997,72.512,61.051,65.486,54.198,237.29,117.06,6973.0,106.86,491.05,829.2,566.2,4597.5,174.2,1125.8,2572.89,815.61,,,72.74
2024-12-10,22.67,22.52,22.33,22.12,21.17,20.2,18.56,17.41,16.35,15.5,15.08,14.64,82.099,72.481,61.085,65.505,53.951,230.82,114.7,6894.0,103.6,484.6,811.6,564.9,4521.5,170.25,1098.8,2522.75,794.46,99.3759,105.0996,72.59
2024-12-11,22.85,22.65,22.42,22.17,21.07,20.0,18.26,17.08,16.04,15.2,14.77,14.3,82.1,72.58,61.019,65.333,54.02,234.19,115.16,6895.5,104.1,488.75,810.0,574.1,4529.0,169.65,1103.2,2512.54,766.44,100.0324,106.2024,72.8
2024-12-12,23.15,22.95,22.73,22.47,21.36,20.28,18.57,17.46,16.51,15.79,15.43,15.01,82.095,72.537,60.665,65.01,53.489,229.02,113.1,6862.5,100.3,485.45,791.2,557.8,4443.0,168.65,1083.0,2492.63,755.39,103.2707,108.5588,72.81
2024-12-13,22.88,22.69,22.46,22.21,21.12,20.08,18.44,17.36,16.41,15.66,15.29,14.89,82.15,72.483,60.576,65.082,53.341,228.7,112.86,6800.0,99.9,483.65,790.2,571.6,4411.0,170.8,1091.2,2485.2,756.93,103.95,110.4804,74.14
2024-12-16,22.97,22.78,22.56,22.33,21.34,20.35,18.71,17.55,16.41,15.35,14.77,14.17,82.227,72.1,59.65,64.806,52.831,225.53,108.71,6779.5,95.9,477.4,767.2,550.0,4308.5,164.95,1054.4,2420.3,740.87,,,74.27
2024-12-17,23.02,22.84,22.64,22.43,21.48,20.53,18.87,17.64,16.4,15.21,14.6,14.05,82.19,72.076,59.68,64.696,52.731,226.5,107.26,6290.5,94.98,480.65,771.6,556.2,4340.0,163.9,1016.4,2377.15,727.06,102.9125,108.7016,72.67
2024-12-18,22.67,22.55,22.38,22.2,21.32,20.39,18.72,17.47,16.21,15.0,14.35,13.73,82.43,72.441,60.104,65.142,53.552,230.15,108.05,6375.0,95.66,487.7,784.8,569.3,4432.5,166.7,1033.8,2409.35,738.5,102.9979,108.3444,73.91
2024-12-19,22.41,22.35,22.24,22.1,21.35,20.49,18.86,17.58,16.23,14.94,14.24,13.56,82.737,72.42,60.173,65.043,54.648,229.0,107.16,6294.0,95.7,506.15,814.4,563.9,4415.5,171.25,1043.6,2416.45,736.06,102.7763,108.5083,73.18
2024-12-20,20.28,20.25,20.19,20.09,19.49,18.77,17.45,16.45,15.42,14.43,13.9,13.37,84.647,75.16,63.649,68.6,57.372,257.6,115.24,6725.0,105.08,559.6,894.0,599.9,4921.5,195.2,1163.0,2638.42,812.12,103.4207,107.9576,72.55
2024-12-23,18.61,18.58,18.52,18.43,17.96,17.4,16.39,15.62,14.83,14.07,13.65,13.23,86.204,77.672,66.014,71.455,59.3,264.9,119.75,6919.0,105.0,569.9,944.0,636.0,4984.0,193.6,1148.2,2702.48,837.82,,,72.21
2024-12-24,18.29,18.35,18.37,18.35,18.05,17.57,16.57,15.78,14.98,14.24,13.84,13.43,86.582,77.676,65.386,70.635,58.55,264.34,121.7,6833.0,104.96,572.7,915.4,625.3,4945.5,194.8,1135.8,2690.96,848.79,101.6143,105.2512,73.76
2024-12-25,18.33,18.33,18.3,18.24,17.88,17.44,16.58,15.91,15.21,14.52,14.15,13.8,86.885,78.139,64.651,70.39,57.979,271.69,128.11,6987.5,108.0,581.95,929.4,629.2,5027.5,196.45,1161.8,2732.83,864.25,99.8729,104.231,73.55
2024-12-26,17.97,17.99,17.98,17.96,17.7,17.33,16.57,15.95,15.28,14.62,14.26,13.94,87.038,78.407,64.467,70.68,58.178,269.56,126.89,7003.0,109.66,579.1,949.8,630.9,5174.0,196.0,1174.4,2766.57,878.3,99.6125,103.9416,73.67
2024-12-27,17.49,17.59,17.64,17.67,17.56,17.29,16.65,16.08,15.43,14.75,14.36,13.99,86.946,77.968,64.439,70.497,58.159,271.2,127.79,6990.5,111.04,591.0,949.2,635.8,5210.0,196.0,1186.2,2757.45,864.09,99.2295,103.2997,73.79
2024-12-28,,,,,,,,,,,,,86.274,78.449,64.407,71.178,58.5,272.83,129.6,6998.0,113.8,596.0,951.8,652.4,5009.0,202.0,1232.2,2786.67,863.36,100.5281,105.9522,74.02
2024-12-30,18.8,18.75,18.68,18.58,18.06,17.48,16.53,15.87,15.22,14.57,14.22,13.9,85.835,77.94,64.526,71.076,58.68,279.43,133.12,7235.0,115.5,606.05,996.0,688.9,5092.0,210.65,1337.4,2883.04,893.22,,,74.5
2025-01-03,18.7,18.62,18.52,18.41,17.92,17.41,16.57,15.96,15.38,14.86,14.57,14.28,86.104,78.098,64.21,70.598,58.247,272.25,128.66,7122.0,112.68,596.1,963.8,668.7,5016.5,205.3,1288.6,2828.5,876.32,,,76.29
2025-01-06,19.1,18.96,18.82,18.66,18.03,17.43,16.48,15.81,15.18,14.63,14.34,14.05,86.188,77.899,64.599,70.629,58.05,274.37,128.34,7088.0,113.42,588.45,965.0,666.2,4942.5,204.45,1296.6,2816.26,872.53,,,76.9
2025-01-08,19.43,19.26,19.07,18.87,18.11,17.42,16.37,15.68,15.07,14.6,14.37,14.1,86.189,78.0,64.407,70.15,58.199,277.0,129.45,7089.0,114.0,593.45,976.6,654.7,4787.5,207.9,1283.0,2840.79,880.13,,,76.83
2025-01-09,18.77,18.68,18.57,18.46,17.97,17.48,16.72,16.19,15.64,15.08,14.77,14.49,85.932,78.184,63.992,70.073,57.9,271.8,124.01,6947.5,111.8,574.8,930.8,633.9,4836.0,203.55,1228.0,2773.12,854.03,,,77.03
2025-01-10,19.06,18.93,18.79,18.64,18.05,17.52,16.73,16.21,15.7,15.2,14.92,14.67,86.191,78.252,63.939,70.109,57.668,278.77,126.6,7022.5,116.26,562.95,969.0,653.5,4882.5,212.6,1292.2,2824.59,873.09,102.2911,105.0893,79.17
2025-01-13,19.03,18.86,18.7,18.54,17.93,17.41,16.67,16.18,15.7,15.21,14.94,14.7,86.238,78.3,63.999,70.253,57.74,279.8,131.47,7010.5,118.38,545.5,1007.4,667.9,4660.0,210.9,1277.4,2866.11,879.08,,,80.74
2025-01-14,19.07,18.91,18.74,18.58,17.98,17.46,16.71,16.22,15.76,15.28,15.01,14.77,86.133,78.268,63.985,70.215,57.589,279.85,132.99,7115.5,119.98,540.35,1009.0,667.9,4718.0,216.3,1281.6,2859.51,870.87,102.7081,104.8556,80.21
2025-01-15,19.32,19.16,19.0,18.84,18.24,17.73,16.93,16.39,15.86,15.34,15.07,14.83,86.185,78.249,63.652,70.13,56.88,282.77,136.36,7178.5,119.46,547.6,1007.8,670.6,4754.5,219.1,1282.6,2842.96,871.13,103.438,106.2493,80.92
2025-01-16,19.39,19.23,19.06,18.89,18.25,17.71,16.9,16.35,15.8,15.25,14.95,14.69,86.114,78.075,63.628,70.042,56.402,281.8,135.33,7208.0,119.12,546.4,990.2,677.1,4716.5,219.0,1285.0,2911.29,895.83,102.8078,106.0971,81.14
2025-01-17,19.45,19.29,19.13,18.97,18.35,17.81,17.0,16.45,15.88,15.3,15.0,14.74,86.087,77.839,63.61,69.784,55.514,283.53,138.76,7342.0,124.88,554.9,1006.0,673.6,4741.5,221.75,1326.8,2945.52,906.03,102.3762,105.8072,80.56
2025-01-20,19.24,19.08,18.92,18.75,18.14,17.6,16.83,16.31,15.78,15.24,14.94,14.67,86.206,78.258,63.722,70.103,55.786,278.19,137.1,7194.0,123.4,537.7,974.4,676.0,4643.0,223.6,1295.4,2929.55,905.15,,,79.55
2025-01-21,19.32,19.16,19.0,18.84,18.23,17.7,16.94,16.44,15.94,15.42,15.13,14.87,86.301,78.2,63.5,69.997,55.68,281.85,138.01,7239.5,124.56,542.1,998.8,681.0,4708.0,224.3,1290.0,2934.71,925.16,101.9579,105.0457,79.1
2025-01-22,20.0,19.74,19.49,19.25,18.4,17.77,16.93,16.4,15.89,15.4,15.14,14.93,86.199,78.12,63.399,69.995,55.744,280.36,136.83,7215.0,123.74,540.0,1017.6,681.5,4694.5,223.3,1252.0,2972.62,952.82,99.9282,103.2856,79.21
2025-01-23,19.45,19.27,19.09,18.92,18.28,17.75,16.99,16.48,15.96,15.45,15.17,14.94,86.3,78.126,63.412,69.83,55.577,280.49,137.84,7215.0,124.96,539.1,1024.2,686.4,4710.0,222.0,1258.6,2926.1,930.18,98.2804,103.2419,79.28
2025-01-24,19.44,19.25,19.06,18.88,18.24,17.72,16.99,16.52,16.04,15.57,15.32,15.11,86.419,78.218,63.289,69.929,55.529,280.74,138.43,7199.5,124.14,535.85,1029.8,682.6,4664.5,225.35,1243.4,2947.94,945.07,99.0978,103.6612,78.23
2025-01-27,20.19,19.71,19.3,18.94,17.94,17.36,16.8,16.56,16.38,16.2,16.09,16.0,86.346,78.066,62.687,69.855,54.366,275.23,134.26,7065.5,119.46,516.35,1003.4,667.5,4582.5,220.0,1225.4,2891.39,937.74,,,77.58
2025-01-28,20.4,19.79,19.29,18.88,17.83,17.29,16.81,16.61,16.45,16.29,16.19,16.12,86.7,78.166,62.595,69.412,53.594,278.35,137.54,7160.0,121.2,534.85,1022.4,677.8,4671.0,221.75,1259.2,2931.97,942.81,97.132,102.746,77.18
2025-01-29,19.34,19.07,18.83,18.6,17.91,17.46,16.92,16.63,16.37,16.11,15.96,15.83,87.312,78.426,62.596,69.26,53.498,280.36,137.05,7192.0,121.78,535.6,1046.0,679.0,4674.5,226.35,1252.6,2950.68,948.38,97.9658,101.5957,77.25
2025-01-30,18.79,18.62,18.47,18.32,17.84,17.48,17.01,16.73,16.48,16.2,16.05,15.92,87.418,78.687,62.469,69.36,53.109,281.97,140.47,7166.0,122.76,534.85,1085.6,690.7,4710.0,231.7,1279.6,2967.47,953.84,98.0126,102.4041,77.25
2025-01-31,18.68,18.54,18.42,18.29,17.86,17.53,17.08,16.81,16.53,16.24,16.08,15.95,87.451,78.37,62.045,69.395,52.934,280.73,140.84,7171.0,121.18,526.8,1082.0,683.9,4665.5,228.0,1211.8,2948.1,949.5,98.0062,102.7782,76.81
2025-02-03,18.96,18.84,18.72,18.6,18.17,17.82,17.32,16.96,16.6,16.22,16.0,15.8,87.234,78.011,61.625,68.7,52.983,279.55,139.63,7170.0,118.3,519.2,1070.2,685.5,4625.5,228.9,1192.4,2926.17,922.33,,,75.54
2025-02-04,19.23,19.1,18.97,18.85,18.38,18.0,17.41,17.0,16.6,16.18,15.95,15.75,86.972,77.935,61.136,68.294,52.709,277.4,136.84,7093.5,117.16,518.95,1062.2,686.7,4591.0,228.45,1175.0,2917.71,932.82,99.9433,102.491,76.4
2025-02-05,19.51,19.33,19.14,18.95,18.27,17.8,17.27,16.96,16.63,16.23,15.99,15.78,87.302,78.017,62.291,69.077,53.35,282.88,140.45,7171.0,120.4,522.05,1100.0,690.6,4678.0,230.0,1202.8,2930.56,941.5,98.5336,102.6852,75.19
2025-02-06,19.74,19.51,19.29,19.08,18.38,17.86,17.17,16.75,16.36,15.98,15.77,15.58,87.149,77.916,61.77,69.2,53.227,287.15,141.98,7141.0,121.5,528.2,1101.4,695.8,4680.5,227.15,1196.8,2970.12,965.48,98.0556,102.9215,74.72
2025-02-07,19.71,19.48,19.26,19.05,18.35,17.83,17.12,16.68,16.27,15.86,15.63,15.42,87.25,78.198,62.391,69.213,53.835,285.81,141.9,7148.0,122.28,530.25,1101.8,697.0,4662.0,225.0,1207.6,2966.53,960.69,96.9104,100.6751,74.93
2025-02-10,19.77,19.53,19.3,19.08,18.35,17.84,17.16,16.72,16.28,15.85,15.62,15.42,87.281,78.136,61.887,69.036,53.691,289.94,142.46,7147.5,120.82,533.15,1132.6,700.3,4705.5,229.5,1205.4,3012.39,980.52,,,75.63
2025-02-11,19.78,19.56,19.35,19.15,18.48,17.98,17.28,16.81,16.34,15.87,15.63,15.41,87.332,77.888,61.998,68.879,53.533,294.06,142.97,7271.0,121.12,538.9,1167.8,702.8,4902.0,236.5,1242.0,3018.02,992.4,96.7821,100.4991,76.64
2025-02-12,19.82,19.59,19.36,19.14,18.41,17.91,17.2,16.75,16.3,15.85,15.6,15.37,87.698,79.401,64.456,70.78,55.7,314.0,154.6,7676.0,127.26,577.85,1277.2,737.0,5029.0,250.8,1313.6,3025.63,1013.46,95.8024,99.1953,75.95
2025-02-13,20.25,19.67,19.17,18.74,17.52,16.8,16.07,15.69,15.35,15.02,14.85,14.74,88.243,79.461,65.2,71.8,57.269,310.1,166.32,7534.0,128.1,573.3,1255.8,711.6,5055.5,250.05,1325.0,3206.97,1109.8,94.0485,98.0119,74.75
2025-02-14,19.85,19.51,19.2,18.91,18.01,17.41,16.69,16.29,15.93,15.57,15.37,15.19,87.652,78.682,63.679,70.545,55.413,309.87,168.1,7492.5,131.5,561.95,1218.8,716.9,4938.0,251.45,1307.6,3185.0,1111.0,91.0313,94.9221,75.01
2025-02-17,20.0,19.64,19.32,19.02,18.08,17.41,16.62,16.19,15.8,15.46,15.28,15.11,87.761,78.948,64.14,70.997,56.284,319.5,180.05,7784.5,138.2,585.2,1292.8,748.9,5199.0,253.85,1371.4,3308.41,1139.85,,,74.93
2025-02-18,19.77,19.42,19.1,18.82,17.91,17.28,16.53,16.13,15.79,15.49,15.33,15.2,87.551,78.81,63.865,70.752,55.844,312.95,171.2,7644.5,134.6,574.2,1254.6,737.5,5125.0,246.0,1313.4,3258.76,1123.91,91.4347,95.8048,75.39
2025-02-19,19.78,19.44,19.14,18.86,17.96,17.33,16.57,16.15,15.8,15.46,15.28,15.13,87.665,79.028,64.421,71.3,56.772,315.91,176.25,7714.5,138.52,575.95,1280.0,744.5,5195.0,251.3,1340.8,3270.64,1139.4,91.3398,95.6693,76.11
2025-02-20,19.74,19.39,19.07,18.77,17.85,17.21,16.45,16.04,15.69,15.36,15.19,15.03,87.846,78.986,64.966,71.518,57.058,315.05,173.0,7720.0,137.74,577.95,1308.4,745.3,5324.5,251.9,1345.2,3292.62,1171.89,90.4268,94.0834,76.4
2025-02-21,19.71,19.39,19.1,18.83,17.94,17.3,16.5,16.05,15.67,15.32,15.14,14.99,87.933,78.622,65.028,71.614,57.359,314.74,171.09,7709.5,137.18,572.55,1326.4,754.4,5340.0,253.8,1385.8,3283.29,1173.12,88.5103,92.4831,75.13
2025-02-24,19.75,19.44,19.15,18.88,18.0,17.36,16.54,16.07,15.63,15.23,15.03,14.85,87.925,78.566,64.901,71.679,57.294,316.03,177.16,7737.5,146.94,569.45,1342.8,752.8,5365.0,254.3,1442.2,3303.63,1179.86,,,74.7
2025-02-25,19.77,19.45,19.14,18.87,17.95,17.29,16.48,16.03,15.63,15.24,15.04,14.87,88.094,78.715,65.649,72.139,57.7,316.97,175.1,7729.0,143.04,582.8,1327.8,764.3,5384.5,253.05,1416.2,3326.14,1209.49,88.2065,92.5162,73.26
2025-02-26,19.84,19.47,19.13,18.82,17.82,17.13,16.32,15.89,15.5,15.15,14.97,14.82,88.144,78.53,65.064,71.927,57.193,310.22,169.26,7555.0,138.02,569.25,1266.8,737.3,5167.0,248.8,1363.6,3276.0,1201.02,86.6318,90.9403,72.6
2025-02-27,19.75,19.4,19.07,18.77,17.78,17.13,16.34,15.91,15.52,15.15,14.97,14.83,88.206,78.754,65.471,72.39,57.731,307.1,166.7,7497.0,134.34,552.85,1254.4,713.0,5005.0,241.45,1351.0,3232.65,1161.23,85.9279,90.1826,73.96
2025-02-28,19.94,19.57,19.24,18.93,17.94,17.25,16.41,15.94,15.52,15.13,14.93,14.76,88.548,79.095,65.497,72.318,57.7,309.63,170.87,7546.5,140.32,556.05,1285.2,732.4,4950.0,249.05,1350.2,3200.48,1142.37,87.6967,92.0362,73.18
2025-03-03,19.82,19.41,19.04,18.71,17.69,17.05,16.31,15.91,15.55,15.21,15.03,14.88,88.55,79.359,65.539,72.499,57.504,305.5,169.26,7341.5,135.92,539.0,1255.2,711.3,4909.0,239.3,1325.4,3145.73,1110.34,,,72.5
2025-03-04,19.56,19.13,18.75,18.42,17.41,16.79,16.1,15.76,15.46,15.17,15.02,14.91,88.81,80.448,66.59,73.276,57.826,316.4,173.92,7393.0,140.92,540.1,1319.0,714.7,5037.0,248.7,1370.0,3241.63,1144.25,89.2497,92.853,70.4
2025-03-05,20.65,19.58,18.76,18.12,16.66,16.06,15.62,15.44,15.29,15.11,15.02,14.97,88.905,81.297,66.799,73.6,58.3,313.56,170.95,7241.0,136.98,530.5,1286.4,705.0,5015.5,245.55,1334.8,3263.62,1145.05,89.2448,93.9034,69.22
2025-03-06,20.81,19.57,18.61,17.88,16.24,15.64,15.3,15.19,15.1,14.98,14.93,14.9,89.022,81.742,67.091,74.09,59.439,315.18,172.93,7175.0,136.46,529.55,1269.6,700.5,5000.0,243.15,1370.0,3207.7,1128.13,89.7878,95.7035,69.37
2025-03-07,21.3,19.75,18.62,17.79,16.11,15.55,15.22,15.12,15.04,14.94,14.87,14.83,89.228,81.99,67.654,74.956,59.65,316.92,171.56,7225.0,135.7,528.8,1287.0,693.0,4936.5,242.0,1357.2,3166.88,1119.23,89.5724,96.5975,71.19
2025-03-10,21.05,19.7,18.65,17.82,15.96,15.27,14.91,14.86,14.84,14.81,14.8,14.81,89.344,81.938,67.675,74.768,59.7,317.57,171.09,7185.0,137.14,527.3,1285.0,683.6,4841.5,239.75,1340.0,3200.81,1140.8,,,69.97
2025-03-11,21.15,19.8,18.77,17.97,16.22,15.57,15.18,15.07,14.97,14.88,14.83,14.81,89.05,81.706,67.381,74.528,59.5,319.69,170.42,7248.5,135.72,527.35,1265.8,694.7,4900.0,240.8,1342.6,3200.95,1164.84,88.3872,95.4443,70.1
2025-03-12,21.13,19.8,18.77,17.97,16.2,15.51,15.07,14.92,14.81,14.7,14.64,14.6,89.145,82.089,68.031,74.916,59.832,318.39,168.29,7205.0,134.0,533.7,1255.0,694.1,4852.0,240.35,1330.2,3183.97,1157.95,86.5669,93.6639,70.89
2025-03-13,21.53,20.01,18.88,18.03,16.24,15.6,15.18,15.03,14.91,14.79,14.72,14.67,89.223,82.208,67.908,74.742,59.938,316.37,168.11,7130.0,131.9,528.15,1263.8,710.3,4830.0,244.7,1316.2,3121.57,1135.27,86.6204,93.971,70.24
2025-03-14,21.35,19.82,18.66,17.77,15.88,15.24,14.92,14.85,14.78,14.72,14.68,14.65,89.769,82.795,68.482,74.975,59.8,320.51,170.45,7149.5,130.54,530.6,1276.2,715.8,4923.0,246.45,1301.0,3195.08,1176.26,86.619,94.2559,70.39
2025-03-17,21.26,19.67,18.48,17.58,15.69,15.07,14.75,14.67,14.61,14.54,14.51,14.48,89.853,83.2,68.666,75.63,60.495,326.02,172.73,7222.5,134.06,539.55,1290.0,714.8,4977.5,247.6,1349.0,3245.19,1212.61,,,71.09
2025-03-18,21.61,19.68,18.29,17.28,15.34,14.8,14.61,14.58,14.53,14.49,14.48,14.47,90.071,83.371,68.724,75.665,60.5,324.06,168.52,7183.0,132.08,535.45,1302.2,705.0,4892.0,243.2,1336.2,3257.49,1259.09,84.3059,90.8443,71.0
2025-03-19,21.68,19.8,18.43,17.44,15.52,14.94,14.68,14.6,14.52,14.45,14.42,14.42,90.158,83.68,69.113,76.095,61.113,325.3,168.33,7221.0,132.04,535.9,1322.2,699.9,4873.5,242.75,1332.0,3229.79,1228.09,81.5018,87.5697,70.91
2025-03-20,21.16,19.26,17.96,17.07,15.49,15.04,14.77,14.67,14.57,14.47,14.42,14.4,90.035,83.439,68.931,75.618,60.88,324.05,168.09,7293.5,131.16,536.85,1316.0,688.6,4855.0,240.4,1322.8,3223.14,1203.1,82.8487,90.8257,72.03
2025-03-21,21.01,19.38,18.22,17.4,15.8,15.27,14.93,14.78,14.65,14.51,14.46,14.43,89.85,82.85,68.418,75.168,60.474,323.26,166.61,7346.5,129.8,534.6,1305.8,693.9,4814.0,239.1,1311.0,3191.61,1187.89,84.3955,92.4633,71.81
2025-03-24,20.88,19.44,18.4,17.63,16.09,15.56,15.2,15.02,14.86,14.72,14.66,14.63,89.702,82.17,67.6,74.352,59.696,319.47,164.56,7291.0,125.88,521.4,1283.4,686.6,4689.0,237.5,1259.8,3178.66,1193.88,,,72.93
2025-03-25,21.07,19.65,18.6,17.83,16.25,15.68,15.26,15.06,14.87,14.71,14.65,14.62,89.762,82.266,67.83,74.7,59.976,319.8,164.46,7265.0,129.58,521.7,1315.8,697.9,4677.5,238.65,1279.6,3164.62,1184.1,83.8737,91.5252,72.99
2025-03-26,21.09,19.61,18.57,17.82,16.35,15.82,15.39,15.19,15.01,14.87,14.82,14.79,89.514,81.545,67.198,73.883,59.587,315.23,161.85,7185.0,125.8,513.75,1286.8,684.5,4618.0,235.0,1245.8,3146.31,1177.05,84.193,92.3409,74.03
2025-03-27,21.25,19.74,18.67,17.91,16.41,15.89,15.51,15.31,15.1,14.91,14.83,14.81,89.45,81.372,66.904,73.863,59.187,311.96,155.25,7108.5,122.98,502.4,1277.6,675.9,4520.0,231.0,1199.2,3083.99,1158.86,84.2065,92.0029,73.74
2025-03-28,21.47,19.92,18.83,18.07,16.56,16.0,15.55,15.36,15.2,15.08,15.03,14.98,89.323,81.45,66.633,73.508,58.77,308.04,145.43,7064.5,121.56,496.75,1240.2,687.6,4421.5,224.3,1153.2,3025.65,1139.02,83.8347,90.5441,73.49
2025-03-31,21.52,20.04,18.98,18.2,16.66,16.11,15.72,15.53,15.33,15.14,15.07,15.05,89.6,81.408,66.355,73.175,58.299,309.72,145.69,7026.5,123.3,490.5,1216.6,673.3,4417.5,227.2,1188.0,3013.36,1110.31,,,74.45
2025-04-01,21.5,20.17,19.15,18.37,16.62,15.97,15.54,15.38,15.22,15.09,15.03,14.99,89.3,81.17,66.302,72.96,58.573,303.24,137.5,6905.0,120.8,474.6,1160.4,653.5,4649.5,221.15,1137.0,2964.43,1100.33,85.4963,92.4276,74.69
2025-04-02,21.59,20.17,19.11,18.31,16.63,16.06,15.67,15.48,15.32,15.18,15.13,15.09,89.567,81.334,66.1,72.979,58.286,306.11,139.23,6978.0,120.1,477.9,1225.8,673.2,4736.5,222.15,1161.2,2926.39,1090.31,84.8707,91.9643,74.47
2025-04-03,21.66,20.22,19.17,18.39,16.84,16.36,16.01,15.78,15.56,15.4,15.34,15.33,89.339,80.413,65.66,72.342,57.722,302.09,134.54,6802.0,116.42,462.8,1223.8,649.4,4658.0,219.75,1122.2,2859.58,1067.55,84.5522,91.2044,69.96
2025-04-04,21.57,20.28,19.3,18.57,17.04,16.54,16.18,15.96,15.76,15.6,15.55,15.53,89.354,80.379,65.004,71.742,56.775,285.35,126.7,6445.5,110.9,441.3,1145.4,618.2,4415.5,209.05,1081.4,2781.97,1039.88,84.383,93.1608,65.69
2025-04-07,21.27,20.22,19.4,18.74,17.24,16.7,16.36,16.2,16.04,15.9,15.84,15.81,89.104,80.278,64.181,71.189,55.995,287.56,125.57,6349.5,111.32,450.7,1112.6,636.3,4395.0,204.6,1053.4,2729.89,997.78,,,64.63
2025-04-08,21.47,20.04,19.03,18.3,16.9,16.47,16.16,15.98,15.79,15.63,15.58,15.57,89.222,80.009,64.29,71.499,56.549,282.03,121.91,6283.5,106.8,429.0,1048.8,621.1,4345.0,202.1,992.8,2746.41,1012.33,86.1891,94.7742,64.53
2025-04-09,21.25,20.12,19.29,18.67,17.38,16.91,16.54,16.34,16.13,15.95,15.88,15.87,89.39,80.197,64.6,71.579,56.607,293.4,127.76,6507.0,116.08,446.0,1102.0,638.2,4518.0,216.05,1058.6,2650.69,969.92,85.4641,93.7755,60.81
2025-04-10,21.18,20.07,19.24,18.61,17.25,16.72,16.26,16.02,15.78,15.59,15.53,15.5,89.065,80.381,64.602,71.51,57.108,292.46,127.77,6375.5,114.04,438.0,1062.0,655.8,4583.0,217.8,1022.4,2764.28,1024.29,86.0923,95.091,63.49
2025-04-11,21.18,19.99,19.1,18.44,17.03,16.45,15.96,15.73,15.52,15.35,15.27,15.21,89.32,80.85,65.75,72.619,58.408,299.81,132.91,6508.0,117.1,450.9,1115.0,686.9,4567.5,219.8,1058.6,2829.92,1061.24,85.0159,94.6036,63.88
2025-04-14,21.0,19.95,19.14,18.51,17.06,16.42,15.89,15.65,15.45,15.26,15.16,15.1,89.117,80.999,65.609,72.416,57.948,296.5,132.05,6474.0,114.5,449.3,1115.6,686.4,4473.0,215.5,1035.0,2819.69,1073.21,,,64.68
2025-04-15,21.13,19.93,19.05,18.4,17.02,16.47,16.02,15.83,15.66,15.49,15.41,15.37,89.189,80.651,65.5,72.36,57.995,297.99,131.6,6466.0,112.2,452.05,1159.0,684.1,4481.5,215.5,1042.0,2805.55,1073.88,82.7671,94.1635,64.42
2025-04-16,21.27,19.92,18.96,18.27,16.86,16.32,15.89,15.7,15.53,15.38,15.3,15.26,88.862,81.249,65.743,72.957,58.45,300.8,132.0,6515.0,113.04,452.25,1190.2,685.9,4541.0,215.75,1041.4,2861.83,1091.59,82.3003,93.6844,65.8
2025-04-17,21.15,19.66,18.66,17.98,16.75,16.28,15.87,15.68,15.54,15.44,15.4,15.39,88.961,81.497,66.17,73.241,58.144,304.8,136.79,6719.0,115.56,478.7,1219.8,694.0,4550.0,217.15,1062.0,2865.32,1100.51,82.5892,93.3356,67.67
2025-04-18,20.78,19.77,19.01,18.41,17.07,16.48,16.0,15.79,15.62,15.46,15.38,15.33,88.762,81.0,65.53,72.64,58.146,300.01,134.77,6629.5,111.62,476.85,1193.0,693.4,4473.0,214.35,1022.4,2872.77,1115.38,82.02,93.2513,68.0
2025-04-21,20.88,19.83,19.03,18.41,17.02,16.42,15.92,15.7,15.5,15.32,15.23,15.17,88.898,81.153,65.891,72.852,58.777,308.12,139.53,6732.5,113.92,482.0,1237.0,706.6,4512.5,216.8,1040.6,2922.46,1139.97,,,66.08
2025-04-22,21.04,19.78,18.87,18.21,16.84,16.3,15.88,15.69,15.53,15.37,15.3,15.26,88.938,81.461,66.198,73.3,59.064,312.25,145.0,6764.0,116.7,482.65,1244.8,703.5,4592.5,216.4,1093.0,2954.49,1142.53,80.7597,93.6714,67.63
2025-04-23,21.15,19.76,18.81,18.14,16.86,16.35,15.93,15.74,15.59,15.49,15.45,15.42,89.144,80.838,66.0,73.078,58.9,310.0,143.38,6743.0,114.44,471.4,1235.4,693.7,4536.0,215.95,1062.4,2943.23,1125.72,81.462,94.04,66.0
2025-04-24,20.88,19.77,18.94,18.32,16.98,16.38,15.86,15.62,15.44,15.28,15.21,15.17,88.915,80.819,66.191,73.079,58.915,310.16,144.29,6683.5,113.84,469.9,1249.0,690.5,4585.0,216.35,1071.4,2944.43,1119.49,82.3637,94.5723,66.15
2025-04-25,20.83,19.7,18.86,18.24,16.87,16.28,15.77,15.54,15.39,15.27,15.21,15.17,89.285,80.95,66.352,73.381,58.716,316.69,150.23,6856.5,117.7,480.0,1314.6,719.5,4630.0,218.9,1106.4,3006.14,1145.73,82.8559,94.7129,66.6
2025-04-28,20.74,19.44,18.56,17.95,16.79,16.31,15.87,15.67,15.55,15.46,15.42,15.4,88.937,80.63,66.021,73.047,58.45,314.23,153.27,6827.0,117.3,473.95,1266.2,725.4,4763.5,220.05,1081.2,3034.3,1157.98,,,65.66
2025-04-29,20.96,19.78,18.94,18.34,17.1,16.57,16.1,15.88,15.73,15.62,15.57,15.54,88.81,80.351,65.45,72.449,57.753,309.41,149.25,6725.0,113.62,457.95,1214.6,723.1,4467.0,217.35,1033.6,2957.66,1142.36,82.5467,93.1801,64.42
2025-04-30,20.33,19.4,18.71,18.19,17.06,16.53,16.04,15.81,15.63,15.49,15.43,15.41,88.869,80.047,65.713,72.35,57.822,307.8,149.89,6684.0,114.38,454.5,1186.8,714.9,4434.5,216.3,1054.0,2918.47,1128.17,81.5616,93.173,63.26
2025-05-02,20.67,19.53,18.76,18.23,17.28,16.86,16.35,16.03,15.79,15.65,15.64,15.66,88.775,79.665,65.241,71.614,57.467,299.96,138.89,6504.0,109.0,435.7,1110.8,698.9,4309.5,209.1,1016.0,2836.7,1096.56,,,61.53
2025-05-05,20.88,19.9,19.18,18.64,17.52,16.97,16.41,16.12,15.89,15.73,15.68,15.66,88.964,79.65,64.898,71.189,57.151,294.64,135.09,6335.5,107.26,426.7,1077.8,680.0,4226.0,208.3,992.8,2738.8,1053.28,,,59.96
2025-05-06,20.88,19.7,18.89,18.34,17.33,16.9,16.43,16.16,15.96,15.84,15.82,15.83,88.937,79.914,65.016,71.758,57.6,302.02,137.71,6373.5,107.7,430.25,1124.8,685.0,4288.5,212.85,1007.8,2820.07,1097.25,81.9137,92.9082,62.59
2025-05-07,20.54,19.64,18.95,18.41,17.19,16.62,16.14,15.92,15.75,15.61,15.54,15.49,88.989,80.937,65.693,72.401,58.321,302.79,139.9,6458.5,108.86,438.0,1149.0,691.6,4325.0,215.4,1013.0,2833.09,1103.72,80.9644,91.9169,61.57
2025-05-08,20.29,19.04,18.23,17.7,16.81,16.41,16.02,15.83,15.72,15.66,15.64,15.64,89.145,81.121,66.002,72.676,58.791,302.15,142.9,6535.0,111.6,443.9,1160.0,696.8,4327.0,215.1,1015.0,2850.93,1110.68,80.8612,92.1439,62.9
2025-05-12,20.54,19.42,18.63,18.06,16.92,16.44,16.02,15.84,15.71,15.62,15.58,15.57,89.14,81.15,66.125,72.77,58.521,310.81,146.73,6775.0,114.48,456.4,1200.6,720.9,4416.0,220.65,1047.6,2930.17,1141.16,,,65.12
2025-05-13,20.53,19.35,18.56,18.02,17.02,16.59,16.19,15.99,15.84,15.75,15.72,15.72,89.031,80.632,65.525,72.404,57.933,311.24,145.64,6773.0,112.98,455.85,1197.2,715.8,4353.0,219.3,1046.6,2935.53,1148.05,80.8883,90.1117,66.23
2025-05-14,20.76,19.6,18.77,18.17,16.92,16.42,16.02,15.86,15.74,15.62,15.55,15.51,88.868,80.867,65.052,72.302,57.748,304.21,141.74,6699.5,110.6,438.8,1144.2,700.5,4288.0,215.65,1029.0,2924.21,1148.28,80.55,89.6956,66.03
2025-05-15,20.71,19.56,18.75,18.17,17.01,16.54,16.13,15.95,15.83,15.74,15.71,15.69,88.922,80.718,65.465,72.473,57.993,304.72,139.44,6612.0,110.52,442.15,1148.4,695.7,4315.0,218.8,1031.2,2840.05,1113.98,80.2237,90.3821,64.52
2025-05-16,20.38,19.32,18.56,18.02,16.93,16.47,16.08,15.9,15.79,15.7,15.67,15.65,88.969,80.582,65.773,72.487,58.269,306.34,139.1,6605.0,110.6,439.85,1149.8,699.0,4264.5,216.55,1027.2,2840.34,1107.81,80.3134,90.1011,65.29
2025-05-19,20.05,18.99,18.27,17.77,16.82,16.38,15.98,15.8,15.69,15.62,15.6,15.6,88.994,81.467,65.952,72.935,58.438,308.33,139.72,6636.5,109.92,439.0,1157.2,703.9,4255.0,216.65,1025.4,2882.63,1129.27,,,65.59
2025-05-20,20.34,19.36,18.62,18.07,16.86,16.37,16.01,15.87,15.77,15.64,15.57,15.53,89.167,81.359,65.942,72.786,58.159,306.16,137.1,6584.0,107.82,432.3,1141.0,690.9,4238.5,219.9,1008.2,2823.42,1107.54,80.4137,90.5098,64.95
2025-05-21,20.49,19.62,18.94,18.39,17.05,16.42,15.97,15.84,15.76,15.63,15.55,15.49,89.302,81.419,65.828,72.92,58.621,303.98,136.5,6604.5,105.56,429.35,1143.8,691.4,4176.0,216.05,1002.6,2809.58,1109.77,80.3075,89.9679,64.98
2025-05-22,20.46,19.45,18.68,18.08,16.73,16.2,15.89,15.83,15.8,15.72,15.67,15.65,89.173,81.75,66.04,72.82,58.448,302.66,130.87,6528.0,105.02,423.85,1106.6,692.7,3922.0,217.15,996.0,2792.16,1103.14,79.753,91.299,63.94
2025-05-23,20.54,19.66,18.95,18.36,16.86,16.18,15.78,15.75,15.77,15.75,15.73,15.73,89.349,81.989,66.032,72.975,58.698,302.22,131.13,6550.0,103.68,420.7,1077.6,690.7,3877.5,214.5,982.2,2770.1,1094.76,79.7357,90.2004,64.87
2025-05-26,20.4,19.35,18.58,18.01,16.82,16.35,16.05,15.97,15.92,15.86,15.84,15.83,89.173,81.511,65.526,72.544,57.918,297.77,125.52,6440.0,100.04,413.9,1031.8,678.6,3750.5,210.1,947.6,2699.84,1067.69,,,64.79
2025-05-27,20.19,19.21,18.48,17.94,16.79,16.36,16.08,15.99,15.93,15.83,15.78,15.77,89.29,81.885,65.559,72.491,57.814,298.7,127.41,6486.0,101.34,413.65,1040.6,680.1,3744.0,213.0,951.8,2736.75,1082.85,79.6588,90.4644,63.75
2025-05-28,19.82,18.4,17.52,16.99,16.26,16.06,15.92,15.87,15.85,15.82,15.8,15.78,89.522,82.283,66.049,73.009,58.393,308.47,131.95,6686.0,107.2,428.15,1113.0,685.8,3780.0,217.1,988.8,2785.2,1102.21,79.6176,90.9007,65.4
2025-05-29,20.07,19.02,18.24,17.65,16.43,16.0,15.77,15.73,15.71,15.64,15.59,15.56,89.815,82.357,66.33,73.409,58.495,306.65,129.42,6680.5,104.84,424.95,1078.2,687.8,3755.0,214.0,985.8,2809.94,1127.68,79.6037,90.3365,64.15
2025-05-30,20.04,18.84,18.01,17.42,16.27,15.85,15.58,15.53,15.51,15.46,15.41,15.37,90.087,82.709,66.921,73.948,59.024,309.3,132.26,6749.0,106.42,427.15,1101.8,704.8,3788.0,216.95,1004.8,2828.83,1133.52,78.497,88.9481,63.9
2025-06-02,20.09,18.84,17.96,17.33,16.13,15.73,15.51,15.45,15.41,15.33,15.3,15.3,90.245,82.943,67.31,74.449,59.595,309.63,129.87,6834.0,105.68,438.7,1113.4,656.5,3832.5,218.9,1008.2,2829.67,1126.53,,,64.72
2025-06-03,20.05,18.64,17.68,17.01,15.81,15.47,15.34,15.32,15.3,15.23,15.19,15.17,90.646,83.769,68.28,75.124,59.997,313.55,130.56,6473.0,110.4,444.15,1132.0,661.7,3925.5,227.9,1052.2,2834.06,1132.19,79.1285,90.377,65.63
2025-06-04,19.98,18.67,17.74,17.06,15.76,15.37,15.2,15.17,15.15,15.07,15.01,15.02,90.742,83.748,68.874,75.932,60.266,313.23,129.58,6431.5,111.38,435.45,1105.0,656.7,3925.0,226.35,1052.2,2836.64,1138.31,78.8549,89.9267,64.67
2025-06-05,19.59,18.19,17.28,16.68,15.67,15.39,15.23,15.17,15.09,14.99,14.94,14.94,90.699,83.695,68.42,75.683,60.042,317.96,129.48,6453.0,109.82,437.9,1112.8,654.3,3948.0,231.9,1049.2,2856.61,1137.28,78.5025,89.3108,65.35
2025-06-06,19.28,18.11,17.35,16.84,15.96,15.65,15.43,15.35,15.3,15.22,15.18,15.18,90.471,83.0,67.677,74.713,59.252,313.13,125.56,6344.5,108.2,429.2,1069.4,639.1,3897.5,225.6,1016.8,2786.16,1108.63,79.1272,90.6635,66.3
2025-06-09,19.46,18.38,17.62,17.08,16.03,15.64,15.35,15.25,15.16,15.06,15.01,14.99,90.299,83.194,67.809,74.948,59.543,311.17,123.5,6249.0,110.7,425.75,1043.4,640.2,3759.0,224.05,987.2,2737.76,1089.59,,,66.71
2025-06-10,19.75,18.52,17.63,16.99,15.73,15.33,15.15,15.12,15.1,15.04,15.0,14.99,90.688,83.797,68.409,75.561,59.84,308.68,122.8,6195.5,106.24,411.15,1009.4,626.0,3706.5,222.7,983.2,2722.37,1091.1,79.1543,90.3666,67.58
2025-06-11,19.1,18.27,17.61,17.09,15.84,15.32,15.04,15.02,15.04,15.02,14.99,14.99,90.992,84.037,68.51,75.931,60.0,312.0,122.84,6173.5,106.8,415.4,1028.0,622.9,3694.0,223.95,987.0,2733.2,1089.86,78.6003,89.7918,68.17
2025-06-13,19.52,17.99,17.03,16.41,15.47,15.23,15.07,15.01,14.98,14.93,14.91,14.92,91.232,83.889,68.46,75.844,60.056,310.2,123.39,6380.0,105.5,444.4,1035.6,654.7,3697.5,223.9,982.4,2750.32,1096.68,,,73.36
2025-06-16,18.49,17.87,17.36,16.95,15.95,15.5,15.21,15.14,15.1,15.04,15.01,15.0,90.884,83.6,68.23,75.594,59.75,311.5,123.05,6269.0,104.42,436.15,1023.8,646.0,3669.5,225.55,989.2,2737.83,1098.6,,,72.14
2025-06-17,19.21,18.34,17.66,17.14,15.99,15.54,15.26,15.18,15.11,15.02,14.97,14.95,90.84,83.672,68.163,75.213,59.799,313.56,127.17,6408.0,107.52,456.95,1073.0,663.6,3694.5,226.05,1041.0,2788.94,1116.17,78.5067,90.9438,74.69
2025-06-18,18.85,18.04,17.4,16.89,15.71,15.26,15.05,15.07,15.12,15.12,15.09,15.06,90.997,84.0,68.633,75.761,59.907,313.38,126.67,6383.5,107.28,454.85,1061.8,660.8,3670.0,228.45,1021.2,2791.83,1117.27,78.7135,90.7548,75.31
2025-06-19,18.79,17.95,17.3,16.78,15.6,15.16,14.95,14.94,14.97,14.95,14.93,14.92,91.314,84.153,69.125,76.288,60.291,312.46,125.92,6336.0,106.72,455.6,1056.6,655.5,3676.0,229.05,1009.8,2783.81,1117.38,78.7174,90.3093,77.88
2025-06-20,19.1,18.13,17.38,16.8,15.54,15.09,14.92,14.94,14.98,14.97,14.95,14.94,91.483,84.296,69.234,76.5,60.463,309.7,124.27,6281.0,104.5,448.75,1040.8,651.5,3614.5,228.5,1009.8,2751.04,1103.97,78.4839,89.838,76.5
2025-06-23,17.83,17.24,16.76,16.38,15.48,15.12,14.98,15.02,15.09,15.12,15.12,15.14,91.571,84.24,68.601,76.161,60.118,310.17,124.28,6242.0,103.9,440.0,1039.6,642.5,3566.0,227.2,993.6,2759.67,1110.4,,,76.86
2025-06-24,17.54,17.01,16.58,16.23,15.44,15.14,15.01,15.04,15.08,15.09,15.08,15.09,91.658,84.555,68.745,76.224,60.409,311.37,125.13,6208.5,104.98,436.8,1046.6,647.0,3576.0,234.95,996.6,2744.95,1103.11,78.2923,89.8388,67.76
2025-06-25,17.56,16.94,16.45,16.07,15.2,14.89,14.82,14.89,14.97,15.0,15.01,15.03,92.113,84.701,69.159,76.881,60.79,313.78,126.35,6236.5,107.18,435.05,1090.8,655.3,3620.5,235.6,1011.8,2790.78,1124.3,78.3892,91.737,68.24
2025-06-26,17.75,16.84,16.19,15.73,14.9,14.73,14.78,14.87,14.94,14.97,14.97,14.99,91.98,84.773,69.549,77.108,61.194,312.84,126.69,6205.5,110.4,435.15,1078.0,653.0,3608.5,234.0,1013.2,2797.27,1126.69,78.1959,91.0599,68.75
2025-06-27,17.39,16.6,16.01,15.58,14.73,14.53,14.6,14.73,14.85,14.91,14.93,14.96,92.398,85.103,69.673,77.131,61.602,315.18,127.59,6274.0,111.58,438.75,1091.0,670.2,3600.0,234.5,1033.0,2806.11,1126.55,78.2117,91.6601,67.68
2025-06-30,17.3,16.45,15.84,15.4,14.62,14.46,14.52,14.6,14.67,14.7,14.71,14.72,92.723,85.119,70.315,77.707,62.1,316.15,129.89,6307.5,111.22,442.3,1097.6,670.1,3632.5,237.9,1055.6,2847.38,1142.24,,,66.56
2025-07-01,17.24,16.4,15.81,15.38,14.62,14.47,14.53,14.62,14.7,14.71,14.7,14.7,92.793,85.558,70.293,77.648,62.149,318.42,128.26,6306.0,110.48,439.75,1111.0,653.9,3719.5,236.45,1047.6,2848.44,1144.28,78.5284,92.2672,67.19
2025-07-02,16.54,15.99,15.57,15.26,14.63,14.43,14.44,14.54,14.63,14.66,14.67,14.69,92.624,85.544,70.654,78.058,62.418,319.43,127.11,6234.0,112.02,435.0,1093.8,646.3,3664.0,234.1,1042.0,2815.26,1127.56,78.4181,92.744,67.88
2025-07-03,16.44,15.88,15.46,15.16,14.56,14.42,14.48,14.58,14.66,14.69,14.69,14.71,92.659,85.199,70.439,77.88,62.345,319.17,127.85,6138.0,109.4,427.3,1073.4,637.2,3637.0,228.5,1063.0,2823.34,1128.94,78.654,92.6774,68.45
2025-07-04,16.52,15.99,15.59,15.28,14.65,14.47,14.49,14.58,14.66,14.67,14.66,14.67,92.686,85.293,70.562,77.635,62.492,319.44,127.83,6151.5,109.48,426.7,1050.2,642.0,3603.0,225.5,1040.0,2801.65,1119.52,78.7831,93.1277,68.1
2025-07-07,16.26,15.73,15.35,15.08,14.58,14.48,14.55,14.63,14.7,14.71,14.71,14.72,92.713,85.255,70.266,77.575,62.454,313.5,124.02,6110.5,106.4,426.6,1030.2,639.2,3615.5,193.8,1011.8,2756.14,1102.97,,,68.92
2025-07-08,16.21,15.72,15.36,15.1,14.59,14.48,14.53,14.62,14.69,14.71,14.71,14.72,92.852,85.199,70.262,77.512,62.206,309.71,121.03,6013.0,103.72,415.25,1016.4,621.2,3551.5,195.95,998.2,2755.58,1110.51,78.7185,92.4138,69.78
2025-07-09,16.25,15.69,15.34,15.11,14.77,14.71,14.72,14.76,14.78,14.74,14.72,14.72,92.948,85.276,70.245,77.306,62.118,310.09,119.67,5934.0,104.16,410.25,1032.8,614.2,3502.5,193.95,1010.2,2696.45,1086.62,78.1682,91.9667,70.21
2025-07-10,15.98,15.44,15.1,14.89,14.6,14.58,14.62,14.67,14.69,14.66,14.64,14.65,93.082,85.491,70.358,77.79,62.264,314.01,120.32,5932.5,104.42,413.2,1037.0,623.8,3491.0,197.0,1002.6,2732.45,1104.94,78.1727,91.4175,68.69
2025-07-11,16.13,15.62,15.27,15.03,14.65,14.59,14.63,14.68,14.71,14.69,14.68,14.69,93.095,85.441,70.053,77.57,62.217,309.88,116.24,5737.5,101.5,402.25,991.4,608.1,3395.0,193.65,983.6,2642.02,1068.61,77.9029,91.4992,70.3
2025-07-14,15.88,15.37,15.05,14.85,14.59,14.56,14.58,14.61,14.64,14.62,14.59,14.58,93.175,85.843,70.678,77.861,62.638,317.97,122.3,5933.0,109.26,422.25,1031.2,624.6,3501.0,194.4,1016.4,2714.14,1090.96,,,69.56
2025-07-15,15.73,15.21,14.89,14.68,14.38,14.33,14.34,14.36,14.37,14.34,14.31,14.3,93.52,86.11,71.098,78.403,63.327,319.99,121.63,5913.5,110.1,419.15,1046.8,628.1,3521.5,200.75,1030.4,2756.95,1114.06,78.3722,91.7738,68.77
2025-07-16,14.73,14.41,14.23,14.14,14.08,14.13,14.21,14.26,14.3,14.29,14.27,14.27,93.95,86.598,71.903,78.899,63.969,321.58,122.83,5943.0,110.04,422.0,1044.2,628.8,3580.0,202.15,1034.0,2777.16,1122.22,77.9584,91.1531,68.11
2025-07-17,14.27,14.1,14.02,13.99,14.02,14.09,14.18,14.22,14.26,14.24,14.23,14.24,94.2,86.912,71.945,79.246,64.15,327.05,120.8,5925.5,108.68,420.7,1034.0,632.9,3569.0,202.2,1020.2,2761.48,1112.64,77.9585,90.5635,68.94
2025-07-18,14.04,13.91,13.84,13.82,13.86,13.95,14.08,14.16,14.21,14.21,14.2,14.23,94.4,87.285,72.317,79.281,64.386,309.0,126.75,6114.5,115.36,414.35,1082.0,659.9,3621.5,208.65,1040.6,2784.63,1120.15,78.1856,90.9716,69.31
2025-07-21,14.21,13.95,13.82,13.77,13.83,13.94,14.08,14.15,14.17,14.15,14.14,14.14,94.443,86.826,72.33,79.264,64.549,310.4,128.34,6170.0,116.54,417.6,1091.6,660.9,3673.0,209.45,1042.6,2821.78,1134.88,,,68.75
2025-07-22,14.94,14.39,14.09,13.93,13.86,13.97,14.11,14.18,14.23,14.22,14.21,14.23,94.386,86.945,72.121,79.14,64.26,310.67,129.07,6196.5,119.5,419.6,1085.0,666.5,3709.5,210.0,1061.2,2825.61,1139.9,78.3274,91.5138,68.56
2025-07-23,15.06,14.44,14.1,13.92,13.83,13.93,14.08,14.15,14.17,14.14,14.13,14.16,94.396,86.935,72.328,79.512,64.406,313.08,129.2,6190.0,118.24,424.7,1071.4,671.6,3693.5,210.85,1040.0,2841.16,1140.92,78.0882,91.7782,68.21
2025-07-24,15.15,14.5,14.12,13.91,13.77,13.87,14.04,14.12,14.13,14.07,14.05,14.09,94.505,87.097,72.341,79.457,64.48,310.83,128.04,6169.0,118.26,422.5,1073.2,669.6,3671.0,211.05,1031.8,2807.69,1121.55,78.4477,91.7897,69.25
2025-07-25,15.22,14.58,14.22,14.01,13.82,13.87,13.97,14.01,14.02,13.98,13.96,13.97,94.467,87.238,72.743,79.864,64.681,308.93,126.5,6074.5,114.68,418.0,1052.8,664.0,3680.0,209.35,1008.6,2772.39,1097.84,78.8623,93.3362,68.68
2025-07-28,14.88,14.33,14.03,13.87,13.77,13.84,13.97,14.04,14.08,14.07,14.06,14.08,94.35,87.368,72.857,79.851,64.793,303.97,122.86,5981.5,117.0,415.05,1024.8,650.3,3585.5,206.75,1003.2,2730.98,1081.1,,,69.72
2025-07-29,14.94,14.25,13.85,13.62,13.48,13.62,13.86,14.0,14.09,14.1,14.09,14.09,94.75,87.519,72.666,79.849,65.009,305.26,122.69,6005.0,122.9,425.95,1028.0,644.2,3592.0,206.8,1001.4,2758.28,1056.83,79.5782,93.206,70.89
2025-07-30,14.93,14.26,13.89,13.71,13.62,13.73,13.9,13.97,14.0,14.0,14.0,14.02,94.758,87.964,72.943,80.286,64.95,303.3,121.34,5925.5,119.46,419.4,1018.8,646.0,3563.5,205.35,993.0,2726.24,1049.46,82.2197,94.9976,72.97
2025-07-31,14.99,14.27,13.88,13.69,13.6,13.72,13.89,13.99,14.05,14.04,14.02,14.04,94.798,87.831,73.017,80.134,64.638,304.95,122.57,5922.0,120.86,419.65,1014.2,647.0,3525.5,209.75,998.2,2732.12,1071.61,81.8347,94.9514,72.42
2025-08-01,15.03,14.3,13.91,13.71,13.63,13.76,13.94,14.03,14.1,14.1,14.09,14.12,94.867,87.81,73.006,79.971,64.592,304.22,121.63,5910.5,120.12,416.85,1014.0,651.1,3527.5,208.0,996.4,2727.98,1069.82,80.3163,91.8751,69.61
2025-08-04,14.79,13.96,13.52,13.3,13.3,13.56,13.91,14.09,14.19,14.21,14.2,14.21,95.134,88.169,72.665,79.925,64.793,307.95,125.94,6097.5,120.68,429.1,1058.2,658.6,3599.0,208.2,1003.6,2773.85,1096.75,,,69.16
2025-08-05,14.78,13.92,13.44,13.19,13.16,13.45,13.85,14.04,14.15,14.19,14.21,14.24,95.341,88.275,72.795,80.059,64.791,307.38,125.98,6081.0,122.16,435.75,1058.6,668.7,3601.0,212.2,1013.8,2786.37,1096.54,79.6736,92.3252,68.01
2025-08-06,15.26,14.12,13.54,13.26,13.26,13.55,13.91,14.07,14.16,14.19,14.21,14.27,95.429,88.487,73.083,80.298,64.99,310.22,130.11,6170.0,123.7,438.4,1083.8,688.6,3616.5,213.0,1027.4,2764.62,1086.05,80.049,92.5094,68.32
2025-08-07,14.99,13.87,13.29,13.0,12.99,13.29,13.66,13.84,13.98,14.05,14.08,14.13,95.437,88.374,73.22,81.024,65.054,313.43,134.24,6202.5,125.5,445.05,1138.0,703.0,3675.0,217.05,1039.2,2876.43,1141.45,80.1914,93.0072,66.8
2025-08-08,15.12,13.94,13.28,12.94,12.8,13.1,13.53,13.76,13.93,14.04,14.08,14.12,95.455,88.658,73.829,81.932,65.25,317.97,141.16,6320.0,128.3,455.2,1195.8,728.7,3745.5,221.95,1073.8,2924.63,1154.84,79.3847,92.6636,66.84
2025-08-11,14.98,13.79,13.17,12.87,12.83,13.11,13.48,13.67,13.81,13.87,13.88,13.92,95.321,88.701,73.878,81.809,65.775,317.82,140.0,6336.5,128.1,461.55,1222.0,721.2,3785.5,220.35,1129.0,2964.15,1172.08,,,66.7
2025-08-12,14.91,13.8,13.2,12.9,12.81,13.08,13.44,13.64,13.78,13.82,13.82,13.85,95.398,88.759,73.84,81.873,65.924,318.0,140.8,6385.0,128.2,461.5,1244.0,723.2,3765.5,221.8,1105.2,2977.18,1174.23,79.6677,92.9485,66.31
2025-08-13,15.03,13.97,13.41,13.13,13.04,13.25,13.53,13.67,13.77,13.77,13.77,13.82,95.419,88.944,73.83,81.995,65.76,317.51,139.39,6336.0,128.2,456.6,1241.2,712.5,3740.0,222.1,1092.0,2973.02,1176.54,79.8714,92.8583,65.41
2025-08-14,15.1,14.12,13.59,13.31,13.15,13.3,13.51,13.62,13.7,13.7,13.69,13.72,95.25,89.02,73.885,81.86,65.83,318.73,140.26,6387.0,131.46,474.75,1264.4,721.6,3801.5,222.75,1118.0,2977.34,1175.86,79.6032,93.3875,66.77
2025-08-15,14.96,13.89,13.31,13.01,12.86,13.04,13.31,13.44,13.53,13.51,13.48,13.51,95.538,89.291,74.178,82.12,66.609,319.4,142.53,6444.0,130.58,487.35,1278.8,725.4,3788.0,224.6,1120.2,3012.09,1185.76,79.7653,93.0588,66.32
2025-08-18,15.15,14.17,13.62,13.32,13.09,13.2,13.38,13.46,13.47,13.42,13.41,13.45,95.321,89.261,74.279,82.18,66.867,318.38,139.5,6420.0,129.88,475.2,1269.8,706.2,3777.5,225.1,1114.0,2951.26,1155.99,,,66.05
2025-08-19,15.3,14.37,13.82,13.5,13.15,13.18,13.29,13.33,13.3,13.21,13.17,13.2,95.329,89.162,74.24,82.049,67.789,316.5,137.81,6365.0,128.34,466.8,1250.6,698.3,3800.0,225.6,1116.4,2965.66,1162.77,80.4256,94.0884,66.09
2025-08-20,14.83,14.04,13.6,13.35,13.18,13.29,13.49,13.58,13.59,13.53,13.48,13.48,95.286,88.958,73.657,81.179,66.481,314.17,135.31,6311.5,125.72,463.25,1215.0,694.3,3764.5,226.25,1105.0,2940.78,1156.5,80.3466,93.5604,66.88
2025-08-21,14.88,14.16,13.75,13.54,13.38,13.48,13.65,13.72,13.72,13.66,13.63,13.65,95.288,88.677,73.169,80.619,66.062,309.98,131.13,6249.0,121.8,454.75,1164.0,681.2,3689.0,223.8,1065.0,2883.5,1131.85,80.1045,93.4791,67.4
2025-08-22,14.64,13.91,13.5,13.29,13.19,13.35,13.59,13.7,13.75,13.72,13.69,13.7,95.472,89.276,73.388,80.884,66.301,312.05,132.57,6326.0,122.94,456.35,1184.8,675.0,3706.5,224.9,1066.6,2896.76,1130.09,80.2548,93.5049,67.54
2025-08-25,14.77,13.95,13.51,13.3,13.25,13.43,13.66,13.77,13.81,13.78,13.78,13.82,95.44,88.972,73.343,80.349,66.045,311.42,132.38,6275.5,123.42,458.4,1171.2,665.5,3651.0,220.3,1068.0,2887.24,1127.29,,,68.81
2025-08-26,15.04,14.18,13.72,13.49,13.39,13.55,13.78,13.88,13.89,13.84,13.82,13.87,95.102,88.57,73.336,80.431,65.653,311.79,133.69,6280.0,122.96,461.65,1172.0,660.2,3660.5,224.0,1077.0,2885.87,1128.95,80.6842,94.4622,67.44
2025-08-27,15.06,14.24,13.79,13.56,13.42,13.55,13.74,13.82,13.84,13.81,13.79,13.83,95.1,88.147,73.0,80.398,65.542,312.78,135.51,6323.0,127.1,465.6,1225.2,653.7,3692.0,224.0,1100.2,2911.48,1140.17,80.5268,93.3684,67.57
2025-08-28,14.98,14.23,13.81,13.59,13.47,13.6,13.79,13.88,13.9,13.88,13.87,13.9,94.961,88.098,72.707,80.078,64.699,310.82,133.25,6273.5,124.32,456.15,1217.0,647.7,3677.0,219.9,1070.6,2912.72,1142.79,80.4421,93.3428,67.62
2025-08-29,15.5,14.75,14.31,14.06,13.78,13.8,13.88,13.91,13.9,13.84,13.82,13.86,94.702,87.76,72.547,79.634,64.699,310.04,135.88,6430.5,125.44,459.75,1238.4,651.3,3670.0,217.95,1061.0,2899.38,1137.0,80.2918,93.4891,68.11
2025-09-01,15.27,14.67,14.3,14.08,13.79,13.79,13.84,13.87,13.85,13.8,13.78,13.8,94.798,87.717,72.821,79.846,64.746,309.2,134.91,6370.0,123.2,461.1,1225.6,651.0,3520.0,218.45,1057.6,2886.97,1130.8,,,68.06
2025-09-02,15.25,14.64,14.28,14.07,13.83,13.83,13.89,13.92,13.91,13.85,13.83,13.84,94.814,87.752,72.995,79.971,64.674,308.44,132.18,6336.5,123.36,451.8,1220.0,647.0,3475.0,218.35,1046.8,2845.39,1112.18,80.4261,94.3841,68.76
2025-09-03,15.01,14.33,13.94,13.73,13.54,13.6,13.72,13.79,13.81,13.78,13.75,13.75,95.115,88.028,74.024,80.859,65.6,309.49,132.18,6393.0,124.88,447.95,1226.8,653.9,3489.0,220.0,1066.0,2867.55,1117.32,80.5947,93.8373,67.66
2025-09-04,15.28,14.45,13.97,13.7,13.44,13.48,13.57,13.63,13.68,13.67,13.65,13.65,95.124,88.203,74.362,81.319,65.599,308.74,130.8,6464.0,124.7,449.55,1226.6,655.4,3485.5,222.15,1064.6,2873.7,1113.54,80.8488,94.2539,66.97
2025-09-05,14.94,14.25,13.86,13.64,13.44,13.48,13.58,13.63,13.67,13.66,13.64,13.64,95.28,88.269,74.563,81.233,65.788,310.5,131.87,6472.0,126.0,459.4,1239.8,664.3,3531.5,224.5,1072.6,2901.45,1120.73,81.2977,94.7754,65.33
2025-09-08,14.96,14.19,13.75,13.51,13.31,13.37,13.49,13.57,13.62,13.62,13.6,13.6,95.161,88.437,74.734,81.42,65.75,312.83,133.48,6465.0,129.18,458.0,1237.4,658.7,3504.5,224.15,1080.2,2921.62,1117.78,,,66.17
2025-09-09,15.03,14.37,13.99,13.77,13.53,13.55,13.62,13.67,13.71,13.69,13.66,13.65,95.089,88.581,74.18,80.736,65.325,313.06,133.52,6484.5,130.2,467.7,1250.8,657.3,3509.0,223.5,1105.6,2935.96,1111.08,82.3397,96.5691,66.78
2025-09-10,14.7,14.07,13.71,13.52,13.39,13.49,13.65,13.72,13.74,13.7,13.68,13.7,95.159,88.05,73.586,80.202,64.956,309.76,130.73,6537.5,129.66,461.65,1231.0,650.1,3482.0,220.0,1081.8,2914.26,1081.07,83.2425,98.0336,67.42
2025-09-11,15.1,14.39,13.97,13.74,13.53,13.6,13.73,13.8,13.81,13.76,13.72,13.71,95.095,88.221,73.7,80.494,65.142,307.11,130.02,6626.5,129.44,464.55,1219.4,655.1,3481.0,219.9,1063.0,2908.14,1069.43,84.9211,99.8246,66.37
2025-09-12,15.5,14.75,14.31,14.06,13.8,13.84,13.94,13.98,13.97,13.92,13.89,13.91,94.872,87.972,72.656,79.917,64.127,303.5,125.44,6448.0,124.04,448.4,1201.0,645.5,3404.0,213.6,1052.4,2839.73,1060.18,85.6647,99.7367,67.41
2025-09-15,14.91,14.29,13.96,13.79,13.72,13.83,14.0,14.07,14.09,14.06,14.05,14.08,95.39,87.903,72.4,79.912,63.6,302.48,124.07,6420.0,123.56,440.8,1198.8,641.9,3329.5,211.75,1030.2,2809.85,1065.54,,,67.41
2025-09-16,15.2,14.6,14.26,14.07,13.9,13.95,14.07,14.12,14.14,14.1,14.07,14.07,95.088,87.643,71.996,79.877,63.001,301.8,122.58,6370.5,124.12,436.85,1207.2,631.7,3305.0,212.35,1019.2,2802.77,1065.88,83.0718,97.4502,68.33
2025-09-17,14.84,14.34,14.07,13.92,13.82,13.9,14.01,14.07,14.08,14.05,14.04,14.05,95.131,87.841,72.5,80.356,63.15,304.5,125.0,6380.0,126.3,441.0,1228.0,629.3,3299.5,214.15,1016.6,2814.04,1068.07,82.8359,97.8903,68.32
2025-09-18,14.85,14.39,14.14,14.01,13.93,14.0,14.11,14.18,14.23,14.2,14.17,14.18,94.913,87.551,71.671,79.699,62.278,301.68,122.77,6325.5,122.88,435.55,1207.2,620.4,3231.5,212.2,1016.8,2793.58,1058.09,82.9987,98.2994,67.69
2025-09-19,14.84,14.46,14.23,14.1,14.03,14.14,14.33,14.43,14.45,14.4,14.37,14.41,94.811,87.386,70.949,78.94,61.703,294.84,120.44,6239.0,119.28,428.9,1167.2,616.5,3196.5,208.1,980.8,2748.06,1035.64,83.1725,98.9773,66.75
2025-09-22,14.73,14.38,14.18,14.08,14.06,14.16,14.32,14.4,14.42,14.39,14.36,14.35,94.834,87.46,70.935,78.91,61.9,298.05,119.5,6268.5,121.8,431.45,1156.0,623.9,3164.0,208.45,988.0,2741.06,1027.74,,,66.47
2025-09-23,14.3,14.01,13.88,13.84,13.97,14.13,14.34,14.43,14.48,14.47,14.45,14.46,94.92,86.929,70.345,78.786,61.414,291.6,117.11,6140.0,119.34,421.9,1117.2,610.3,3163.5,207.5,965.2,2758.65,1042.63,84.0186,98.9638,67.75
2025-09-24,14.12,13.9,13.83,13.82,14.03,14.24,14.48,14.58,14.61,14.59,14.58,14.59,95.043,87.539,70.728,79.1,61.458,293.31,118.9,6189.0,123.7,427.7,1127.6,627.2,3422.0,209.25,974.4,2723.58,1021.52,83.3506,99.0363,68.97
2025-09-25,14.29,14.09,14.02,14.01,14.18,14.36,14.56,14.68,14.76,14.76,14.75,14.76,94.977,87.12,70.21,78.449,60.766,289.9,117.66,6123.0,120.56,422.2,1119.4,627.3,3251.5,205.95,967.0,2708.68,1020.6,83.9914,98.6015,69.18
2025-09-26,14.01,13.86,13.81,13.82,14.06,14.3,14.58,14.72,14.8,14.82,14.82,14.84,95.096,87.47,70.218,78.728,60.543,291.33,120.15,6228.0,122.78,424.25,1114.2,645.9,3209.5,207.8,977.8,2725.97,1027.06,83.6069,98.1542,70.62
2025-09-29,14.2,14.05,14.01,14.03,14.29,14.5,14.76,14.88,14.93,14.92,14.92,14.96,94.815,87.101,69.599,77.923,60.107,287.57,117.05,6093.0,125.96,416.9,1099.4,632.1,3125.0,207.55,960.6,2684.09,1020.36,,,67.87
2025-09-30,14.47,14.31,14.25,14.25,14.42,14.59,14.8,14.9,14.93,14.92,14.9,14.92,94.714,86.715,69.356,77.646,60.199,288.36,118.19,6082.5,123.88,411.4,1101.8,630.0,3087.0,205.05,943.2,2684.6,1023.75,82.8676,97.141,67.17
2025-10-01,14.15,14.15,14.19,14.25,14.48,14.65,14.83,14.92,14.95,14.93,14.92,14.93,94.915,86.92,69.582,77.65,60.195,286.4,116.43,6048.5,121.1,406.8,1116.8,614.6,3041.5,204.35,922.2,2647.25,1023.28,82.6084,96.8644,65.45
2025-10-02,14.49,14.49,14.52,14.55,14.7,14.81,14.94,14.99,15.01,14.99,14.98,14.99,94.499,86.518,69.341,77.151,59.848,285.22,116.07,6026.5,121.4,408.0,1114.8,600.0,3052.0,202.5,928.8,2632.07,1023.54,81.4967,95.6382,64.51
2025-10-03,14.63,14.61,14.6,14.6,14.67,14.77,14.9,14.96,14.98,14.94,14.93,14.94,94.76,86.677,69.373,77.285,59.825,282.91,115.09,5914.0,120.08,404.4,1084.0,581.8,3005.0,201.0,907.8,2604.55,1001.86,81.0085,95.3411,64.74
2025-10-06,15.03,14.77,14.64,14.59,14.65,14.77,14.92,14.98,15.0,14.97,14.96,14.99,94.478,86.842,69.579,77.216,60.087,290.56,119.17,6110.0,124.02,411.65,1083.2,591.9,3024.0,202.75,932.8,2648.5,1005.22,,,65.48
2025-10-07,15.3,14.97,14.8,14.71,14.71,14.8,14.92,14.97,14.98,14.96,14.94,14.97,94.637,87.0,69.678,77.299,59.929,293.89,118.74,6134.0,125.96,411.95,1073.6,598.0,3073.0,208.65,948.2,2668.6,1026.02,83.0,96.8345,65.32
2025-10-08,15.41,15.14,14.99,14.93,14.93,15.01,15.12,15.16,15.15,15.11,15.1,15.13,94.267,86.015,68.571,75.971,59.444,281.9,114.22,5952.0,121.86,403.85,1022.2,578.0,2979.0,204.7,907.2,2562.51,989.91,81.9349,95.6722,66.5
2025-10-09,14.87,14.84,14.83,14.84,14.9,14.95,15.02,15.04,15.02,14.97,14.96,14.99,94.656,86.38,69.042,76.635,59.701,289.37,116.83,6096.0,128.68,417.6,1056.6,607.7,3041.0,205.2,927.0,2638.37,1020.93,81.5478,94.9351,65.87
2025-10-10,14.93,14.95,14.96,14.98,15.02,15.06,15.11,15.12,15.09,15.03,15.02,15.04,94.609,86.205,68.932,76.202,59.551,285.12,115.18,5964.0,125.64,406.5,1035.6,581.9,2996.0,201.2,904.8,2588.56,1004.38,81.4103,94.703,63.28
2025-10-13,14.88,14.93,14.97,15.0,15.1,15.16,15.19,15.17,15.1,15.0,14.95,14.93,94.615,86.334,68.789,76.041,59.564,285.39,115.84,5950.0,129.04,402.8,1033.8,595.3,2933.0,200.65,905.0,2576.38,1003.79,,,63.3
2025-10-14,14.56,14.73,14.88,15.0,15.3,15.42,15.42,15.31,15.13,14.9,14.77,14.64,94.517,85.922,68.573,75.806,59.436,283.3,115.27,5888.0,126.56,401.35,1049.6,557.5,2901.5,200.2,885.0,2541.49,1001.3,80.8548,93.9181,62.01
2025-10-15,14.48,14.67,14.83,14.97,15.31,15.45,15.44,15.31,15.08,14.81,14.66,14.54,94.698,85.999,68.742,76.093,59.7,283.74,115.13,5835.0,125.22,400.85,1076.4,542.2,2880.0,200.25,874.8,2545.22,1017.01,79.9589,92.6816,62.11
2025-10-16,14.16,14.35,14.52,14.65,14.97,15.09,15.09,14.99,14.79,14.52,14.36,14.2,94.641,87.994,71.21,77.7,61.212,302.91,124.36,6185.0,134.34,423.75,1162.0,589.1,3040.0,210.3,929.0,2607.78,1038.78,78.839,91.7258,61.76
2025-10-17,13.9,14.11,14.28,14.42,14.75,14.88,14.91,14.82,14.63,14.36,14.19,14.03,94.899,86.901,70.891,77.9,61.325,300.91,124.74,6312.5,131.52,418.0,1158.4,606.6,3065.0,211.3,939.2,2721.14,1058.51,79.0839,92.0834,61.17
2025-10-20,12.77,13.35,13.81,14.18,14.98,15.17,15.04,14.83,14.59,14.36,14.24,14.12,95.183,86.37,70.157,77.119,61.04,304.0,126.02,6374.0,133.54,421.0,1159.6,607.6,3063.0,210.5,928.8,2744.83,1062.81,,,60.55
2025-10-21,13.15,13.54,13.88,14.16,14.91,15.25,15.34,15.16,14.81,14.4,14.17,13.97,95.34,86.312,69.758,76.77,60.63,295.47,120.9,6266.0,128.0,411.95,1116.4,596.5,2986.5,206.95,914.0,2632.42,1019.41,81.3582,94.3845,61.35
2025-10-22,12.86,13.27,13.62,13.92,14.68,15.05,15.21,15.07,14.79,14.41,14.19,13.97,95.337,86.492,69.469,76.524,60.539,290.02,119.14,6052.0,127.3,401.95,1084.4,580.4,2955.0,206.4,905.0,2653.0,1023.52,81.3475,94.6656,62.9
2025-10-23,12.86,13.27,13.62,13.91,14.71,15.1,15.28,15.17,14.91,14.56,14.36,14.17,95.25,87.021,69.586,76.595,60.75,291.8,117.8,5761.0,127.36,389.85,1077.2,565.5,2945.0,205.45,895.2,2570.67,996.47,81.6549,94.7543,65.94
2025-10-24,12.64,13.08,13.46,13.79,14.67,15.12,15.35,15.24,14.97,14.62,14.42,14.24,95.591,87.146,69.494,76.667,60.256,287.55,116.94,5636.0,126.18,389.8,1057.6,557.1,2916.0,200.65,875.8,2543.93,989.72,81.269,94.3889,66.5
2025-10-27,12.72,13.19,13.59,13.92,14.76,15.2,15.46,15.4,15.15,14.81,14.6,14.4,95.53,86.872,68.6,75.856,59.625,283.17,115.16,5237.0,118.5,370.15,1026.6,517.1,2810.0,199.0,850.8,2476.79,987.84,,,66.01
2025-10-28,12.54,12.99,13.38,13.71,14.6,15.07,15.36,15.29,15.04,14.71,14.52,14.35,95.545,87.356,69.092,76.172,60.123,289.46,116.43,5461.0,122.6,376.5,1052.2,519.8,2838.0,200.3,864.4,2495.09,984.76,78.9848,92.0233,64.28
2025-10-29,12.48,12.95,13.34,13.65,14.42,14.83,15.11,15.08,14.86,14.52,14.31,14.09,95.702,87.473,69.698,76.629,60.838,290.5,116.37,5387.5,125.3,377.95,1057.6,536.9,2825.0,201.65,853.2,2523.35,1000.24,79.8174,92.9395,65.2
2025-10-30,12.39,12.84,13.22,13.55,14.41,14.83,15.04,14.94,14.68,14.33,14.13,13.94,95.917,87.681,70.215,77.255,61.358,296.12,117.25,5508.0,126.7,387.5,1067.2,544.5,2926.5,204.6,878.0,2557.48,1000.78,79.4715,92.2466,64.87
2025-10-31,12.3,12.76,13.15,13.48,14.38,14.84,15.11,15.02,14.77,14.41,14.2,14.02,95.965,87.588,69.887,76.902,60.797,291.89,116.11,5443.0,123.94,382.45,1044.8,531.9,2871.0,202.55,853.4,2525.2,982.39,80.5037,93.3894,65.1
2025-11-01,,,,,,,,,,,,,96.101,87.65,70.093,77.056,61.247,293.7,116.2,5475.0,125.12,384.8,1044.8,537.4,2872.5,202.95,855.2,2532.66,986.38,80.9756,93.3893,64.77
2025-11-03,11.73,12.38,12.92,13.36,14.44,14.82,14.91,14.78,14.58,14.34,14.21,14.08,96.159,87.416,70.373,77.358,61.463,298.04,117.52,5580.0,127.0,394.2,1066.0,553.0,2908.5,204.7,862.4,2570.96,1001.3,,,64.6
2025-11-05,12.14,12.59,12.98,13.31,14.22,14.69,14.96,14.9,14.65,14.32,14.12,13.95,96.081,87.986,70.32,77.435,61.4,295.7,116.46,5490.5,125.02,389.4,1055.4,546.8,2866.0,204.5,859.4,2546.62,988.12,,,64.37
2025-11-06,11.86,12.38,12.83,13.22,14.26,14.78,15.06,14.96,14.68,14.3,14.09,13.9,96.136,87.999,70.102,77.354,61.38,294.27,117.12,5453.5,124.74,389.95,1060.2,541.6,2869.5,203.1,852.6,2542.7,984.32,81.1885,93.5131,62.96
2025-11-07,11.98,12.46,12.88,13.24,14.2,14.68,14.97,14.91,14.66,14.32,14.12,13.95,96.197,88.142,70.588,77.67,61.37,296.84,120.45,5324.0,126.52,394.85,1077.8,562.5,2867.5,205.75,864.4,2566.42,995.35,81.3765,93.7641,63.57
2025-11-10,11.98,12.45,12.85,13.2,14.13,14.6,14.86,14.78,14.52,14.17,13.97,13.78,96.211,88.036,70.74,77.802,61.979,300.46,119.34,5140.5,126.56,389.45,1075.8,557.0,2880.0,205.6,870.2,2558.6,994.92,,,63.62
2025-11-11,11.88,12.35,12.76,13.1,14.04,14.49,14.76,14.68,14.42,14.05,13.84,13.64,96.311,88.033,71.111,77.907,62.564,301.12,121.53,5156.5,126.82,390.15,1088.8,561.2,2887.0,204.75,892.6,2566.17,993.65,81.0132,93.9287,64.86
2025-11-12,11.63,12.15,12.59,12.97,13.97,14.45,14.72,14.63,14.36,13.98,13.75,13.54,96.58,88.25,71.326,78.35,62.884,299.09,119.14,4918.0,124.7,383.9,1075.0,550.3,2851.0,204.0,886.2,2536.22,982.92,81.3562,94.1954,63.24
2025-11-13,11.31,11.85,12.32,12.71,13.79,14.33,14.67,14.61,14.35,13.98,13.77,13.57,96.568,88.474,71.213,78.42,62.985,299.09,119.28,4954.5,125.38,383.15,1086.4,549.0,2870.0,204.6,875.4,2543.36,994.05,81.2852,94.1893,63.09
2025-11-14,11.33,11.88,12.36,12.76,13.85,14.39,14.73,14.66,14.36,13.94,13.7,13.49,96.5,88.437,71.115,78.449,62.82,297.44,118.16,5114.5,123.9,382.2,1077.4,547.3,2848.5,204.4,861.6,2525.68,980.73,80.601,93.6953,64.41
2025-11-17,11.31,11.89,12.39,12.82,13.97,14.54,14.83,14.71,14.38,13.95,13.71,13.48,96.549,88.132,70.932,78.164,62.635,294.68,118.14,4886.0,123.02,379.8,1049.6,544.5,2814.5,203.45,851.2,2510.64,974.86,,,64.26
2025-11-18,11.84,12.32,12.73,13.08,14.03,14.5,14.78,14.69,14.38,13.96,13.72,13.52,96.455,87.979,70.94,78.22,62.652,299.44,121.06,5058.5,127.0,387.25,1073.0,564.9,2843.5,205.45,876.0,2563.07,996.14,81.1302,94.4179,63.95
2025-11-19,11.91,12.38,12.78,13.12,14.02,14.46,14.7,14.61,14.31,13.92,13.68,13.48,96.123,88.055,71.093,78.473,62.89,304.75,124.0,5275.0,129.8,402.6,1117.8,598.3,2877.5,209.65,913.0,2646.02,1029.78,81.0547,93.9295,63.51
2025-11-20,12.11,12.55,12.92,13.23,14.07,14.47,14.7,14.62,14.35,13.97,13.75,13.56,96.25,88.08,71.14,78.722,62.966,307.89,128.11,5470.0,133.38,412.95,1162.0,628.8,2942.5,213.4,942.2,2628.31,1025.58,80.9448,93.7804,64.35
2025-11-21,12.66,13.01,13.3,13.54,14.16,14.44,14.6,14.52,14.27,13.91,13.7,13.52,95.957,87.929,71.285,78.788,63.044,306.7,127.06,5503.0,132.62,407.95,1159.4,626.0,2913.5,210.7,931.6,2685.03,1070.35,80.7321,92.6047,62.43
2025-11-24,12.62,12.98,13.29,13.55,14.23,14.54,14.68,14.56,14.27,13.88,13.66,13.48,96.183,87.765,71.232,78.502,63.156,305.87,126.0,5505.0,129.8,409.55,1147.0,601.0,2905.5,208.95,918.0,2654.84,1059.72,,,62.65
2025-11-25,12.82,13.16,13.44,13.68,14.28,14.54,14.68,14.6,14.34,13.97,13.75,13.58,96.173,87.848,70.913,78.379,63.066,306.6,127.6,5520.0,132.34,410.2,1158.8,600.4,2982.0,211.55,937.8,2685.95,1071.57,78.9202,91.3672,61.81
2025-11-26,13.16,13.49,13.77,13.99,14.54,14.76,14.81,14.67,14.37,13.94,13.69,13.5,95.701,87.6,70.8,78.004,62.661,304.96,126.6,5471.0,131.36,407.4,1145.4,592.8,2971.0,212.2,926.2,2668.38,1069.54,78.9615,90.9698,62.39
2025-11-27,13.06,13.41,13.7,13.95,14.57,14.83,14.88,14.72,14.41,14.01,13.78,13.59,95.703,87.267,70.616,77.902,62.44,299.53,124.06,5409.5,127.86,400.7,1119.2,576.6,2900.5,209.85,919.0,2621.37,1055.32,78.5941,91.5047,63.22
2025-11-28,13.23,13.55,13.81,14.03,14.57,14.78,14.82,14.65,14.33,13.91,13.67,13.48,95.799,87.539,70.85,78.202,62.594,304.17,127.7,5531.5,130.96,405.0,1166.4,602.5,2942.0,212.3,938.2,2676.42,1077.78,78.2503,90.788,63.23
2025-12-01,13.18,13.53,13.83,14.07,14.69,14.94,14.95,14.73,14.35,13.86,13.59,13.37,95.748,87.772,70.897,78.002,62.555,305.2,127.8,5529.5,131.1,406.3,1183.0,595.4,2897.5,215.0,944.4,2686.93,1089.33,,,63.38
2025-12-02,13.22,13.55,13.83,14.05,14.6,14.82,14.86,14.68,14.33,13.87,13.61,13.39,95.757,87.891,70.789,78.174,62.542,303.77,127.02,5504.5,130.96,404.25,1178.0,598.4,2900.0,216.55,936.2,2667.2,1084.68,77.7027,90.3438,62.99
2025-12-03,13.47,13.74,13.96,14.13,14.54,14.7,14.74,14.61,14.31,13.89,13.65,13.46,95.785,88.29,71.02,78.495,62.878,302.85,125.01,5449.0,129.96,399.8,1149.2,588.4,2881.0,212.3,923.4,2651.71,1071.57,77.4631,89.8514,63.02
2025-12-04,13.1,13.41,13.66,13.87,14.39,14.61,14.67,14.54,14.25,13.82,13.58,13.4,95.956,88.343,71.425,78.764,63.1,301.76,125.32,5443.5,128.94,400.0,1153.6,588.3,2879.0,213.25,932.0,2657.13,1087.5,77.9556,90.5903,63.06
2025-12-05,13.35,13.59,13.79,13.96,14.37,14.54,14.55,14.4,14.14,13.78,13.57,13.41,95.886,88.535,71.885,79.103,63.38,307.22,128.67,5555.0,134.02,410.0,1194.4,605.8,2907.0,214.8,945.2,2711.3,1122.46,76.9708,89.9011,63.96
2025-12-08,13.34,13.6,13.81,13.98,14.41,14.57,14.58,14.44,14.15,13.78,13.56,13.36,95.879,88.365,71.762,78.896,63.325,304.95,127.12,5526.5,133.02,403.0,1171.6,590.3,3052.0,211.85,938.2,2705.17,1102.82,,,63.07
2025-12-09,13.09,13.38,13.62,13.82,14.33,14.54,14.59,14.46,14.21,13.89,13.7,13.52,95.98,88.628,71.828,78.963,63.148,306.39,129.28,5556.0,137.8,408.05,1199.6,598.4,3035.0,213.8,952.8,2702.72,1108.49,77.2733,89.7054,62.09
2025-12-10,13.19,13.47,13.7,13.9,14.39,14.59,14.63,14.48,14.21,13.87,13.67,13.51,96.045,88.796,72.2,79.015,63.349,306.73,128.32,5550.0,136.9,407.6,1194.8,597.3,3149.5,214.05,949.2,2720.66,1100.22,76.8084,89.4267,61.62
2025-12-11,13.3,13.57,13.78,13.95,14.35,14.5,14.52,14.39,14.11,13.73,13.51,13.34,95.904,88.943,72.45,79.491,63.707,307.19,130.3,5705.5,136.36,411.65,1223.0,607.0,3097.5,215.7,960.8,2748.93,1091.47,77.8998,91.3806,61.27
2025-12-12,13.63,13.79,13.91,14.0,14.22,14.34,14.38,14.3,14.12,13.82,13.64,13.5,95.922,89.061,72.536,79.695,63.827,303.86,127.44,5643.5,136.78,402.25,1196.4,597.1,3057.0,212.05,953.6,2739.49,1082.41,79.3398,92.9384,61.19
2025-12-15,13.47,13.66,13.82,13.96,14.29,14.44,14.46,14.36,14.15,13.81,13.62,13.52,95.993,89.273,72.62,79.985,63.96,305.08,129.12,5697.0,139.0,409.65,1216.0,608.7,3102.5,217.6,967.4,2748.93,1089.97,,,60.75
2025-12-16,13.34,13.55,13.72,13.86,14.17,14.33,14.42,14.38,14.2,13.87,13.66,13.5,95.971,89.193,72.478,79.92,63.719,304.78,130.51,5742.5,140.48,413.0,1224.4,608.3,3113.5,217.9,987.0,2774.23,1100.27,79.4495,93.2274,59.04
2025-12-17,13.48,13.68,13.84,13.96,14.24,14.41,14.51,14.42,14.15,13.76,13.55,13.41,96.002,88.899,72.938,80.417,63.91,303.5,129.11,5730.5,140.44,411.45,1215.8,604.2,3211.0,218.25,983.8,2759.73,1081.57,79.4302,93.8054,59.84
2025-12-18,13.4,13.6,13.77,13.91,14.22,14.35,14.41,14.34,14.12,13.76,13.54,13.38,95.991,88.85,72.808,80.241,64.13,301.96,128.76,5888.0,142.68,409.25,1206.0,589.0,3211.0,216.4,992.4,2753.07,1083.69,80.3807,94.1478,60.16
2025-12-19,13.25,13.52,13.74,13.92,14.33,14.5,14.56,14.46,14.21,13.79,13.54,13.34,96.1,88.527,72.368,79.505,63.915,299.87,127.46,5897.5,142.2,410.0,1205.0,585.9,3161.0,215.5,994.2,2743.09,1070.5,80.0301,94.2524,60.08
2025-12-22,12.94,13.29,13.57,13.81,14.4,14.64,14.71,14.57,14.27,13.85,13.6,13.41,96.049,88.606,71.856,79.112,63.677,297.72,124.6,5810.0,143.42,406.25,1154.6,575.1,3083.5,213.7,971.0,2715.98,1078.73,,,61.79
2025-12-23,13.03,13.36,13.63,13.85,14.4,14.62,14.7,14.59,14.31,13.89,13.64,13.43,96.28,88.366,72.133,78.696,63.623,300.65,125.32,5744.5,148.08,404.95,1165.0,576.5,3076.5,213.05,973.2,2725.38,1092.52,79.3146,92.8621,61.91
2025-12-24,12.86,13.21,13.51,13.75,14.35,14.6,14.69,14.6,14.37,13.95,13.68,13.44,96.317,88.595,71.78,78.619,63.478,302.03,125.04,5677.5,145.72,405.75,1161.2,572.9,3036.5,211.75,965.8,2720.02,1092.43,78.585,92.8137,62.13
2025-12-25,12.84,13.21,13.52,13.78,14.39,14.66,14.79,14.7,14.45,14.06,13.82,13.61,96.307,88.833,71.297,78.55,63.217,300.26,124.2,5673.5,147.16,402.8,1153.8,568.8,3001.0,210.55,964.2,2714.12,1097.79,78.4368,92.4742,62.26
2025-12-26,12.72,13.09,13.4,13.66,14.34,14.66,14.8,14.7,14.44,14.07,13.85,13.68,96.37,89.171,71.35,78.762,63.099,302.51,127.37,5790.0,152.0,408.5,1198.2,584.3,3042.5,212.25,980.0,2754.89,1117.04,77.8844,91.8902,61.59
2025-12-29,12.72,13.06,13.35,13.6,14.25,14.55,14.72,14.65,14.44,14.12,13.93,13.76,96.499,89.15,71.642,79.525,63.37,299.7,125.29,5832.5,148.7,408.65,1187.0,572.3,3017.0,212.35,967.6,2742.03,1115.35,,,62.06
2025-12-30,12.1,12.5,12.84,13.14,13.92,14.3,14.58,14.59,14.44,14.11,13.91,13.79,97.0,88.524,72.031,79.299,63.83,299.9,125.36,5908.5,149.46,409.0,1188.0,580.7,3012.0,213.9,962.2,2766.62,1114.13,77.4466,91.4775,62.03
