TRADEDATE,CLOSE,YIELDCLOSE,DURATION,ACCINT,secid
2021-01-04,111.255,5.5,1710,21.87,SU26219RMFS4
2021-01-05,111.318,5.48,1709,22.08,SU26219RMFS4
2021-01-06,111.105,5.53,1708,22.29,SU26219RMFS4
2021-01-08,111.5,5.44,1707,22.72,SU26219RMFS4
2021-01-11,110.8,5.58,1703,23.35,SU26219RMFS4
2021-01-12,110.8,5.58,1701,23.57,SU26219RMFS4
2021-01-13,110.641,5.61,1700,23.78,SU26219RMFS4
2021-01-14,110.311,5.68,1699,23.99,SU26219RMFS4
2021-01-15,110.138,5.71,1697,24.2,SU26219RMFS4
2021-01-18,110.08,5.72,1694,24.84,SU26219RMFS4
2021-01-19,110.259,5.68,1693,25.05,SU26219RMFS4
2021-01-20,110.286,5.68,1692,25.26,SU26219RMFS4
2021-01-21,110.07,5.72,1691,25.48,SU26219RMFS4
2021-01-22,109.38,5.86,1689,25.69,SU26219RMFS4
2021-01-25,109.44,5.85,1686,26.33,SU26219RMFS4
2021-01-26,109.677,5.8,1685,26.54,SU26219RMFS4
2021-01-27,109.5,5.83,1684,26.75,SU26219RMFS4
2021-01-28,109.5,5.83,1683,26.96,SU26219RMFS4
2021-01-29,109.647,5.8,1682,27.18,SU26219RMFS4
2021-02-01,109.649,5.8,1679,27.81,SU26219RMFS4
2021-02-02,109.531,5.82,1678,28.02,SU26219RMFS4
2021-02-03,109.54,5.82,1677,28.24,SU26219RMFS4
2021-02-04,109.65,5.8,1676,28.45,SU26219RMFS4
2021-02-05,110.179,5.68,1676,28.66,SU26219RMFS4
2021-02-08,110.124,5.7,1673,29.3,SU26219RMFS4
2021-02-09,109.85,5.75,1671,29.51,SU26219RMFS4
2021-02-10,109.689,5.78,1670,29.72,SU26219RMFS4
2021-02-11,109.37,5.85,1668,29.94,SU26219RMFS4
2021-02-12,108.799,5.96,1666,30.15,SU26219RMFS4
2021-02-15,108.5,6.02,1663,30.78,SU26219RMFS4
2021-02-16,108.0,6.13,1662,31.0,SU26219RMFS4
2021-02-17,108.107,6.11,1659,31.21,SU26219RMFS4
2021-02-18,108.0,6.13,1659,31.42,SU26219RMFS4
2021-02-19,107.69,6.19,1657,31.63,SU26219RMFS4
2021-02-20,107.68,6.19,1656,31.85,SU26219RMFS4
2021-02-22,107.65,6.2,1654,32.27,SU26219RMFS4
2021-02-24,107.597,6.21,1652,32.7,SU26219RMFS4
2021-02-25,106.903,6.36,1650,32.91,SU26219RMFS4
2021-02-26,106.393,6.46,1648,33.12,SU26219RMFS4
2021-03-01,106.929,6.35,1645,33.76,SU26219RMFS4
2021-03-02,106.929,6.35,1644,33.97,SU26219RMFS4
2021-03-03,107.34,6.26,1643,34.18,SU26219RMFS4
2021-03-04,107.54,6.22,1644,34.39,SU26219RMFS4
2021-03-05,106.971,6.34,1641,34.61,SU26219RMFS4
2021-03-09,106.999,6.33,1638,35.46,SU26219RMFS4
2021-03-10,106.837,6.36,1636,35.67,SU26219RMFS4
2021-03-11,106.55,6.42,1634,35.88,SU26219RMFS4
2021-03-12,106.391,6.46,1633,36.09,SU26219RMFS4
2021-03-15,106.233,6.49,1630,36.73,SU26219RMFS4
2021-03-16,106.149,6.51,1629,36.94,SU26219RMFS4
2021-03-17,105.801,6.58,1627,37.15,SU26219RMFS4
2021-03-18,105.536,6.64,1626,37.37,SU26219RMFS4
2021-03-19,105.145,6.73,1623,37.58,SU26219RMFS4
2021-03-22,104.998,6.76,1620,38.22,SU26219RMFS4
2021-03-23,104.001,6.98,1617,38.43,SU26219RMFS4
2021-03-24,104.285,6.92,1676,0.0,SU26219RMFS4
2021-03-25,104.7,6.82,1676,0.21,SU26219RMFS4
2021-03-26,105.14,6.72,1676,0.42,SU26219RMFS4
2021-03-29,105.2,6.71,1673,1.06,SU26219RMFS4
2021-03-30,104.849,6.79,1672,1.27,SU26219RMFS4
2021-03-31,104.95,6.76,1670,1.49,SU26219RMFS4
2021-04-01,104.886,6.78,1669,1.7,SU26219RMFS4
2021-04-02,104.9,6.77,1669,1.91,SU26219RMFS4
2021-04-05,104.995,6.75,1666,2.55,SU26219RMFS4
2021-04-06,104.3,6.91,1664,2.76,SU26219RMFS4
2021-04-07,104.001,6.97,1662,2.97,SU26219RMFS4
2021-04-08,103.752,7.03,1661,3.18,SU26219RMFS4
2021-04-09,103.76,7.03,1659,3.4,SU26219RMFS4
2021-04-12,103.9,6.99,1657,4.03,SU26219RMFS4
2021-04-13,104.0,6.97,1656,4.25,SU26219RMFS4
2021-04-14,104.906,6.77,1657,4.46,SU26219RMFS4
2021-04-15,104.678,6.82,1654,4.67,SU26219RMFS4
2021-04-16,105.239,6.69,1656,4.88,SU26219RMFS4
2021-04-19,104.98,6.75,1652,5.52,SU26219RMFS4
2021-04-20,104.989,6.74,1650,5.73,SU26219RMFS4
2021-04-21,105.12,6.72,1649,5.94,SU26219RMFS4
2021-04-22,105.211,6.69,1649,6.16,SU26219RMFS4
2021-04-23,105.343,6.66,1648,6.37,SU26219RMFS4
2021-04-26,105.497,6.63,1646,7.01,SU26219RMFS4
2021-04-27,105.409,6.65,1644,7.22,SU26219RMFS4
2021-04-28,105.295,6.67,1643,7.43,SU26219RMFS4
2021-04-29,105.4,6.65,1643,7.64,SU26219RMFS4
2021-04-30,105.438,6.64,1642,7.86,SU26219RMFS4
2021-05-04,105.5,6.62,1638,8.7,SU26219RMFS4
2021-05-05,105.598,6.6,1637,8.92,SU26219RMFS4
2021-05-06,105.688,6.58,1636,9.13,SU26219RMFS4
2021-05-07,105.6,6.6,1635,9.34,SU26219RMFS4
2021-05-10,105.75,6.56,1632,9.98,SU26219RMFS4
2021-05-11,105.452,6.63,1631,10.19,SU26219RMFS4
2021-05-12,105.199,6.69,1629,10.4,SU26219RMFS4
2021-05-13,105.048,6.72,1628,10.62,SU26219RMFS4
2021-05-14,105.015,6.73,1627,10.83,SU26219RMFS4
2021-05-17,105.091,6.71,1624,11.46,SU26219RMFS4
2021-05-18,105.106,6.7,1623,11.68,SU26219RMFS4
2021-05-19,105.279,6.66,1621,11.89,SU26219RMFS4
2021-05-20,105.247,6.67,1621,12.1,SU26219RMFS4
2021-05-21,105.15,6.69,1620,12.31,SU26219RMFS4
2021-05-24,105.1,6.7,1617,12.95,SU26219RMFS4
2021-05-25,105.016,6.72,1616,13.16,SU26219RMFS4
2021-05-26,105.17,6.69,1615,13.38,SU26219RMFS4
2021-05-27,105.198,6.68,1614,13.59,SU26219RMFS4
2021-05-28,105.06,6.71,1613,13.8,SU26219RMFS4
2021-05-31,104.974,6.73,1610,14.44,SU26219RMFS4
2021-06-01,104.849,6.76,1609,14.65,SU26219RMFS4
2021-06-02,104.745,6.78,1608,14.86,SU26219RMFS4
2021-06-03,104.57,6.82,1606,15.07,SU26219RMFS4
2021-06-04,104.4,6.86,1605,15.29,SU26219RMFS4
2021-06-07,104.2,6.9,1601,15.92,SU26219RMFS4
2021-06-08,103.8,6.99,1600,16.14,SU26219RMFS4
2021-06-09,103.801,6.99,1599,16.35,SU26219RMFS4
2021-06-10,103.871,6.98,1598,16.56,SU26219RMFS4
2021-06-11,104.383,6.86,1598,16.77,SU26219RMFS4
2021-06-14,104.4,6.85,1595,17.41,SU26219RMFS4
2021-06-15,103.98,6.95,1593,17.62,SU26219RMFS4
2021-06-16,103.994,6.94,1592,17.83,SU26219RMFS4
2021-06-17,104.049,6.93,1591,18.05,SU26219RMFS4
2021-06-18,104.248,6.88,1590,18.26,SU26219RMFS4
2021-06-21,104.008,6.94,1587,18.9,SU26219RMFS4
2021-06-22,103.991,6.94,1586,19.11,SU26219RMFS4
2021-06-23,104.099,6.92,1585,19.32,SU26219RMFS4
2021-06-24,104.247,6.88,1585,19.53,SU26219RMFS4
2021-06-25,104.28,6.87,1584,19.74,SU26219RMFS4
2021-06-28,103.995,6.94,1580,20.38,SU26219RMFS4
2021-06-29,103.603,7.03,1579,20.59,SU26219RMFS4
2021-06-30,103.671,7.01,1578,20.81,SU26219RMFS4
2021-07-01,103.797,6.98,1577,21.02,SU26219RMFS4
2021-07-02,103.821,6.98,1576,21.23,SU26219RMFS4
2021-07-05,103.846,6.97,1573,21.87,SU26219RMFS4
2021-07-06,103.617,7.03,1571,22.08,SU26219RMFS4
2021-07-07,103.614,7.03,1570,22.29,SU26219RMFS4
2021-07-08,103.475,7.06,1569,22.5,SU26219RMFS4
2021-07-09,103.598,7.03,1568,22.72,SU26219RMFS4
2021-07-12,103.498,7.05,1565,23.35,SU26219RMFS4
2021-07-13,103.399,7.07,1564,23.57,SU26219RMFS4
2021-07-14,103.331,7.09,1563,23.78,SU26219RMFS4
2021-07-15,103.504,7.05,1562,23.99,SU26219RMFS4
2021-07-16,103.566,7.03,1561,24.2,SU26219RMFS4
2021-07-19,103.66,7.01,1559,24.84,SU26219RMFS4
2021-07-20,103.983,6.93,1558,25.05,SU26219RMFS4
2021-07-21,104.153,6.89,1558,25.26,SU26219RMFS4
2021-07-22,104.411,6.83,1557,25.48,SU26219RMFS4
2021-07-23,104.504,6.81,1556,25.69,SU26219RMFS4
2021-07-26,104.617,6.78,1553,26.33,SU26219RMFS4
2021-07-27,104.65,6.77,1552,26.54,SU26219RMFS4
2021-07-28,104.72,6.76,1552,26.75,SU26219RMFS4
2021-07-29,104.609,6.78,1551,26.96,SU26219RMFS4
2021-07-30,104.665,6.77,1549,27.18,SU26219RMFS4
2021-08-02,104.589,6.79,1547,27.81,SU26219RMFS4
2021-08-03,104.52,6.8,1545,28.02,SU26219RMFS4
2021-08-04,104.491,6.81,1544,28.24,SU26219RMFS4
2021-08-05,104.56,6.79,1543,28.45,SU26219RMFS4
2021-08-06,104.5,6.8,1542,28.66,SU26219RMFS4
2021-08-09,104.09,6.9,1539,29.3,SU26219RMFS4
2021-08-10,104.041,6.91,1538,29.51,SU26219RMFS4
2021-08-11,104.021,6.92,1537,29.72,SU26219RMFS4
2021-08-12,104.157,6.88,1536,29.94,SU26219RMFS4
2021-08-13,104.241,6.86,1534,30.15,SU26219RMFS4
2021-08-16,104.4,6.82,1532,30.78,SU26219RMFS4
2021-08-17,104.406,6.82,1531,31.0,SU26219RMFS4
2021-08-18,104.412,6.82,1531,31.21,SU26219RMFS4
2021-08-19,104.203,6.87,1529,31.42,SU26219RMFS4
2021-08-20,104.301,6.85,1528,31.63,SU26219RMFS4
2021-08-23,104.225,6.86,1525,32.27,SU26219RMFS4
2021-08-24,104.236,6.86,1524,32.48,SU26219RMFS4
2021-08-25,104.161,6.88,1523,32.7,SU26219RMFS4
2021-08-26,104.1,6.89,1521,32.91,SU26219RMFS4
2021-08-27,104.105,6.89,1521,33.12,SU26219RMFS4
2021-08-30,104.143,6.88,1518,33.76,SU26219RMFS4
2021-08-31,104.136,6.88,1517,33.97,SU26219RMFS4
2021-09-01,104.361,6.83,1516,34.18,SU26219RMFS4
2021-09-02,104.002,6.91,1515,34.39,SU26219RMFS4
2021-09-03,104.12,6.88,1514,34.61,SU26219RMFS4
2021-09-06,104.001,6.91,1511,35.24,SU26219RMFS4
2021-09-07,103.83,6.95,1509,35.46,SU26219RMFS4
2021-09-08,103.812,6.96,1508,35.67,SU26219RMFS4
2021-09-09,103.702,6.98,1507,35.88,SU26219RMFS4
2021-09-10,103.806,6.96,1506,36.09,SU26219RMFS4
2021-09-13,103.81,6.95,1503,36.73,SU26219RMFS4
2021-09-14,103.705,6.98,1502,36.94,SU26219RMFS4
2021-09-15,103.609,7.0,1501,37.15,SU26219RMFS4
2021-09-16,103.661,6.99,1500,37.37,SU26219RMFS4
2021-09-17,103.511,7.03,1499,37.58,SU26219RMFS4
2021-09-20,103.105,7.12,1495,38.22,SU26219RMFS4
2021-09-21,103.35,7.06,1494,38.43,SU26219RMFS4
2021-09-22,103.305,7.07,1549,0.0,SU26219RMFS4
2021-09-23,103.102,7.12,1548,0.21,SU26219RMFS4
2021-09-24,102.626,7.24,1546,0.42,SU26219RMFS4
2021-09-27,102.7,7.22,1543,1.06,SU26219RMFS4
2021-09-28,102.767,7.2,1542,1.27,SU26219RMFS4
2021-09-29,102.7,7.22,1541,1.49,SU26219RMFS4
2021-09-30,102.782,7.2,1540,1.7,SU26219RMFS4
2021-10-01,102.637,7.23,1539,1.91,SU26219RMFS4
2021-10-04,102.238,7.33,1535,2.55,SU26219RMFS4
2021-10-05,101.59,7.49,1533,2.76,SU26219RMFS4
2021-10-06,101.592,7.49,1532,2.97,SU26219RMFS4
2021-10-07,101.843,7.43,1531,3.18,SU26219RMFS4
2021-10-08,102.073,7.37,1531,3.4,SU26219RMFS4
2021-10-11,102.006,7.39,1528,4.03,SU26219RMFS4
2021-10-12,101.857,7.43,1527,4.25,SU26219RMFS4
2021-10-13,102.001,7.39,1526,4.46,SU26219RMFS4
2021-10-14,101.841,7.43,1525,4.67,SU26219RMFS4
2021-10-15,102.106,7.36,1524,4.88,SU26219RMFS4
2021-10-18,101.696,7.46,1520,5.52,SU26219RMFS4
2021-10-19,101.838,7.43,1519,5.73,SU26219RMFS4
2021-10-20,101.425,7.53,1518,5.94,SU26219RMFS4
2021-10-21,101.2,7.59,1517,6.16,SU26219RMFS4
2021-10-22,100.328,7.81,1514,6.37,SU26219RMFS4
2021-10-25,99.259,8.09,1509,7.01,SU26219RMFS4
2021-10-26,99.159,8.12,1508,7.22,SU26219RMFS4
2021-10-27,99.227,8.1,1507,7.43,SU26219RMFS4
2021-10-28,98.191,8.37,1504,7.64,SU26219RMFS4
2021-10-29,98.35,8.33,1504,7.86,SU26219RMFS4
2021-11-01,98.197,8.37,1501,8.49,SU26219RMFS4
2021-11-02,98.274,8.35,1500,8.7,SU26219RMFS4
2021-11-03,98.2,8.37,1499,8.92,SU26219RMFS4
2021-11-05,98.248,8.36,1497,9.34,SU26219RMFS4
2021-11-08,98.4,8.32,1494,9.98,SU26219RMFS4
2021-11-09,98.948,8.17,1493,10.19,SU26219RMFS4
2021-11-10,99.388,8.06,1493,10.4,SU26219RMFS4
2021-11-11,99.012,8.16,1492,10.62,SU26219RMFS4
2021-11-12,98.99,8.16,1490,10.83,SU26219RMFS4
2021-11-15,98.399,8.32,1487,11.46,SU26219RMFS4
2021-11-16,98.109,8.4,1485,11.68,SU26219RMFS4
2021-11-17,97.971,8.43,1484,11.89,SU26219RMFS4
2021-11-18,97.68,8.51,1483,12.1,SU26219RMFS4
2021-11-19,97.444,8.58,1481,12.31,SU26219RMFS4
2021-11-22,96.379,8.87,1476,12.95,SU26219RMFS4
2021-11-23,96.525,8.83,1475,13.16,SU26219RMFS4
2021-11-24,96.508,8.83,1474,13.38,SU26219RMFS4
2021-11-25,96.833,8.75,1474,13.59,SU26219RMFS4
2021-11-26,97.05,8.69,1473,13.8,SU26219RMFS4
2021-11-29,97.56,8.55,1471,14.44,SU26219RMFS4
2021-11-30,97.546,8.55,1470,14.65,SU26219RMFS4
2021-12-01,97.257,8.63,1470,14.86,SU26219RMFS4
2021-12-02,97.467,8.57,1468,15.07,SU26219RMFS4
2021-12-03,97.551,8.55,1468,15.29,SU26219RMFS4
2021-12-06,97.269,8.63,1464,15.92,SU26219RMFS4
2021-12-07,97.367,8.6,1462,16.14,SU26219RMFS4
2021-12-08,97.129,8.67,1462,16.35,SU26219RMFS4
2021-12-09,97.39,8.6,1461,16.56,SU26219RMFS4
2021-12-10,97.091,8.68,1460,16.77,SU26219RMFS4
2021-12-13,96.95,8.72,1457,17.41,SU26219RMFS4
2021-12-14,97.032,8.7,1456,17.62,SU26219RMFS4
2021-12-15,97.1,8.68,1454,17.83,SU26219RMFS4
2021-12-16,97.343,8.61,1454,18.05,SU26219RMFS4
2021-12-17,97.618,8.54,1453,18.26,SU26219RMFS4
2021-12-20,97.679,8.52,1451,18.9,SU26219RMFS4
2021-12-21,97.657,8.53,1449,19.11,SU26219RMFS4
2021-12-22,97.975,8.44,1449,19.32,SU26219RMFS4
2021-12-23,97.8,8.49,1449,19.53,SU26219RMFS4
2021-12-24,98.0,8.44,1447,19.74,SU26219RMFS4
2021-12-27,98.198,8.38,1444,20.38,SU26219RMFS4
2021-12-28,98.16,8.39,1443,20.59,SU26219RMFS4
2021-12-29,98.052,8.42,1442,20.81,SU26219RMFS4
2021-12-30,98.331,8.35,1441,21.02,SU26219RMFS4
2022-01-03,98.382,8.33,1438,21.87,SU26219RMFS4
2022-01-04,98.44,8.32,1437,22.08,SU26219RMFS4
2022-01-05,98.351,8.34,1436,22.29,SU26219RMFS4
2022-01-06,97.968,8.45,1434,22.5,SU26219RMFS4
2022-01-07,,8.45,1433,22.72,SU26219RMFS4
2022-01-10,97.272,8.64,1429,23.35,SU26219RMFS4
2022-01-11,96.74,8.79,1427,23.57,SU26219RMFS4
2022-01-12,96.55,8.84,1426,23.78,SU26219RMFS4
2022-01-13,95.15,9.24,1423,23.99,SU26219RMFS4
2022-01-14,94.84,9.34,1420,24.2,SU26219RMFS4
2022-01-17,94.1,9.55,1416,24.84,SU26219RMFS4
2022-01-18,94.17,9.53,1415,25.05,SU26219RMFS4
2022-01-19,94.579,9.41,1415,25.26,SU26219RMFS4
2022-01-20,94.0,9.58,1413,25.48,SU26219RMFS4
2022-01-21,94.07,9.57,1412,25.69,SU26219RMFS4
2022-01-24,93.099,9.85,1407,26.33,SU26219RMFS4
2022-01-25,93.008,9.88,1406,26.54,SU26219RMFS4
2022-01-26,92.799,9.95,1405,26.75,SU26219RMFS4
2022-01-27,93.8,9.65,1405,26.96,SU26219RMFS4
2022-01-28,93.882,9.63,1404,27.18,SU26219RMFS4
2022-01-31,93.943,9.61,1401,27.81,SU26219RMFS4
2022-02-01,94.071,9.57,1401,28.02,SU26219RMFS4
2022-02-02,94.341,9.49,1400,28.24,SU26219RMFS4
2022-02-03,94.368,9.49,1399,28.45,SU26219RMFS4
2022-02-04,94.465,9.46,1398,28.66,SU26219RMFS4
2022-02-07,94.398,9.48,1395,29.3,SU26219RMFS4
2022-02-08,94.3,9.51,1394,29.51,SU26219RMFS4
2022-02-09,94.216,9.54,1393,29.72,SU26219RMFS4
2022-02-10,94.2,9.54,1392,29.94,SU26219RMFS4
2022-02-11,92.601,10.02,1389,30.15,SU26219RMFS4
2022-02-14,91.713,10.3,1382,30.78,SU26219RMFS4
2022-02-15,92.461,10.07,1384,31.0,SU26219RMFS4
2022-02-16,93.199,9.85,1384,31.21,SU26219RMFS4
2022-02-17,92.589,10.03,1382,31.42,SU26219RMFS4
2022-02-18,92.19,10.16,1381,31.63,SU26219RMFS4
2022-02-21,89.718,10.93,1376,32.27,SU26219RMFS4
2022-02-22,89.19,11.1,1369,32.48,SU26219RMFS4
2022-02-23,,11.1,1369,32.7,SU26219RMFS4
2022-02-24,82.0,13.55,1350,32.91,SU26219RMFS4
2022-02-25,85.199,12.43,1348,33.12,SU26219RMFS4
2022-02-28,,12.43,1345,33.76,SU26219RMFS4
2022-03-01,,12.44,1353,33.97,SU26219RMFS4
2022-03-02,,12.44,1352,34.18,SU26219RMFS4
2022-03-03,,12.44,1351,34.39,SU26219RMFS4
2022-03-04,,12.45,1350,34.61,SU26219RMFS4
2022-03-09,,12.46,1345,35.67,SU26219RMFS4
2022-03-10,,12.46,1344,35.88,SU26219RMFS4
2022-03-11,,12.47,1343,36.09,SU26219RMFS4
2022-03-14,,12.47,1340,36.73,SU26219RMFS4
2022-03-15,,12.47,1339,36.94,SU26219RMFS4
2022-03-16,,12.47,1338,37.15,SU26219RMFS4
2022-03-17,,12.48,1337,37.37,SU26219RMFS4
2022-03-18,,12.48,1336,37.58,SU26219RMFS4
2022-03-21,78.7,14.86,1317,38.22,SU26219RMFS4
2022-03-22,81.003,13.99,1323,38.43,SU26219RMFS4
2022-03-23,80.75,14.09,1384,0.0,SU26219RMFS4
2022-03-24,81.436,13.84,1384,0.21,SU26219RMFS4
2022-03-25,81.654,13.77,1383,0.42,SU26219RMFS4
2022-03-28,81.895,13.68,1380,1.06,SU26219RMFS4
2022-03-29,83.8,13.0,1383,1.27,SU26219RMFS4
2022-03-30,86.951,11.91,1385,1.49,SU26219RMFS4
2022-03-31,89.999,10.9,1391,1.7,SU26219RMFS4
2022-04-01,87.95,11.58,1388,1.91,SU26219RMFS4
2022-04-04,86.54,12.06,1384,2.55,SU26219RMFS4
2022-04-05,86.6,12.04,1382,2.76,SU26219RMFS4
2022-04-06,86.621,12.03,1380,2.97,SU26219RMFS4
2022-04-07,86.981,11.91,1379,3.18,SU26219RMFS4
2022-04-08,89.551,11.06,1382,3.4,SU26219RMFS4
2022-04-11,90.068,10.9,1381,4.03,SU26219RMFS4
2022-04-12,90.109,10.88,1379,4.25,SU26219RMFS4
2022-04-13,90.4,10.79,1379,4.46,SU26219RMFS4
2022-04-14,90.403,10.79,1378,4.67,SU26219RMFS4
2022-04-15,90.198,10.86,1377,4.88,SU26219RMFS4
2022-04-18,91.1,10.57,1375,5.52,SU26219RMFS4
2022-04-19,91.71,10.38,1375,5.73,SU26219RMFS4
2022-04-20,92.499,10.13,1375,5.94,SU26219RMFS4
2022-04-21,92.91,10.0,1375,6.16,SU26219RMFS4
2022-04-22,92.597,10.1,1374,6.37,SU26219RMFS4
2022-04-25,92.175,10.24,1370,7.01,SU26219RMFS4
2022-04-26,92.578,10.11,1370,7.22,SU26219RMFS4
2022-04-27,92.395,10.17,1369,7.43,SU26219RMFS4
2022-04-28,92.352,10.19,1367,7.64,SU26219RMFS4
2022-04-29,92.554,10.13,1366,7.86,SU26219RMFS4
2022-05-04,92.301,10.21,1362,8.92,SU26219RMFS4
2022-05-05,92.31,10.21,1360,9.13,SU26219RMFS4
2022-05-06,92.266,10.23,1359,9.34,SU26219RMFS4
2022-05-11,91.801,10.38,1354,10.4,SU26219RMFS4
2022-05-12,91.836,10.37,1353,10.62,SU26219RMFS4
2022-05-13,91.71,10.41,1351,10.83,SU26219RMFS4
2022-05-16,91.75,10.4,1348,11.46,SU26219RMFS4
2022-05-17,91.81,10.38,1347,11.68,SU26219RMFS4
2022-05-18,91.603,10.45,1346,11.89,SU26219RMFS4
2022-05-19,91.833,10.38,1345,12.1,SU26219RMFS4
2022-05-20,92.184,10.27,1345,12.31,SU26219RMFS4
2022-05-23,92.078,10.3,1342,12.95,SU26219RMFS4
2022-05-24,92.0,10.33,1341,13.16,SU26219RMFS4
2022-05-25,93.911,9.72,1341,13.38,SU26219RMFS4
2022-05-26,94.155,9.65,1342,13.59,SU26219RMFS4
2022-05-27,93.868,9.74,1341,13.8,SU26219RMFS4
2022-05-30,93.661,9.81,1337,14.44,SU26219RMFS4
2022-05-31,93.704,9.79,1336,14.65,SU26219RMFS4
2022-06-01,95.469,9.25,1336,14.86,SU26219RMFS4
2022-06-02,95.355,9.28,1337,15.07,SU26219RMFS4
2022-06-03,95.763,9.16,1336,15.29,SU26219RMFS4
2022-06-06,96.095,9.06,1334,15.92,SU26219RMFS4
2022-06-07,96.014,9.08,1333,16.14,SU26219RMFS4
2022-06-08,96.099,9.06,1332,16.35,SU26219RMFS4
2022-06-09,96.3,9.0,1331,16.56,SU26219RMFS4
2022-06-10,95.987,9.09,1330,16.77,SU26219RMFS4
2022-06-14,95.986,9.09,1326,17.62,SU26219RMFS4
2022-06-15,96.031,9.08,1325,17.83,SU26219RMFS4
2022-06-16,96.37,8.98,1324,18.05,SU26219RMFS4
2022-06-17,96.443,8.96,1323,18.26,SU26219RMFS4
2022-06-20,96.704,8.88,1321,18.9,SU26219RMFS4
2022-06-21,96.59,8.91,1320,19.11,SU26219RMFS4
2022-06-22,96.6,8.91,1318,19.32,SU26219RMFS4
2022-06-23,97.05,8.77,1318,19.53,SU26219RMFS4
2022-06-24,97.48,8.65,1318,19.74,SU26219RMFS4
2022-06-27,97.96,8.5,1315,20.38,SU26219RMFS4
2022-06-28,97.719,8.57,1314,20.59,SU26219RMFS4
2022-06-29,97.722,8.57,1313,20.81,SU26219RMFS4
2022-06-30,97.427,8.66,1312,21.02,SU26219RMFS4
2022-07-01,97.365,8.68,1311,21.23,SU26219RMFS4
2022-07-04,97.216,8.73,1307,21.87,SU26219RMFS4
2022-07-05,97.068,8.77,1306,22.08,SU26219RMFS4
2022-07-06,97.066,8.78,1305,22.29,SU26219RMFS4
2022-07-07,97.322,8.7,1304,22.5,SU26219RMFS4
2022-07-08,97.599,8.61,1304,22.72,SU26219RMFS4
2022-07-11,97.501,8.65,1301,23.35,SU26219RMFS4
2022-07-12,97.519,8.64,1300,23.57,SU26219RMFS4
2022-07-13,97.455,8.66,1299,23.78,SU26219RMFS4
2022-07-14,97.401,8.68,1298,23.99,SU26219RMFS4
2022-07-15,97.378,8.69,1297,24.2,SU26219RMFS4
2022-07-18,97.3,8.71,1293,24.84,SU26219RMFS4
2022-07-19,97.171,8.75,1292,25.05,SU26219RMFS4
2022-07-20,97.27,8.72,1291,25.26,SU26219RMFS4
2022-07-21,98.18,8.44,1291,25.48,SU26219RMFS4
2022-07-22,99.089,8.17,1292,25.69,SU26219RMFS4
2022-07-25,98.9,8.22,1289,26.33,SU26219RMFS4
2022-07-26,99.225,8.13,1288,26.54,SU26219RMFS4
2022-07-27,99.332,8.1,1287,26.75,SU26219RMFS4
2022-07-28,99.636,8.0,1287,26.96,SU26219RMFS4
2022-07-29,99.901,7.93,1286,27.18,SU26219RMFS4
2022-08-01,100.072,7.87,1283,27.81,SU26219RMFS4
2022-08-02,99.923,7.92,1282,28.02,SU26219RMFS4
2022-08-03,100.088,7.87,1282,28.24,SU26219RMFS4
2022-08-04,99.989,7.9,1280,28.45,SU26219RMFS4
2022-08-05,99.673,7.99,1279,28.66,SU26219RMFS4
2022-08-08,99.799,7.96,1276,29.3,SU26219RMFS4
2022-08-09,99.79,7.96,1275,29.51,SU26219RMFS4
2022-08-10,99.557,8.03,1274,29.72,SU26219RMFS4
2022-08-11,99.396,8.08,1273,29.94,SU26219RMFS4
2022-08-12,98.925,8.22,1271,30.15,SU26219RMFS4
2022-08-15,99.161,8.15,1268,30.78,SU26219RMFS4
2022-08-16,99.482,8.05,1267,31.0,SU26219RMFS4
2022-08-17,99.781,7.96,1267,31.21,SU26219RMFS4
2022-08-18,99.69,7.99,1266,31.42,SU26219RMFS4
2022-08-19,99.727,7.98,1265,31.63,SU26219RMFS4
2022-08-22,99.345,8.1,1262,32.27,SU26219RMFS4
2022-08-23,99.274,8.12,1260,32.48,SU26219RMFS4
2022-08-24,99.29,8.11,1259,32.7,SU26219RMFS4
2022-08-25,99.596,8.02,1258,32.91,SU26219RMFS4
2022-08-26,99.425,8.07,1258,33.12,SU26219RMFS4
2022-08-29,99.3,8.11,1254,33.76,SU26219RMFS4
2022-08-30,99.3,8.11,1253,33.97,SU26219RMFS4
2022-08-31,99.439,8.07,1252,34.18,SU26219RMFS4
2022-09-01,99.3,8.11,1251,34.39,SU26219RMFS4
2022-09-02,99.95,7.91,1251,34.61,SU26219RMFS4
2022-09-05,100.237,7.83,1249,35.24,SU26219RMFS4
2022-09-06,100.345,7.79,1248,35.46,SU26219RMFS4
2022-09-07,100.002,7.9,1246,35.67,SU26219RMFS4
2022-09-08,100.029,7.89,1245,35.88,SU26219RMFS4
2022-09-09,99.764,7.97,1244,36.09,SU26219RMFS4
2022-09-12,99.88,7.94,1241,36.73,SU26219RMFS4
2022-09-13,99.782,7.97,1240,36.94,SU26219RMFS4
2022-09-14,99.701,7.99,1239,37.15,SU26219RMFS4
2022-09-15,100.057,7.88,1238,37.37,SU26219RMFS4
2022-09-16,99.601,8.02,1237,37.58,SU26219RMFS4
2022-09-19,99.068,8.19,1234,38.22,SU26219RMFS4
2022-09-20,97.805,8.59,1231,38.43,SU26219RMFS4
2022-09-21,98.24,8.45,1277,0.0,SU26219RMFS4
2022-09-22,96.766,8.92,1276,0.21,SU26219RMFS4
2022-09-23,96.332,9.06,1274,0.42,SU26219RMFS4
2022-09-26,95.3,9.4,1268,1.06,SU26219RMFS4
2022-09-27,96.637,8.96,1270,1.27,SU26219RMFS4
2022-09-28,95.901,9.2,1269,1.49,SU26219RMFS4
2022-09-29,95.007,9.5,1266,1.7,SU26219RMFS4
2022-09-30,95.108,9.47,1265,1.91,SU26219RMFS4
2022-10-03,96.621,8.97,1264,2.55,SU26219RMFS4
2022-10-04,96.879,8.89,1264,2.76,SU26219RMFS4
2022-10-05,96.695,8.95,1262,2.97,SU26219RMFS4
2022-10-06,96.88,8.89,1261,3.18,SU26219RMFS4
2022-10-07,96.538,9.0,1260,3.4,SU26219RMFS4
2022-10-10,96.202,9.11,1256,4.03,SU26219RMFS4
2022-10-11,96.503,9.01,1256,4.25,SU26219RMFS4
2022-10-12,96.802,8.92,1255,4.46,SU26219RMFS4
2022-10-13,97.198,8.79,1255,4.67,SU26219RMFS4
2022-10-14,97.113,8.82,1254,4.88,SU26219RMFS4
2022-10-17,97.489,8.7,1251,5.52,SU26219RMFS4
2022-10-18,97.4,8.72,1250,5.73,SU26219RMFS4
2022-10-19,97.509,8.69,1249,5.94,SU26219RMFS4
2022-10-20,97.844,8.58,1248,6.16,SU26219RMFS4
2022-10-21,98.425,8.4,1248,6.37,SU26219RMFS4
2022-10-24,98.675,8.32,1245,7.01,SU26219RMFS4
2022-10-25,98.573,8.35,1244,7.22,SU26219RMFS4
2022-10-26,98.4,8.4,1243,7.43,SU26219RMFS4
2022-10-27,98.18,8.48,1242,7.64,SU26219RMFS4
2022-10-28,98.233,8.46,1241,7.86,SU26219RMFS4
2022-10-31,97.722,8.63,1237,8.49,SU26219RMFS4
2022-11-01,97.815,8.6,1236,8.7,SU26219RMFS4
2022-11-02,97.211,8.79,1235,8.92,SU26219RMFS4
2022-11-03,97.632,8.66,1234,9.13,SU26219RMFS4
2022-11-07,97.521,8.69,1230,9.98,SU26219RMFS4
2022-11-08,97.14,8.82,1229,10.19,SU26219RMFS4
2022-11-09,97.099,8.83,1228,10.4,SU26219RMFS4
2022-11-10,97.547,8.69,1227,10.62,SU26219RMFS4
2022-11-11,97.464,8.71,1226,10.83,SU26219RMFS4
2022-11-14,97.409,8.73,1223,11.46,SU26219RMFS4
2022-11-15,97.228,8.79,1222,11.68,SU26219RMFS4
2022-11-16,97.697,8.64,1221,11.89,SU26219RMFS4
2022-11-17,98.119,8.5,1221,12.1,SU26219RMFS4
2022-11-18,98.155,8.49,1220,12.31,SU26219RMFS4
2022-11-21,98.104,8.51,1217,12.95,SU26219RMFS4
2022-11-22,98.132,8.5,1216,13.16,SU26219RMFS4
2022-11-23,98.172,8.49,1215,13.38,SU26219RMFS4
2022-11-24,98.151,8.49,1214,13.59,SU26219RMFS4
2022-11-25,98.204,8.48,1212,13.8,SU26219RMFS4
2022-11-28,98.1,8.51,1210,14.44,SU26219RMFS4
2022-11-29,98.232,8.47,1209,14.65,SU26219RMFS4
2022-11-30,98.296,8.45,1208,14.86,SU26219RMFS4
2022-12-01,98.145,8.5,1207,15.07,SU26219RMFS4
2022-12-02,98.119,8.51,1206,15.29,SU26219RMFS4
2022-12-05,97.9,8.58,1203,15.92,SU26219RMFS4
2022-12-06,98.0,8.55,1201,16.14,SU26219RMFS4
2022-12-07,98.096,8.52,1201,16.35,SU26219RMFS4
2022-12-08,98.268,8.46,1200,16.56,SU26219RMFS4
2022-12-09,98.3,8.45,1199,16.77,SU26219RMFS4
2022-12-12,98.417,8.41,1196,17.41,SU26219RMFS4
2022-12-13,98.6,8.35,1195,17.62,SU26219RMFS4
2022-12-14,98.509,8.38,1194,17.83,SU26219RMFS4
2022-12-15,98.49,8.39,1193,18.05,SU26219RMFS4
2022-12-16,98.494,8.39,1192,18.26,SU26219RMFS4
2022-12-19,98.422,8.41,1189,18.9,SU26219RMFS4
2022-12-20,98.153,8.5,1188,19.11,SU26219RMFS4
2022-12-21,98.141,8.51,1187,19.32,SU26219RMFS4
2022-12-22,98.301,8.45,1186,19.53,SU26219RMFS4
2022-12-23,98.309,8.45,1185,19.74,SU26219RMFS4
2022-12-26,98.059,8.54,1181,20.38,SU26219RMFS4
2022-12-27,97.52,8.72,1180,20.59,SU26219RMFS4
2022-12-28,97.771,8.63,1179,20.81,SU26219RMFS4
2022-12-29,97.726,8.65,1178,21.02,SU26219RMFS4
2022-12-30,97.919,8.59,1177,21.23,SU26219RMFS4
2023-01-03,98.18,8.5,1174,22.08,SU26219RMFS4
2023-01-04,98.154,8.51,1173,22.29,SU26219RMFS4
2023-01-05,98.111,8.52,1172,22.5,SU26219RMFS4
2023-01-06,98.019,8.55,1171,22.72,SU26219RMFS4
2023-01-09,98.007,8.56,1168,23.35,SU26219RMFS4
2023-01-10,97.978,8.57,1167,23.57,SU26219RMFS4
2023-01-11,97.82,8.62,1165,23.78,SU26219RMFS4
2023-01-12,97.673,8.67,1164,23.99,SU26219RMFS4
2023-01-13,98.012,8.56,1164,24.2,SU26219RMFS4
2023-01-16,97.799,8.63,1160,24.84,SU26219RMFS4
2023-01-17,97.914,8.59,1159,25.05,SU26219RMFS4
2023-01-18,98.05,8.55,1159,25.26,SU26219RMFS4
2023-01-19,98.36,8.44,1158,25.48,SU26219RMFS4
2023-01-20,98.011,8.56,1157,25.69,SU26219RMFS4
2023-01-23,97.721,8.66,1153,26.33,SU26219RMFS4
2023-01-24,97.999,8.57,1153,26.54,SU26219RMFS4
2023-01-25,97.996,8.57,1152,26.75,SU26219RMFS4
2023-01-26,98.259,8.48,1151,26.96,SU26219RMFS4
2023-01-27,98.299,8.47,1150,27.18,SU26219RMFS4
2023-01-30,98.227,8.49,1147,27.81,SU26219RMFS4
2023-01-31,98.329,8.46,1146,28.02,SU26219RMFS4
2023-02-01,98.392,8.44,1145,28.24,SU26219RMFS4
2023-02-02,98.472,8.41,1144,28.45,SU26219RMFS4
2023-02-03,98.225,8.5,1143,28.66,SU26219RMFS4
2023-02-06,98.509,8.4,1140,29.3,SU26219RMFS4
2023-02-07,98.296,8.47,1139,29.51,SU26219RMFS4
2023-02-08,98.348,8.46,1138,29.72,SU26219RMFS4
2023-02-09,97.7,8.68,1136,29.94,SU26219RMFS4
2023-02-10,98.043,8.56,1136,30.15,SU26219RMFS4
2023-02-13,97.467,8.76,1132,30.78,SU26219RMFS4
2023-02-14,97.26,8.84,1131,31.0,SU26219RMFS4
2023-02-15,96.989,8.93,1129,31.21,SU26219RMFS4
2023-02-16,97.216,8.85,1129,31.42,SU26219RMFS4
2023-02-17,97.18,8.87,1128,31.63,SU26219RMFS4
2023-02-20,97.131,8.89,1124,32.27,SU26219RMFS4
2023-02-21,97.199,8.86,1123,32.48,SU26219RMFS4
2023-02-22,97.545,8.74,1123,32.7,SU26219RMFS4
2023-02-24,97.49,8.77,1121,33.12,SU26219RMFS4
2023-02-27,97.578,8.73,1118,33.76,SU26219RMFS4
2023-02-28,97.496,8.76,1117,33.97,SU26219RMFS4
2023-03-01,97.552,8.75,1116,34.18,SU26219RMFS4
2023-03-02,97.515,8.76,1115,34.39,SU26219RMFS4
2023-03-03,97.549,8.75,1114,34.61,SU26219RMFS4
2023-03-06,97.465,8.78,1111,35.24,SU26219RMFS4
2023-03-07,97.667,8.71,1110,35.46,SU26219RMFS4
2023-03-09,97.37,8.82,1108,35.88,SU26219RMFS4
2023-03-10,97.858,8.64,1107,36.09,SU26219RMFS4
2023-03-13,97.763,8.68,1104,36.73,SU26219RMFS4
2023-03-14,97.621,8.73,1103,36.94,SU26219RMFS4
2023-03-15,97.526,8.76,1102,37.15,SU26219RMFS4
2023-03-16,97.597,8.74,1101,37.37,SU26219RMFS4
2023-03-17,97.019,8.95,1100,37.58,SU26219RMFS4
2023-03-20,97.19,8.89,1096,38.22,SU26219RMFS4
2023-03-21,97.267,8.86,1096,38.43,SU26219RMFS4
2023-03-22,97.58,8.75,1138,0.0,SU26219RMFS4
2023-03-23,97.717,8.7,1137,0.21,SU26219RMFS4
2023-03-24,97.66,8.72,1136,0.42,SU26219RMFS4
2023-03-27,97.7,8.71,1133,1.06,SU26219RMFS4
2023-03-28,97.7,8.71,1132,1.27,SU26219RMFS4
2023-03-29,97.748,8.69,1131,1.49,SU26219RMFS4
2023-03-30,97.612,8.74,1130,1.7,SU26219RMFS4
2023-03-31,97.6,8.75,1129,1.91,SU26219RMFS4
2023-04-03,97.699,8.71,1126,2.55,SU26219RMFS4
2023-04-04,97.63,8.74,1125,2.76,SU26219RMFS4
2023-04-05,97.6,8.75,1124,2.97,SU26219RMFS4
2023-04-06,97.565,8.76,1123,3.18,SU26219RMFS4
2023-04-07,97.779,8.69,1122,3.4,SU26219RMFS4
2023-04-10,97.778,8.69,1119,4.03,SU26219RMFS4
2023-04-11,97.811,8.68,1119,4.25,SU26219RMFS4
2023-04-12,97.802,8.68,1117,4.46,SU26219RMFS4
2023-04-13,97.853,8.66,1117,4.67,SU26219RMFS4
2023-04-14,98.03,8.6,1116,4.88,SU26219RMFS4
2023-04-17,98.027,8.6,1113,5.52,SU26219RMFS4
2023-04-18,98.197,8.54,1112,5.73,SU26219RMFS4
2023-04-19,98.036,8.6,1111,5.94,SU26219RMFS4
2023-04-20,98.3,8.5,1110,6.16,SU26219RMFS4
2023-04-21,98.299,8.5,1109,6.37,SU26219RMFS4
2023-04-24,98.484,8.44,1106,7.01,SU26219RMFS4
2023-04-25,98.508,8.43,1105,7.22,SU26219RMFS4
2023-04-26,98.601,8.4,1104,7.43,SU26219RMFS4
2023-04-27,98.691,8.36,1103,7.64,SU26219RMFS4
2023-04-28,98.856,8.3,1102,7.86,SU26219RMFS4
2023-05-02,98.678,8.37,1098,8.7,SU26219RMFS4
2023-05-03,98.832,8.31,1097,8.92,SU26219RMFS4
2023-05-04,98.889,8.29,1096,9.13,SU26219RMFS4
2023-05-05,98.881,8.3,1095,9.34,SU26219RMFS4
2023-05-08,98.837,8.31,1092,9.98,SU26219RMFS4
2023-05-10,98.778,8.33,1090,10.4,SU26219RMFS4
2023-05-11,98.769,8.34,1089,10.62,SU26219RMFS4
2023-05-12,98.625,8.39,1088,10.83,SU26219RMFS4
2023-05-15,98.641,8.39,1085,11.46,SU26219RMFS4
2023-05-16,98.523,8.43,1084,11.68,SU26219RMFS4
2023-05-17,98.55,8.42,1083,11.89,SU26219RMFS4
2023-05-18,98.64,8.39,1082,12.1,SU26219RMFS4
2023-05-19,98.634,8.39,1081,12.31,SU26219RMFS4
2023-05-22,98.568,8.42,1078,12.95,SU26219RMFS4
2023-05-23,98.498,8.44,1077,13.16,SU26219RMFS4
2023-05-24,98.342,8.5,1076,13.38,SU26219RMFS4
2023-05-25,98.346,8.5,1075,13.59,SU26219RMFS4
2023-05-26,98.343,8.5,1074,13.8,SU26219RMFS4
2023-05-29,98.3,8.52,1071,14.44,SU26219RMFS4
2023-05-30,98.212,8.55,1070,14.65,SU26219RMFS4
2023-05-31,98.2,8.56,1069,14.86,SU26219RMFS4
2023-06-01,98.152,8.57,1068,15.07,SU26219RMFS4
2023-06-02,98.071,8.6,1067,15.29,SU26219RMFS4
2023-06-05,98.104,8.59,1063,15.92,SU26219RMFS4
2023-06-06,98.146,8.58,1062,16.14,SU26219RMFS4
2023-06-07,98.15,8.58,1061,16.35,SU26219RMFS4
2023-06-08,98.1,8.6,1060,16.56,SU26219RMFS4
2023-06-09,98.15,8.58,1056,16.77,SU26219RMFS4
2023-06-13,98.149,8.58,1055,17.62,SU26219RMFS4
2023-06-14,98.074,8.61,1054,17.83,SU26219RMFS4
2023-06-15,98.095,8.6,1053,18.05,SU26219RMFS4
2023-06-16,98.0,8.64,1050,18.26,SU26219RMFS4
2023-06-19,98.047,8.62,1049,18.9,SU26219RMFS4
2023-06-20,97.888,8.68,1048,19.11,SU26219RMFS4
2023-06-21,97.677,8.76,1046,19.32,SU26219RMFS4
2023-06-22,97.599,8.79,1045,19.53,SU26219RMFS4
2023-06-23,97.6,8.8,1042,19.74,SU26219RMFS4
2023-06-26,97.515,8.83,1041,20.38,SU26219RMFS4
2023-06-27,97.6,8.8,1040,20.59,SU26219RMFS4
2023-06-28,97.72,8.75,1039,20.81,SU26219RMFS4
2023-06-29,97.505,8.83,1038,21.02,SU26219RMFS4
2023-06-30,97.616,8.79,1035,21.23,SU26219RMFS4
2023-07-03,97.3,8.92,1034,21.87,SU26219RMFS4
2023-07-04,97.205,8.95,1033,22.08,SU26219RMFS4
2023-07-05,97.423,8.87,1032,22.29,SU26219RMFS4
2023-07-06,97.41,8.88,1031,22.5,SU26219RMFS4
2023-07-07,97.389,8.89,1028,22.72,SU26219RMFS4
2023-07-10,97.124,8.99,1027,23.35,SU26219RMFS4
2023-07-11,96.945,9.06,1026,23.57,SU26219RMFS4
2023-07-12,96.903,9.08,1025,23.78,SU26219RMFS4
2023-07-13,96.979,9.05,1024,23.99,SU26219RMFS4
2023-07-14,96.757,9.14,1020,24.2,SU26219RMFS4
2023-07-17,96.213,9.36,1019,24.84,SU26219RMFS4
2023-07-18,96.08,9.41,1018,25.05,SU26219RMFS4
2023-07-19,96.099,9.4,1017,25.26,SU26219RMFS4
2023-07-20,96.057,9.42,1016,25.48,SU26219RMFS4
2023-07-21,95.701,9.57,1012,25.69,SU26219RMFS4
2023-07-24,96.035,9.44,1012,26.33,SU26219RMFS4
2023-07-25,95.787,9.54,1011,26.54,SU26219RMFS4
2023-07-26,96.001,9.45,1010,26.75,SU26219RMFS4
2023-07-27,95.893,9.5,1008,26.96,SU26219RMFS4
2023-07-28,95.533,9.65,1005,27.18,SU26219RMFS4
2023-07-31,95.531,9.65,1004,27.81,SU26219RMFS4
2023-08-01,95.5,9.66,1003,28.02,SU26219RMFS4
2023-08-02,95.634,9.61,1002,28.24,SU26219RMFS4
2023-08-03,95.407,9.7,1001,28.45,SU26219RMFS4
2023-08-04,95.188,9.8,998,28.66,SU26219RMFS4
2023-08-07,95.185,9.8,997,29.3,SU26219RMFS4
2023-08-08,94.914,9.91,996,29.51,SU26219RMFS4
2023-08-09,94.48,10.09,994,29.72,SU26219RMFS4
2023-08-10,94.097,10.25,993,29.94,SU26219RMFS4
2023-08-11,94.053,10.28,990,30.15,SU26219RMFS4
2023-08-14,92.92,10.76,989,30.78,SU26219RMFS4
2023-08-15,92.999,10.73,986,31.0,SU26219RMFS4
2023-08-16,93.265,10.62,986,31.21,SU26219RMFS4
2023-08-17,93.533,10.51,985,31.42,SU26219RMFS4
2023-08-18,93.855,10.38,982,31.63,SU26219RMFS4
2023-08-21,93.698,10.45,981,32.27,SU26219RMFS4
2023-08-22,93.412,10.57,980,32.48,SU26219RMFS4
2023-08-23,93.668,10.46,979,32.7,SU26219RMFS4
2023-08-24,93.311,10.62,978,32.91,SU26219RMFS4
2023-08-25,93.194,10.67,975,33.12,SU26219RMFS4
2023-08-28,93.109,10.71,974,33.76,SU26219RMFS4
2023-08-29,93.055,10.74,973,33.97,SU26219RMFS4
2023-08-30,93.099,10.72,972,34.18,SU26219RMFS4
2023-08-31,93.058,10.74,971,34.39,SU26219RMFS4
2023-09-01,92.812,10.86,968,34.61,SU26219RMFS4
2023-09-04,92.817,10.86,966,35.24,SU26219RMFS4
2023-09-05,92.29,11.09,965,35.46,SU26219RMFS4
2023-09-06,91.249,11.55,963,35.67,SU26219RMFS4
2023-09-07,90.954,11.69,961,35.88,SU26219RMFS4
2023-09-08,90.195,12.04,958,36.09,SU26219RMFS4
2023-09-11,90.522,11.9,957,36.73,SU26219RMFS4
2023-09-12,91.509,11.46,956,36.94,SU26219RMFS4
2023-09-13,91.045,11.67,956,37.15,SU26219RMFS4
2023-09-14,90.607,11.87,954,37.37,SU26219RMFS4
2023-09-15,90.916,11.74,951,37.58,SU26219RMFS4
2023-09-18,90.811,11.79,950,38.22,SU26219RMFS4
2023-09-19,90.726,11.83,990,38.43,SU26219RMFS4
2023-09-20,90.574,11.9,988,0.0,SU26219RMFS4
2023-09-21,90.603,11.89,988,0.21,SU26219RMFS4
2023-09-22,90.551,11.93,985,0.42,SU26219RMFS4
2023-09-25,90.587,11.91,983,1.06,SU26219RMFS4
2023-09-26,90.518,11.95,982,1.27,SU26219RMFS4
2023-09-27,90.408,12.0,981,1.49,SU26219RMFS4
2023-09-28,90.3,12.05,980,1.7,SU26219RMFS4
2023-09-29,90.12,12.15,977,1.91,SU26219RMFS4
2023-10-02,90.073,12.17,976,2.55,SU26219RMFS4
2023-10-03,89.98,12.22,975,2.76,SU26219RMFS4
2023-10-04,90.211,12.12,974,2.97,SU26219RMFS4
2023-10-05,89.999,12.22,973,3.18,SU26219RMFS4
2023-10-06,90.005,12.22,970,3.4,SU26219RMFS4
2023-10-09,90.085,12.19,969,4.03,SU26219RMFS4
2023-10-10,90.197,12.14,968,4.25,SU26219RMFS4
2023-10-11,90.46,12.02,967,4.46,SU26219RMFS4
2023-10-12,90.3,12.1,966,4.67,SU26219RMFS4
2023-10-13,90.351,12.09,963,4.88,SU26219RMFS4
2023-10-16,90.398,12.07,962,5.52,SU26219RMFS4
2023-10-17,90.391,12.08,961,5.73,SU26219RMFS4
2023-10-18,90.2,12.17,960,5.94,SU26219RMFS4
2023-10-19,90.145,12.2,959,6.16,SU26219RMFS4
2023-10-20,90.308,12.13,956,6.37,SU26219RMFS4
2023-10-23,90.261,12.16,955,7.01,SU26219RMFS4
2023-10-24,90.343,12.12,954,7.22,SU26219RMFS4
2023-10-25,90.439,12.08,953,7.43,SU26219RMFS4
2023-10-26,90.141,12.22,952,7.64,SU26219RMFS4
2023-10-27,89.9,12.35,949,7.86,SU26219RMFS4
2023-10-30,89.569,12.51,948,8.49,SU26219RMFS4
2023-10-31,89.9,12.36,947,8.7,SU26219RMFS4
2023-11-01,90.299,12.17,946,8.92,SU26219RMFS4
2023-11-02,90.467,12.09,945,9.13,SU26219RMFS4
2023-11-03,91.167,11.77,942,9.34,SU26219RMFS4
2023-11-06,91.401,11.67,942,9.98,SU26219RMFS4
2023-11-07,91.235,11.75,941,10.19,SU26219RMFS4
2023-11-08,91.33,11.71,940,10.4,SU26219RMFS4
2023-11-09,91.878,11.45,939,10.62,SU26219RMFS4
2023-11-10,91.986,11.41,936,10.83,SU26219RMFS4
2023-11-13,92.099,11.36,935,11.46,SU26219RMFS4
2023-11-14,91.662,11.57,934,11.68,SU26219RMFS4
2023-11-15,91.347,11.72,933,11.89,SU26219RMFS4
2023-11-16,90.809,11.98,932,12.1,SU26219RMFS4
2023-11-17,91.921,11.46,929,12.31,SU26219RMFS4
2023-11-20,92.145,11.36,928,12.95,SU26219RMFS4
2023-11-21,92.012,11.43,927,13.16,SU26219RMFS4
2023-11-22,92.295,11.3,926,13.38,SU26219RMFS4
2023-11-23,92.399,11.25,925,13.59,SU26219RMFS4
2023-11-24,92.246,11.33,922,13.8,SU26219RMFS4
2023-11-27,92.197,11.36,921,14.44,SU26219RMFS4
2023-11-28,92.1,11.41,920,14.65,SU26219RMFS4
2023-11-29,92.26,11.33,919,14.86,SU26219RMFS4
2023-11-30,92.15,11.39,918,15.07,SU26219RMFS4
2023-12-01,91.62,11.65,915,15.29,SU26219RMFS4
2023-12-04,91.575,11.68,914,15.92,SU26219RMFS4
2023-12-05,91.33,11.8,913,16.14,SU26219RMFS4
2023-12-06,91.294,11.82,912,16.35,SU26219RMFS4
2023-12-07,91.327,11.8,911,16.56,SU26219RMFS4
2023-12-08,91.592,11.69,908,16.77,SU26219RMFS4
2023-12-11,91.487,11.74,907,17.41,SU26219RMFS4
2023-12-12,91.204,11.88,906,17.62,SU26219RMFS4
2023-12-13,91.257,11.86,905,17.83,SU26219RMFS4
2023-12-14,90.812,12.08,903,18.05,SU26219RMFS4
2023-12-15,91.395,11.81,900,18.26,SU26219RMFS4
2023-12-18,91.4,11.81,900,18.9,SU26219RMFS4
2023-12-19,91.854,11.59,899,19.11,SU26219RMFS4
2023-12-20,91.865,11.59,898,19.32,SU26219RMFS4
2023-12-21,91.955,11.55,897,19.53,SU26219RMFS4
2023-12-22,91.896,11.59,894,19.74,SU26219RMFS4
2023-12-25,92.099,11.49,893,20.38,SU26219RMFS4
2023-12-26,91.844,11.62,892,20.59,SU26219RMFS4
2023-12-27,91.748,11.67,891,20.81,SU26219RMFS4
2023-12-28,91.928,11.59,890,21.02,SU26219RMFS4
2023-12-29,91.9,11.62,884,21.23,SU26219RMFS4
2024-01-03,91.943,11.6,884,22.29,SU26219RMFS4
2024-01-04,91.94,11.6,883,22.5,SU26219RMFS4
2024-01-05,91.92,11.62,880,22.72,SU26219RMFS4
2024-01-08,91.841,11.67,879,23.35,SU26219RMFS4
2024-01-09,91.73,11.73,878,23.57,SU26219RMFS4
2024-01-10,91.573,11.81,877,23.78,SU26219RMFS4
2024-01-11,91.266,11.96,875,23.99,SU26219RMFS4
2024-01-12,91.322,11.95,872,24.2,SU26219RMFS4
2024-01-15,91.508,11.86,872,24.84,SU26219RMFS4
2024-01-16,91.692,11.77,871,25.05,SU26219RMFS4
2024-01-17,91.749,11.75,870,25.26,SU26219RMFS4
2024-01-18,91.743,11.75,869,25.48,SU26219RMFS4
2024-01-19,91.704,11.78,866,25.69,SU26219RMFS4
2024-01-22,91.9,11.69,865,26.33,SU26219RMFS4
2024-01-23,91.745,11.77,864,26.54,SU26219RMFS4
2024-01-24,91.878,11.71,863,26.75,SU26219RMFS4
2024-01-25,91.889,11.71,862,26.96,SU26219RMFS4
2024-01-26,91.988,11.67,859,27.18,SU26219RMFS4
2024-01-29,91.587,11.87,858,27.81,SU26219RMFS4
2024-01-30,91.896,11.72,857,28.02,SU26219RMFS4
2024-01-31,91.714,11.82,856,28.24,SU26219RMFS4
2024-02-01,91.754,11.8,855,28.45,SU26219RMFS4
2024-02-02,91.636,11.87,851,28.66,SU26219RMFS4
2024-02-05,91.579,11.9,850,29.3,SU26219RMFS4
2024-02-06,91.501,11.95,849,29.51,SU26219RMFS4
2024-02-07,91.599,11.9,848,29.72,SU26219RMFS4
2024-02-08,91.401,12.01,847,29.94,SU26219RMFS4
2024-02-09,91.298,12.07,844,30.15,SU26219RMFS4
2024-02-12,91.345,12.05,843,30.78,SU26219RMFS4
2024-02-13,91.37,12.04,842,31.0,SU26219RMFS4
2024-02-14,91.285,12.09,841,31.21,SU26219RMFS4
2024-02-15,91.2,12.14,840,31.42,SU26219RMFS4
2024-02-16,91.051,12.23,837,31.63,SU26219RMFS4
2024-02-19,90.96,12.28,836,32.27,SU26219RMFS4
2024-02-20,90.732,12.41,835,32.48,SU26219RMFS4
2024-02-21,90.782,12.38,834,32.7,SU26219RMFS4
2024-02-22,90.761,12.41,830,32.91,SU26219RMFS4
2024-02-26,90.739,12.43,829,33.76,SU26219RMFS4
2024-02-27,90.729,12.44,828,33.97,SU26219RMFS4
2024-02-28,90.8,12.41,827,34.18,SU26219RMFS4
2024-02-29,90.797,12.41,826,34.39,SU26219RMFS4
2024-03-01,91.0,12.32,823,34.61,SU26219RMFS4
2024-03-04,90.561,12.56,822,35.24,SU26219RMFS4
2024-03-05,90.379,12.66,820,35.46,SU26219RMFS4
2024-03-06,90.218,12.75,819,35.67,SU26219RMFS4
2024-03-07,90.139,12.81,815,35.88,SU26219RMFS4
2024-03-11,90.11,12.84,814,36.73,SU26219RMFS4
2024-03-12,89.86,12.98,813,36.94,SU26219RMFS4
2024-03-13,90.08,12.86,812,37.15,SU26219RMFS4
2024-03-14,89.797,13.02,811,37.37,SU26219RMFS4
2024-03-15,89.884,12.99,808,37.58,SU26219RMFS4
2024-03-18,89.757,13.06,807,38.22,SU26219RMFS4
2024-03-19,89.7,13.1,841,38.43,SU26219RMFS4
2024-03-20,89.7,13.11,839,0.0,SU26219RMFS4
2024-03-21,89.738,13.09,838,0.21,SU26219RMFS4
2024-03-22,89.717,13.12,835,0.42,SU26219RMFS4
2024-03-25,89.599,13.19,834,1.06,SU26219RMFS4
2024-03-26,89.699,13.14,833,1.27,SU26219RMFS4
2024-03-27,89.869,13.05,832,1.49,SU26219RMFS4
2024-03-28,89.709,13.14,831,1.7,SU26219RMFS4
2024-03-29,89.693,13.17,828,1.91,SU26219RMFS4
2024-04-01,89.625,13.21,827,2.55,SU26219RMFS4
2024-04-02,89.665,13.19,826,2.76,SU26219RMFS4
2024-04-03,89.7,13.18,825,2.97,SU26219RMFS4
2024-04-04,89.545,13.27,824,3.18,SU26219RMFS4
2024-04-05,89.587,13.26,821,3.4,SU26219RMFS4
2024-04-08,89.567,13.28,820,4.03,SU26219RMFS4
2024-04-09,89.375,13.39,819,4.25,SU26219RMFS4
2024-04-10,89.433,13.36,818,4.46,SU26219RMFS4
2024-04-11,89.204,13.5,817,4.67,SU26219RMFS4
2024-04-12,89.276,13.47,814,4.88,SU26219RMFS4
2024-04-15,89.401,13.41,813,5.52,SU26219RMFS4
2024-04-16,89.353,13.44,812,5.73,SU26219RMFS4
2024-04-17,89.3,13.48,811,5.94,SU26219RMFS4
2024-04-18,89.351,13.45,810,6.16,SU26219RMFS4
2024-04-19,89.269,13.52,807,6.37,SU26219RMFS4
2024-04-22,89.288,13.51,806,7.01,SU26219RMFS4
2024-04-23,89.212,13.56,805,7.22,SU26219RMFS4
2024-04-24,89.296,13.52,804,7.43,SU26219RMFS4
2024-04-25,89.1,13.64,803,7.64,SU26219RMFS4
2024-04-26,88.934,13.74,802,7.86,SU26219RMFS4
2024-04-27,88.954,13.74,800,8.07,SU26219RMFS4
2024-04-29,89.02,13.71,799,8.49,SU26219RMFS4
2024-04-30,88.814,13.84,797,8.7,SU26219RMFS4
2024-05-02,88.755,13.88,796,9.13,SU26219RMFS4
2024-05-03,88.671,13.95,793,9.34,SU26219RMFS4
2024-05-06,88.687,13.94,792,9.98,SU26219RMFS4
2024-05-07,88.663,13.97,791,10.19,SU26219RMFS4
2024-05-08,88.611,14.01,789,10.4,SU26219RMFS4
2024-05-10,88.69,13.98,786,10.83,SU26219RMFS4
2024-05-13,88.438,14.14,785,11.46,SU26219RMFS4
2024-05-14,88.16,14.31,784,11.68,SU26219RMFS4
2024-05-15,88.249,14.26,782,11.89,SU26219RMFS4
2024-05-16,87.893,14.48,781,12.1,SU26219RMFS4
2024-05-17,87.934,14.48,778,12.31,SU26219RMFS4
2024-05-20,87.772,14.58,777,12.95,SU26219RMFS4
2024-05-21,87.409,14.81,776,13.16,SU26219RMFS4
2024-05-22,87.399,14.82,775,13.38,SU26219RMFS4
2024-05-23,87.02,15.06,774,13.59,SU26219RMFS4
2024-05-24,86.648,15.32,771,13.8,SU26219RMFS4
2024-05-27,86.202,15.6,770,14.44,SU26219RMFS4
2024-05-28,86.541,15.4,769,14.65,SU26219RMFS4
2024-05-29,86.464,15.46,768,14.86,SU26219RMFS4
2024-05-30,86.364,15.53,767,15.07,SU26219RMFS4
2024-05-31,86.053,15.75,763,15.29,SU26219RMFS4
2024-06-03,86.337,15.58,762,15.92,SU26219RMFS4
2024-06-04,86.604,15.42,762,16.14,SU26219RMFS4
2024-06-05,86.528,15.48,761,16.35,SU26219RMFS4
2024-06-06,86.37,15.58,759,16.56,SU26219RMFS4
2024-06-07,86.629,15.45,756,16.77,SU26219RMFS4
2024-06-10,86.32,15.65,755,17.41,SU26219RMFS4
2024-06-11,86.413,15.61,753,17.62,SU26219RMFS4
2024-06-13,86.352,15.66,752,18.05,SU26219RMFS4
2024-06-14,86.333,15.7,749,18.26,SU26219RMFS4
2024-06-17,86.01,15.91,748,18.9,SU26219RMFS4
2024-06-18,85.586,16.2,747,19.11,SU26219RMFS4
2024-06-19,85.04,16.56,746,19.32,SU26219RMFS4
2024-06-20,84.761,16.76,744,19.53,SU26219RMFS4
2024-06-21,84.873,16.71,741,19.74,SU26219RMFS4
2024-06-24,84.983,16.65,741,20.38,SU26219RMFS4
2024-06-25,85.455,16.35,740,20.59,SU26219RMFS4
2024-06-26,85.617,16.25,739,20.81,SU26219RMFS4
2024-06-27,85.612,16.27,738,21.02,SU26219RMFS4
2024-06-28,85.429,16.42,735,21.23,SU26219RMFS4
2024-07-01,85.578,16.33,734,21.87,SU26219RMFS4
2024-07-02,85.568,16.34,733,22.08,SU26219RMFS4
2024-07-03,85.707,16.26,732,22.29,SU26219RMFS4
2024-07-04,85.408,16.47,731,22.5,SU26219RMFS4
2024-07-05,85.378,16.52,728,22.72,SU26219RMFS4
2024-07-08,85.444,16.49,727,23.35,SU26219RMFS4
2024-07-09,85.354,16.56,726,23.57,SU26219RMFS4
2024-07-10,85.13,16.72,725,23.78,SU26219RMFS4
2024-07-11,85.161,16.71,723,23.99,SU26219RMFS4
2024-07-12,85.089,16.79,721,24.2,SU26219RMFS4
2024-07-15,84.934,16.9,719,24.84,SU26219RMFS4
2024-07-16,84.891,16.95,718,25.05,SU26219RMFS4
2024-07-17,85.17,16.77,717,25.26,SU26219RMFS4
2024-07-18,85.0,16.89,716,25.48,SU26219RMFS4
2024-07-19,84.97,16.95,713,25.69,SU26219RMFS4
2024-07-22,85.087,16.88,712,26.33,SU26219RMFS4
2024-07-23,84.911,17.01,711,26.54,SU26219RMFS4
2024-07-24,84.918,17.02,710,26.75,SU26219RMFS4
2024-07-25,84.9,17.04,709,26.96,SU26219RMFS4
2024-07-26,84.805,17.14,706,27.18,SU26219RMFS4
2024-07-29,84.72,17.21,705,27.81,SU26219RMFS4
2024-07-30,85.08,16.97,704,28.02,SU26219RMFS4
2024-07-31,85.055,17.0,703,28.24,SU26219RMFS4
2024-08-01,85.37,16.8,702,28.45,SU26219RMFS4
2024-08-02,85.413,16.8,699,28.66,SU26219RMFS4
2024-08-05,85.301,16.89,698,29.3,SU26219RMFS4
2024-08-06,85.408,16.83,697,29.51,SU26219RMFS4
2024-08-07,85.642,16.68,697,29.72,SU26219RMFS4
2024-08-08,86.199,16.3,696,29.94,SU26219RMFS4
2024-08-09,86.311,16.26,693,30.15,SU26219RMFS4
2024-08-12,86.17,16.37,692,30.78,SU26219RMFS4
2024-08-13,86.094,16.43,691,31.0,SU26219RMFS4
2024-08-14,86.0,16.51,690,31.21,SU26219RMFS4
2024-08-15,85.569,16.82,689,31.42,SU26219RMFS4
2024-08-16,85.627,16.81,685,31.63,SU26219RMFS4
2024-08-19,85.419,16.97,684,32.27,SU26219RMFS4
2024-08-20,85.492,16.93,683,32.48,SU26219RMFS4
2024-08-21,85.559,16.89,682,32.7,SU26219RMFS4
2024-08-22,85.422,17.0,681,32.91,SU26219RMFS4
2024-08-23,85.239,17.17,678,33.12,SU26219RMFS4
2024-08-26,85.179,17.22,677,33.76,SU26219RMFS4
2024-08-27,85.144,17.26,676,33.97,SU26219RMFS4
2024-08-28,85.118,17.29,675,34.18,SU26219RMFS4
2024-08-29,84.913,17.45,674,34.39,SU26219RMFS4
2024-08-30,84.707,17.64,671,34.61,SU26219RMFS4
2024-09-02,84.677,17.67,670,35.24,SU26219RMFS4
2024-09-03,84.853,17.56,669,35.46,SU26219RMFS4
2024-09-04,85.215,17.31,668,35.67,SU26219RMFS4
2024-09-05,84.7,17.7,667,35.88,SU26219RMFS4
2024-09-06,84.77,17.69,664,36.09,SU26219RMFS4
2024-09-09,84.97,17.55,663,36.73,SU26219RMFS4
2024-09-10,85.0,17.54,662,36.94,SU26219RMFS4
2024-09-11,84.747,17.74,661,37.15,SU26219RMFS4
2024-09-12,84.702,17.79,660,37.37,SU26219RMFS4
2024-09-13,84.798,17.76,656,37.58,SU26219RMFS4
2024-09-16,84.341,18.11,655,38.22,SU26219RMFS4
2024-09-17,84.399,18.08,684,38.43,SU26219RMFS4
2024-09-18,83.757,18.58,683,0.0,SU26219RMFS4
2024-09-19,83.912,18.48,682,0.21,SU26219RMFS4
2024-09-20,84.0,18.45,679,0.42,SU26219RMFS4
2024-09-23,84.1,18.39,678,1.06,SU26219RMFS4
2024-09-24,84.065,18.43,677,1.27,SU26219RMFS4
2024-09-25,84.101,18.41,676,1.49,SU26219RMFS4
2024-09-26,84.103,18.43,675,1.7,SU26219RMFS4
2024-09-27,83.724,18.76,672,1.91,SU26219RMFS4
2024-09-30,83.639,18.84,671,2.55,SU26219RMFS4
2024-10-01,83.598,18.88,670,2.76,SU26219RMFS4
2024-10-02,83.3,19.13,669,2.97,SU26219RMFS4
2024-10-03,83.295,19.15,668,3.18,SU26219RMFS4
2024-10-04,83.189,19.27,665,3.4,SU26219RMFS4
2024-10-07,82.971,19.46,664,4.03,SU26219RMFS4
2024-10-08,82.813,19.6,663,4.25,SU26219RMFS4
2024-10-09,82.865,19.57,662,4.46,SU26219RMFS4
2024-10-10,83.139,19.37,661,4.67,SU26219RMFS4
2024-10-11,83.25,19.33,658,4.88,SU26219RMFS4
2024-10-14,83.389,19.24,657,5.52,SU26219RMFS4
2024-10-15,83.402,19.24,656,5.73,SU26219RMFS4
2024-10-16,83.68,19.04,655,5.94,SU26219RMFS4
2024-10-17,83.29,19.36,654,6.16,SU26219RMFS4
2024-10-18,83.395,19.32,651,6.37,SU26219RMFS4
2024-10-21,83.25,19.45,650,7.01,SU26219RMFS4
2024-10-22,83.118,19.58,649,7.22,SU26219RMFS4
2024-10-23,82.966,19.71,648,7.43,SU26219RMFS4
2024-10-24,82.848,19.83,647,7.64,SU26219RMFS4
2024-10-25,82.595,20.08,643,7.86,SU26219RMFS4
2024-10-28,81.947,20.63,642,8.49,SU26219RMFS4
2024-10-29,81.996,20.61,641,8.7,SU26219RMFS4
2024-10-30,81.899,20.71,640,8.92,SU26219RMFS4
2024-10-31,81.278,21.24,639,9.13,SU26219RMFS4
2024-11-01,81.342,21.21,638,9.34,SU26219RMFS4
2024-11-02,81.334,21.27,635,9.55,SU26219RMFS4
2024-11-05,81.449,21.19,634,10.19,SU26219RMFS4
2024-11-06,81.37,21.28,633,10.4,SU26219RMFS4
2024-11-07,81.5,21.19,632,10.62,SU26219RMFS4
2024-11-08,81.69,21.08,629,10.83,SU26219RMFS4
2024-11-11,81.899,20.92,628,11.46,SU26219RMFS4
2024-11-12,81.87,20.97,627,11.68,SU26219RMFS4
2024-11-13,81.891,20.97,626,11.89,SU26219RMFS4
2024-11-14,82.07,20.84,625,12.1,SU26219RMFS4
2024-11-15,82.101,20.87,622,12.31,SU26219RMFS4
2024-11-18,82.211,20.79,621,12.95,SU26219RMFS4
2024-11-19,82.048,20.95,620,13.16,SU26219RMFS4
2024-11-20,81.779,21.2,619,13.38,SU26219RMFS4
2024-11-21,81.766,21.23,618,13.59,SU26219RMFS4
2024-11-22,81.792,21.27,615,13.8,SU26219RMFS4
2024-11-25,81.877,21.21,614,14.44,SU26219RMFS4
2024-11-26,81.596,21.48,613,14.65,SU26219RMFS4
2024-11-27,81.473,21.6,612,14.86,SU26219RMFS4
2024-11-28,81.32,21.76,611,15.07,SU26219RMFS4
2024-11-29,81.186,21.94,608,15.29,SU26219RMFS4
2024-12-02,81.376,21.79,607,15.92,SU26219RMFS4
2024-12-03,81.569,21.64,606,16.14,SU26219RMFS4
2024-12-04,81.436,21.78,605,16.35,SU26219RMFS4
2024-12-05,81.699,21.57,604,16.56,SU26219RMFS4
2024-12-06,81.882,21.47,601,16.77,SU26219RMFS4
2024-12-09,81.997,21.39,600,17.41,SU26219RMFS4
2024-12-10,82.099,21.32,599,17.62,SU26219RMFS4
2024-12-11,82.1,21.34,598,17.83,SU26219RMFS4
2024-12-12,82.095,21.36,597,18.05,SU26219RMFS4
2024-12-13,82.15,21.38,594,18.26,SU26219RMFS4
2024-12-16,82.227,21.33,593,18.9,SU26219RMFS4
2024-12-17,82.19,21.38,592,19.11,SU26219RMFS4
2024-12-18,82.43,21.19,591,19.32,SU26219RMFS4
2024-12-19,82.737,20.94,590,19.53,SU26219RMFS4
2024-12-20,84.647,19.34,587,19.74,SU26219RMFS4
2024-12-23,86.204,18.04,587,20.38,SU26219RMFS4
2024-12-24,86.582,17.74,586,20.59,SU26219RMFS4
2024-12-25,86.885,17.51,586,20.81,SU26219RMFS4
2024-12-26,87.038,17.4,584,21.02,SU26219RMFS4
2024-12-27,86.946,17.49,584,21.23,SU26219RMFS4
2024-12-28,86.274,18.08,581,21.44,SU26219RMFS4
2024-12-30,85.835,18.51,577,21.87,SU26219RMFS4
2025-01-03,86.104,18.33,574,22.72,SU26219RMFS4
2025-01-06,86.188,18.3,572,23.35,SU26219RMFS4
2025-01-08,86.189,18.31,571,23.78,SU26219RMFS4
2025-01-09,85.932,18.55,570,23.99,SU26219RMFS4
2025-01-10,86.191,18.38,567,24.2,SU26219RMFS4
2025-01-13,86.238,18.35,566,24.84,SU26219RMFS4
2025-01-14,86.133,18.46,565,25.05,SU26219RMFS4
2025-01-15,86.185,18.43,564,25.26,SU26219RMFS4
2025-01-16,86.114,18.51,563,25.48,SU26219RMFS4
2025-01-17,86.087,18.59,560,25.69,SU26219RMFS4
2025-01-20,86.206,18.5,559,26.33,SU26219RMFS4
2025-01-21,86.301,18.44,558,26.54,SU26219RMFS4
2025-01-22,86.199,18.54,557,26.75,SU26219RMFS4
2025-01-23,86.3,18.47,556,26.96,SU26219RMFS4
2025-01-24,86.419,18.42,553,27.18,SU26219RMFS4
2025-01-27,86.346,18.5,552,27.81,SU26219RMFS4
2025-01-28,86.7,18.21,551,28.02,SU26219RMFS4
2025-01-29,87.312,17.7,550,28.24,SU26219RMFS4
2025-01-30,87.418,17.62,550,28.45,SU26219RMFS4
2025-01-31,87.451,17.64,547,28.66,SU26219RMFS4
2025-02-03,87.234,17.85,545,29.3,SU26219RMFS4
2025-02-04,86.972,18.09,544,29.51,SU26219RMFS4
2025-02-05,87.302,17.82,543,29.72,SU26219RMFS4
2025-02-06,87.149,17.97,542,29.94,SU26219RMFS4
2025-02-07,87.25,17.94,539,30.15,SU26219RMFS4
2025-02-10,87.281,17.92,538,30.78,SU26219RMFS4
2025-02-11,87.332,17.9,537,31.0,SU26219RMFS4
2025-02-12,87.698,17.59,536,31.21,SU26219RMFS4
2025-02-13,88.243,17.13,536,31.42,SU26219RMFS4
2025-02-14,87.652,17.7,533,31.63,SU26219RMFS4
2025-02-17,87.761,17.62,532,32.27,SU26219RMFS4
2025-02-18,87.551,17.82,531,32.48,SU26219RMFS4
2025-02-19,87.665,17.74,530,32.7,SU26219RMFS4
2025-02-20,87.846,17.6,529,32.91,SU26219RMFS4
2025-02-21,87.933,17.57,526,33.12,SU26219RMFS4
2025-02-24,87.925,17.59,525,33.76,SU26219RMFS4
2025-02-25,88.094,17.46,524,33.97,SU26219RMFS4
2025-02-26,88.144,17.43,523,34.18,SU26219RMFS4
2025-02-27,88.206,17.39,522,34.39,SU26219RMFS4
2025-02-28,88.548,17.14,519,34.61,SU26219RMFS4
2025-03-03,88.55,17.15,518,35.24,SU26219RMFS4
2025-03-04,88.81,16.94,517,35.46,SU26219RMFS4
2025-03-05,88.905,16.87,516,35.67,SU26219RMFS4
2025-03-06,89.022,16.78,515,35.88,SU26219RMFS4
2025-03-07,89.228,16.64,512,36.09,SU26219RMFS4
2025-03-10,89.344,16.56,511,36.73,SU26219RMFS4
2025-03-11,89.05,16.84,510,36.94,SU26219RMFS4
2025-03-12,89.145,16.77,509,37.15,SU26219RMFS4
2025-03-13,89.223,16.71,508,37.37,SU26219RMFS4
2025-03-14,89.769,16.27,505,37.58,SU26219RMFS4
2025-03-17,89.853,16.21,504,38.22,SU26219RMFS4
2025-03-18,90.071,16.03,525,38.43,SU26219RMFS4
2025-03-19,90.158,15.97,524,0.0,SU26219RMFS4
2025-03-20,90.035,16.09,523,0.21,SU26219RMFS4
2025-03-21,89.85,16.3,520,0.42,SU26219RMFS4
2025-03-24,89.702,16.45,519,1.06,SU26219RMFS4
2025-03-25,89.762,16.41,518,1.27,SU26219RMFS4
2025-03-26,89.514,16.65,517,1.49,SU26219RMFS4
2025-03-27,89.45,16.73,516,1.7,SU26219RMFS4
2025-03-28,89.323,16.89,513,1.91,SU26219RMFS4
2025-03-31,89.6,16.65,512,2.55,SU26219RMFS4
2025-04-01,89.3,16.94,511,2.76,SU26219RMFS4
2025-04-02,89.567,16.71,510,2.97,SU26219RMFS4
2025-04-03,89.339,16.94,509,3.18,SU26219RMFS4
2025-04-04,89.354,16.98,506,3.4,SU26219RMFS4
2025-04-07,89.104,17.23,505,4.03,SU26219RMFS4
2025-04-08,89.222,17.13,504,4.25,SU26219RMFS4
2025-04-09,89.39,16.99,503,4.46,SU26219RMFS4
2025-04-10,89.065,17.32,502,4.67,SU26219RMFS4
2025-04-11,89.32,17.12,499,4.88,SU26219RMFS4
2025-04-14,89.117,17.33,498,5.52,SU26219RMFS4
2025-04-15,89.189,17.28,497,5.73,SU26219RMFS4
2025-04-16,88.862,17.62,496,5.94,SU26219RMFS4
2025-04-17,88.961,17.54,495,6.16,SU26219RMFS4
2025-04-18,88.762,17.79,492,6.37,SU26219RMFS4
2025-04-21,88.898,17.67,491,7.01,SU26219RMFS4
2025-04-22,88.938,17.65,490,7.22,SU26219RMFS4
2025-04-23,89.144,17.47,489,7.43,SU26219RMFS4
2025-04-24,88.915,17.71,488,7.64,SU26219RMFS4
2025-04-25,89.285,17.4,485,7.86,SU26219RMFS4
2025-04-28,88.937,17.76,484,8.49,SU26219RMFS4
2025-04-29,88.81,17.91,483,8.7,SU26219RMFS4
2025-04-30,88.869,17.89,480,8.92,SU26219RMFS4
2025-05-02,88.775,18.04,477,9.34,SU26219RMFS4
2025-05-05,88.964,17.87,476,9.98,SU26219RMFS4
2025-05-06,88.937,17.92,475,10.19,SU26219RMFS4
2025-05-07,88.989,17.88,475,10.4,SU26219RMFS4
2025-05-08,89.145,17.8,470,10.62,SU26219RMFS4
2025-05-12,89.14,17.83,469,11.46,SU26219RMFS4
2025-05-13,89.031,17.96,469,11.68,SU26219RMFS4
2025-05-14,88.868,18.15,467,11.89,SU26219RMFS4
2025-05-15,88.922,18.11,466,12.1,SU26219RMFS4
2025-05-16,88.969,18.12,463,12.31,SU26219RMFS4
2025-05-19,88.994,18.12,462,12.95,SU26219RMFS4
2025-05-20,89.167,17.96,461,13.16,SU26219RMFS4
2025-05-21,89.302,17.84,460,13.38,SU26219RMFS4
2025-05-22,89.173,18.0,459,13.59,SU26219RMFS4
2025-05-23,89.349,17.87,456,13.8,SU26219RMFS4
2025-05-26,89.173,18.08,455,14.44,SU26219RMFS4
2025-05-27,89.29,17.98,454,14.65,SU26219RMFS4
2025-05-28,89.522,17.76,454,14.86,SU26219RMFS4
2025-05-29,89.815,17.47,453,15.07,SU26219RMFS4
2025-05-30,90.087,17.25,450,15.29,SU26219RMFS4
2025-06-02,90.245,17.1,449,15.92,SU26219RMFS4
2025-06-03,90.646,16.71,448,16.14,SU26219RMFS4
2025-06-04,90.742,16.63,447,16.35,SU26219RMFS4
2025-06-05,90.699,16.69,446,16.56,SU26219RMFS4
2025-06-06,90.471,16.98,443,16.77,SU26219RMFS4
2025-06-09,90.299,17.18,442,17.41,SU26219RMFS4
2025-06-10,90.688,16.79,441,17.62,SU26219RMFS4
2025-06-11,90.992,16.51,439,17.83,SU26219RMFS4
2025-06-13,91.232,16.32,436,18.26,SU26219RMFS4
2025-06-16,90.884,16.7,435,18.9,SU26219RMFS4
2025-06-17,90.84,16.77,434,19.11,SU26219RMFS4
2025-06-18,90.997,16.62,433,19.32,SU26219RMFS4
2025-06-19,91.314,16.3,432,19.53,SU26219RMFS4
2025-06-20,91.483,16.18,429,19.74,SU26219RMFS4
2025-06-23,91.571,16.11,428,20.38,SU26219RMFS4
2025-06-24,91.658,16.03,427,20.59,SU26219RMFS4
2025-06-25,92.113,15.57,426,20.81,SU26219RMFS4
2025-06-26,91.98,15.73,425,21.02,SU26219RMFS4
2025-06-27,92.398,15.34,422,21.23,SU26219RMFS4
2025-06-30,92.723,15.01,421,21.87,SU26219RMFS4
2025-07-01,92.793,14.95,420,22.08,SU26219RMFS4
2025-07-02,92.624,15.15,419,22.29,SU26219RMFS4
2025-07-03,92.659,15.13,418,22.5,SU26219RMFS4
2025-07-04,92.686,15.15,415,22.72,SU26219RMFS4
2025-07-07,92.713,15.13,414,23.35,SU26219RMFS4
2025-07-08,92.852,15.0,413,23.57,SU26219RMFS4
2025-07-09,92.948,14.92,412,23.78,SU26219RMFS4
2025-07-10,93.082,14.79,411,23.99,SU26219RMFS4
2025-07-11,93.095,14.82,408,24.2,SU26219RMFS4
2025-07-14,93.175,14.75,407,24.84,SU26219RMFS4
2025-07-15,93.52,14.4,406,25.05,SU26219RMFS4
2025-07-16,93.95,13.95,405,25.26,SU26219RMFS4
2025-07-17,94.2,13.7,404,25.48,SU26219RMFS4
2025-07-18,94.4,13.53,401,25.69,SU26219RMFS4
2025-07-21,94.443,13.5,400,26.33,SU26219RMFS4
2025-07-22,94.386,13.57,399,26.54,SU26219RMFS4
2025-07-23,94.396,13.57,398,26.75,SU26219RMFS4
2025-07-24,94.505,13.47,397,26.96,SU26219RMFS4
2025-07-25,94.467,13.55,394,27.18,SU26219RMFS4
2025-07-28,94.35,13.69,393,27.81,SU26219RMFS4
2025-07-29,94.75,13.27,392,28.02,SU26219RMFS4
2025-07-30,94.758,13.28,391,28.24,SU26219RMFS4
2025-07-31,94.798,13.25,390,28.45,SU26219RMFS4
2025-08-01,94.867,13.21,387,28.66,SU26219RMFS4
2025-08-04,95.134,12.93,386,29.3,SU26219RMFS4
2025-08-05,95.341,12.72,385,29.51,SU26219RMFS4
2025-08-06,95.429,12.64,384,29.72,SU26219RMFS4
2025-08-07,95.437,12.64,383,29.94,SU26219RMFS4
2025-08-08,95.455,12.66,380,30.15,SU26219RMFS4
2025-08-11,95.321,12.82,379,30.78,SU26219RMFS4
2025-08-12,95.398,12.74,378,31.0,SU26219RMFS4
2025-08-13,95.419,12.73,377,31.21,SU26219RMFS4
2025-08-14,95.25,12.93,376,31.42,SU26219RMFS4
2025-08-15,95.538,12.65,373,31.63,SU26219RMFS4
2025-08-18,95.321,12.9,372,32.27,SU26219RMFS4
2025-08-19,95.329,12.91,371,32.48,SU26219RMFS4
2025-08-20,95.286,12.97,370,32.7,SU26219RMFS4
2025-08-21,95.288,12.98,369,32.91,SU26219RMFS4
2025-08-22,95.472,12.81,366,33.12,SU26219RMFS4
2025-08-25,95.44,12.86,365,33.76,SU26219RMFS4
2025-08-26,95.102,13.26,364,33.97,SU26219RMFS4
2025-08-27,95.1,13.28,363,34.18,SU26219RMFS4
2025-08-28,94.961,13.45,362,34.39,SU26219RMFS4
2025-08-29,94.702,13.8,359,34.61,SU26219RMFS4
2025-09-01,94.798,13.71,358,35.24,SU26219RMFS4
2025-09-02,94.814,13.7,357,35.46,SU26219RMFS4
2025-09-03,95.115,13.36,356,35.67,SU26219RMFS4
2025-09-04,95.124,13.37,355,35.88,SU26219RMFS4
2025-09-05,95.28,13.23,352,36.09,SU26219RMFS4
2025-09-08,95.161,13.39,351,36.73,SU26219RMFS4
2025-09-09,95.089,13.49,350,36.94,SU26219RMFS4
2025-09-10,95.159,13.42,349,37.15,SU26219RMFS4
2025-09-11,95.095,13.51,348,37.37,SU26219RMFS4
2025-09-12,94.872,13.83,345,37.58,SU26219RMFS4
2025-09-15,95.39,13.22,344,38.22,SU26219RMFS4
2025-09-16,95.088,13.6,357,38.43,SU26219RMFS4
2025-09-17,95.131,13.56,356,0.0,SU26219RMFS4
2025-09-18,94.913,13.84,355,0.21,SU26219RMFS4
2025-09-19,94.811,14.02,352,0.42,SU26219RMFS4
2025-09-22,94.834,14.01,351,1.06,SU26219RMFS4
2025-09-23,94.92,13.91,350,1.27,SU26219RMFS4
2025-09-24,95.043,13.78,349,1.49,SU26219RMFS4
2025-09-25,94.977,13.87,348,1.7,SU26219RMFS4
2025-09-26,95.096,13.77,345,1.91,SU26219RMFS4
2025-09-29,94.815,14.14,344,2.55,SU26219RMFS4
2025-09-30,94.714,14.29,343,2.76,SU26219RMFS4
2025-10-01,94.915,14.05,342,2.97,SU26219RMFS4
2025-10-02,94.499,14.6,341,3.18,SU26219RMFS4
2025-10-03,94.76,14.32,338,3.4,SU26219RMFS4
2025-10-06,94.478,14.7,337,4.03,SU26219RMFS4
2025-10-07,94.637,14.51,336,4.25,SU26219RMFS4
2025-10-08,94.267,15.02,335,4.46,SU26219RMFS4
2025-10-09,94.656,14.53,334,4.67,SU26219RMFS4
2025-10-10,94.609,14.65,331,4.88,SU26219RMFS4
2025-10-13,94.615,14.66,330,5.52,SU26219RMFS4
2025-10-14,94.517,14.81,329,5.73,SU26219RMFS4
2025-10-15,94.698,14.58,328,5.94,SU26219RMFS4
2025-10-16,94.641,14.68,327,6.16,SU26219RMFS4
2025-10-17,94.899,14.39,324,6.37,SU26219RMFS4
2025-10-20,95.183,14.03,323,7.01,SU26219RMFS4
2025-10-21,95.34,13.83,322,7.22,SU26219RMFS4
2025-10-22,95.337,13.86,321,7.43,SU26219RMFS4
2025-10-23,95.25,13.99,320,7.64,SU26219RMFS4
2025-10-24,95.591,13.58,317,7.86,SU26219RMFS4
2025-10-27,95.53,13.68,316,8.49,SU26219RMFS4
2025-10-28,95.545,13.68,315,8.7,SU26219RMFS4
2025-10-29,95.702,13.48,314,8.92,SU26219RMFS4
2025-10-30,95.917,13.2,313,9.13,SU26219RMFS4
2025-10-31,95.965,13.15,312,9.34,SU26219RMFS4
2025-11-01,96.101,13.0,310,9.55,SU26219RMFS4
2025-11-03,96.159,12.95,308,9.98,SU26219RMFS4
2025-11-05,96.081,13.07,307,10.4,SU26219RMFS4
2025-11-06,96.136,13.01,306,10.62,SU26219RMFS4
2025-11-07,96.197,12.98,303,10.83,SU26219RMFS4
2025-11-10,96.211,12.97,302,11.46,SU26219RMFS4
2025-11-11,96.311,12.85,301,11.68,SU26219RMFS4
2025-11-12,96.58,12.48,300,11.89,SU26219RMFS4
2025-11-13,96.568,12.52,299,12.1,SU26219RMFS4
2025-11-14,96.5,12.66,296,12.31,SU26219RMFS4
2025-11-17,96.549,12.6,295,12.95,SU26219RMFS4
2025-11-18,96.455,12.75,294,13.16,SU26219RMFS4
2025-11-19,96.123,13.25,293,13.38,SU26219RMFS4
2025-11-20,96.25,13.08,292,13.59,SU26219RMFS4
2025-11-21,95.957,13.56,289,13.8,SU26219RMFS4
2025-11-24,96.183,13.25,288,14.44,SU26219RMFS4
2025-11-25,96.173,13.28,287,14.65,SU26219RMFS4
2025-11-26,95.701,14.0,286,14.86,SU26219RMFS4
2025-11-27,95.703,14.02,285,15.07,SU26219RMFS4
2025-11-28,95.799,13.93,282,15.29,SU26219RMFS4
2025-12-01,95.748,14.03,281,15.92,SU26219RMFS4
2025-12-02,95.757,14.04,280,16.14,SU26219RMFS4
2025-12-03,95.785,14.02,279,16.35,SU26219RMFS4
2025-12-04,95.956,13.78,278,16.56,SU26219RMFS4
2025-12-05,95.886,13.95,275,16.77,SU26219RMFS4
2025-12-08,95.879,13.98,274,17.41,SU26219RMFS4
2025-12-09,95.98,13.84,273,17.62,SU26219RMFS4
2025-12-10,96.045,13.76,272,17.83,SU26219RMFS4
2025-12-11,95.904,14.0,271,18.05,SU26219RMFS4
2025-12-12,95.922,14.04,268,18.26,SU26219RMFS4
2025-12-15,95.993,13.95,267,18.9,SU26219RMFS4
2025-12-16,95.971,14.01,266,19.11,SU26219RMFS4
2025-12-17,96.002,13.98,265,19.32,SU26219RMFS4
2025-12-18,95.991,14.02,264,19.53,SU26219RMFS4
2025-12-19,96.1,13.91,261,19.74,SU26219RMFS4
2025-12-22,96.049,14.02,260,20.38,SU26219RMFS4
2025-12-23,96.28,13.66,259,20.59,SU26219RMFS4
2025-12-24,96.317,13.62,258,20.81,SU26219RMFS4
2025-12-25,96.307,13.66,257,21.02,SU26219RMFS4
2025-12-26,96.37,13.62,254,21.23,SU26219RMFS4
2025-12-29,96.499,13.43,253,21.87,SU26219RMFS4
2025-12-30,97.0,12.72,247,22.08,SU26219RMFS4
2021-01-04,108.25,5.69,2035,30.71,SU26212RMFS9
2021-01-05,108.435,5.66,2035,30.9,SU26212RMFS9
2021-01-06,108.5,5.65,2034,31.09,SU26212RMFS9
2021-01-08,108.38,5.67,2032,31.48,SU26212RMFS9
2021-01-11,107.9,5.75,2027,32.06,SU26212RMFS9
2021-01-12,107.778,5.77,2026,32.25,SU26212RMFS9
2021-01-13,107.462,5.82,2025,32.45,SU26212RMFS9
2021-01-14,107.399,5.83,2023,32.64,SU26212RMFS9
2021-01-15,106.607,5.97,2020,32.83,SU26212RMFS9
2021-01-18,106.742,5.95,2016,33.41,SU26212RMFS9
2021-01-19,106.848,5.93,2016,33.6,SU26212RMFS9
2021-01-20,107.008,5.9,2015,33.8,SU26212RMFS9
2021-01-21,106.7,5.95,2014,33.99,SU26212RMFS9
2021-01-22,106.1,6.06,2011,34.18,SU26212RMFS9
2021-01-25,106.21,6.04,2008,34.76,SU26212RMFS9
2021-01-26,106.434,6.0,2007,34.96,SU26212RMFS9
2021-01-27,106.137,6.05,2072,0.0,SU26212RMFS9
2021-01-28,106.099,6.06,2072,0.19,SU26212RMFS9
2021-01-29,106.193,6.04,2071,0.39,SU26212RMFS9
2021-02-01,106.246,6.03,2067,0.97,SU26212RMFS9
2021-02-02,106.227,6.03,2067,1.16,SU26212RMFS9
2021-02-03,105.904,6.09,2065,1.35,SU26212RMFS9
2021-02-04,106.027,6.07,2064,1.55,SU26212RMFS9
2021-02-05,106.361,6.01,2064,1.74,SU26212RMFS9
2021-02-08,106.477,5.99,2062,2.32,SU26212RMFS9
2021-02-09,106.34,6.01,2060,2.51,SU26212RMFS9
2021-02-10,105.996,6.07,2058,2.7,SU26212RMFS9
2021-02-11,105.602,6.14,2056,2.9,SU26212RMFS9
2021-02-12,105.05,6.24,2053,3.09,SU26212RMFS9
2021-02-15,104.47,6.34,2050,3.67,SU26212RMFS9
2021-02-16,103.973,6.43,2047,3.86,SU26212RMFS9
2021-02-17,104.117,6.4,2046,4.06,SU26212RMFS9
2021-02-18,103.995,6.43,2046,4.25,SU26212RMFS9
2021-02-19,103.908,6.44,2044,4.44,SU26212RMFS9
2021-02-20,103.971,6.43,2043,4.64,SU26212RMFS9
2021-02-22,103.913,6.44,2040,5.02,SU26212RMFS9
2021-02-24,103.994,6.43,2039,5.41,SU26212RMFS9
2021-02-25,103.598,6.5,2037,5.6,SU26212RMFS9
2021-02-26,103.252,6.56,2034,5.79,SU26212RMFS9
2021-03-01,103.258,6.56,2032,6.37,SU26212RMFS9
2021-03-02,103.7,6.48,2032,6.57,SU26212RMFS9
2021-03-03,104.071,6.41,2032,6.76,SU26212RMFS9
2021-03-04,104.338,6.36,2032,6.95,SU26212RMFS9
2021-03-05,103.792,6.46,2029,7.15,SU26212RMFS9
2021-03-09,103.601,6.49,2025,7.92,SU26212RMFS9
2021-03-10,103.35,6.54,2023,8.11,SU26212RMFS9
2021-03-11,103.0,6.6,2021,8.3,SU26212RMFS9
2021-03-12,102.849,6.63,2019,8.5,SU26212RMFS9
2021-03-15,102.603,6.68,2016,9.08,SU26212RMFS9
2021-03-16,102.6,6.68,2015,9.27,SU26212RMFS9
2021-03-17,102.468,6.7,2013,9.46,SU26212RMFS9
2021-03-18,101.724,6.84,2010,9.66,SU26212RMFS9
2021-03-19,101.25,6.93,2009,9.85,SU26212RMFS9
2021-03-22,101.123,6.96,2005,10.43,SU26212RMFS9
2021-03-23,100.498,7.08,2001,10.62,SU26212RMFS9
2021-03-24,100.551,7.07,2001,10.82,SU26212RMFS9
2021-03-25,101.007,6.98,2001,11.01,SU26212RMFS9
2021-03-26,101.619,6.86,2001,11.2,SU26212RMFS9
2021-03-29,101.499,6.88,1999,11.78,SU26212RMFS9
2021-03-30,101.067,6.97,1997,11.97,SU26212RMFS9
2021-03-31,101.2,6.94,1996,12.17,SU26212RMFS9
2021-04-01,100.997,6.98,1994,12.36,SU26212RMFS9
2021-04-02,101.098,6.96,1993,12.55,SU26212RMFS9
2021-04-05,101.085,6.96,1990,13.13,SU26212RMFS9
2021-04-06,100.341,7.1,1989,13.33,SU26212RMFS9
2021-04-07,100.099,7.15,1985,13.52,SU26212RMFS9
2021-04-08,99.99,7.17,1984,13.71,SU26212RMFS9
2021-04-09,99.949,7.18,1983,13.91,SU26212RMFS9
2021-04-12,100.1,7.15,1981,14.48,SU26212RMFS9
2021-04-13,100.121,7.15,1980,14.68,SU26212RMFS9
2021-04-14,101.2,6.94,1981,14.87,SU26212RMFS9
2021-04-15,100.992,6.98,1980,15.06,SU26212RMFS9
2021-04-16,101.405,6.9,1981,15.26,SU26212RMFS9
2021-04-19,101.05,6.97,1976,15.84,SU26212RMFS9
2021-04-20,100.781,7.02,1975,16.03,SU26212RMFS9
2021-04-21,101.34,6.91,1974,16.22,SU26212RMFS9
2021-04-22,101.719,6.84,1976,16.42,SU26212RMFS9
2021-04-23,101.937,6.8,1975,16.61,SU26212RMFS9
2021-04-26,101.994,6.79,1972,17.19,SU26212RMFS9
2021-04-27,101.847,6.81,1971,17.38,SU26212RMFS9
2021-04-28,101.799,6.82,1970,17.58,SU26212RMFS9
2021-04-29,101.708,6.84,1969,17.77,SU26212RMFS9
2021-04-30,101.881,6.81,1968,17.96,SU26212RMFS9
2021-05-04,101.91,6.8,1964,18.73,SU26212RMFS9
2021-05-05,101.949,6.79,1963,18.93,SU26212RMFS9
2021-05-06,101.805,6.82,1962,19.12,SU26212RMFS9
2021-05-07,101.911,6.8,1961,19.31,SU26212RMFS9
2021-05-10,102.001,6.78,1958,19.89,SU26212RMFS9
2021-05-11,101.755,6.83,1957,20.09,SU26212RMFS9
2021-05-12,101.696,6.84,1956,20.28,SU26212RMFS9
2021-05-13,101.314,6.91,1953,20.47,SU26212RMFS9
2021-05-14,101.588,6.86,1953,20.67,SU26212RMFS9
2021-05-17,101.571,6.86,1950,21.24,SU26212RMFS9
2021-05-18,101.402,6.9,1949,21.44,SU26212RMFS9
2021-05-19,101.437,6.89,1947,21.63,SU26212RMFS9
2021-05-20,101.541,6.87,1947,21.82,SU26212RMFS9
2021-05-21,101.639,6.85,1946,22.02,SU26212RMFS9
2021-05-24,101.58,6.86,1943,22.6,SU26212RMFS9
2021-05-25,101.481,6.88,1942,22.79,SU26212RMFS9
2021-05-26,101.644,6.85,1941,22.98,SU26212RMFS9
2021-05-27,101.565,6.87,1940,23.18,SU26212RMFS9
2021-05-28,101.543,6.87,1939,23.37,SU26212RMFS9
2021-05-31,101.401,6.9,1936,23.95,SU26212RMFS9
2021-06-01,101.34,6.91,1934,24.14,SU26212RMFS9
2021-06-02,101.491,6.88,1934,24.33,SU26212RMFS9
2021-06-03,101.279,6.92,1932,24.53,SU26212RMFS9
2021-06-04,101.14,6.95,1931,24.72,SU26212RMFS9
2021-06-07,100.938,6.99,1927,25.3,SU26212RMFS9
2021-06-08,100.6,7.05,1926,25.49,SU26212RMFS9
2021-06-09,100.812,7.01,1924,25.69,SU26212RMFS9
2021-06-10,100.806,7.01,1923,25.88,SU26212RMFS9
2021-06-11,101.219,6.93,1924,26.07,SU26212RMFS9
2021-06-14,101.21,6.93,1921,26.65,SU26212RMFS9
2021-06-15,101.065,6.96,1920,26.85,SU26212RMFS9
2021-06-16,100.797,7.01,1918,27.04,SU26212RMFS9
2021-06-17,100.997,6.97,1917,27.23,SU26212RMFS9
2021-06-18,101.27,6.92,1917,27.42,SU26212RMFS9
2021-06-21,101.03,6.97,1913,28.0,SU26212RMFS9
2021-06-22,100.95,6.98,1912,28.2,SU26212RMFS9
2021-06-23,101.249,6.93,1912,28.39,SU26212RMFS9
2021-06-24,101.22,6.93,1911,28.58,SU26212RMFS9
2021-06-25,101.145,6.95,1910,28.78,SU26212RMFS9
2021-06-28,100.849,7.0,1906,29.36,SU26212RMFS9
2021-06-29,100.513,7.07,1904,29.55,SU26212RMFS9
2021-06-30,100.635,7.05,1903,29.74,SU26212RMFS9
2021-07-01,100.6,7.05,1903,29.94,SU26212RMFS9
2021-07-02,100.667,7.04,1901,30.13,SU26212RMFS9
2021-07-05,100.747,7.02,1898,30.71,SU26212RMFS9
2021-07-06,100.547,7.06,1897,30.9,SU26212RMFS9
2021-07-07,100.713,7.03,1896,31.09,SU26212RMFS9
2021-07-08,100.482,7.08,1894,31.29,SU26212RMFS9
2021-07-09,100.362,7.1,1894,31.48,SU26212RMFS9
2021-07-12,100.38,7.1,1890,32.06,SU26212RMFS9
2021-07-13,100.376,7.1,1889,32.25,SU26212RMFS9
2021-07-14,100.201,7.13,1888,32.45,SU26212RMFS9
2021-07-15,100.248,7.12,1887,32.64,SU26212RMFS9
2021-07-16,100.291,7.11,1887,32.83,SU26212RMFS9
2021-07-19,100.379,7.1,1883,33.41,SU26212RMFS9
2021-07-20,100.421,7.09,1883,33.6,SU26212RMFS9
2021-07-21,100.925,6.99,1882,33.8,SU26212RMFS9
2021-07-22,101.154,6.94,1883,33.99,SU26212RMFS9
2021-07-23,101.39,6.9,1882,34.18,SU26212RMFS9
2021-07-26,101.498,6.87,1879,34.76,SU26212RMFS9
2021-07-27,101.627,6.85,1879,34.96,SU26212RMFS9
2021-07-28,101.746,6.83,1943,0.0,SU26212RMFS9
2021-07-29,101.601,6.85,1942,0.19,SU26212RMFS9
2021-07-30,101.841,6.81,1942,0.39,SU26212RMFS9
2021-08-02,101.7,6.83,1938,0.97,SU26212RMFS9
2021-08-03,101.732,6.83,1937,1.16,SU26212RMFS9
2021-08-04,101.594,6.85,1936,1.35,SU26212RMFS9
2021-08-05,101.667,6.84,1935,1.55,SU26212RMFS9
2021-08-06,101.55,6.86,1934,1.74,SU26212RMFS9
2021-08-09,101.278,6.92,1930,2.32,SU26212RMFS9
2021-08-10,101.148,6.94,1929,2.51,SU26212RMFS9
2021-08-11,101.013,6.97,1928,2.7,SU26212RMFS9
2021-08-12,101.125,6.95,1927,2.9,SU26212RMFS9
2021-08-13,101.33,6.91,1926,3.09,SU26212RMFS9
2021-08-16,101.622,6.85,1923,3.67,SU26212RMFS9
2021-08-17,101.742,6.82,1923,3.86,SU26212RMFS9
2021-08-18,101.792,6.81,1922,4.06,SU26212RMFS9
2021-08-19,101.547,6.86,1921,4.25,SU26212RMFS9
2021-08-20,101.528,6.86,1920,4.44,SU26212RMFS9
2021-08-23,101.568,6.86,1917,5.02,SU26212RMFS9
2021-08-24,101.354,6.9,1916,5.21,SU26212RMFS9
2021-08-25,101.418,6.89,1915,5.41,SU26212RMFS9
2021-08-26,101.229,6.92,1913,5.6,SU26212RMFS9
2021-08-27,101.202,6.93,1913,5.79,SU26212RMFS9
2021-08-30,101.495,6.87,1910,6.37,SU26212RMFS9
2021-08-31,101.53,6.86,1909,6.57,SU26212RMFS9
2021-09-01,101.58,6.85,1908,6.76,SU26212RMFS9
2021-09-02,101.544,6.86,1907,6.95,SU26212RMFS9
2021-09-03,101.476,6.87,1906,7.15,SU26212RMFS9
2021-09-06,101.38,6.89,1903,7.73,SU26212RMFS9
2021-09-07,101.271,6.91,1901,7.92,SU26212RMFS9
2021-09-08,101.195,6.93,1900,8.11,SU26212RMFS9
2021-09-09,101.1,6.95,1899,8.3,SU26212RMFS9
2021-09-10,101.408,6.89,1898,8.5,SU26212RMFS9
2021-09-13,101.19,6.93,1895,9.08,SU26212RMFS9
2021-09-14,101.192,6.93,1894,9.27,SU26212RMFS9
2021-09-15,100.949,6.98,1893,9.46,SU26212RMFS9
2021-09-16,100.804,7.01,1892,9.66,SU26212RMFS9
2021-09-17,100.702,7.03,1890,9.85,SU26212RMFS9
2021-09-20,100.251,7.12,1886,10.43,SU26212RMFS9
2021-09-21,100.302,7.11,1885,10.62,SU26212RMFS9
2021-09-22,100.446,7.08,1884,10.82,SU26212RMFS9
2021-09-23,100.193,7.13,1883,11.01,SU26212RMFS9
2021-09-24,99.937,7.18,1881,11.2,SU26212RMFS9
2021-09-27,99.802,7.21,1877,11.78,SU26212RMFS9
2021-09-28,99.867,7.2,1876,11.97,SU26212RMFS9
2021-09-29,99.474,7.28,1876,12.17,SU26212RMFS9
2021-09-30,99.749,7.22,1874,12.36,SU26212RMFS9
2021-10-01,99.5,7.27,1872,12.55,SU26212RMFS9
2021-10-04,99.019,7.37,1869,13.13,SU26212RMFS9
2021-10-05,98.4,7.5,1867,13.33,SU26212RMFS9
2021-10-06,98.407,7.5,1865,13.52,SU26212RMFS9
2021-10-07,98.882,7.4,1865,13.71,SU26212RMFS9
2021-10-08,99.036,7.37,1865,13.91,SU26212RMFS9
2021-10-11,98.85,7.41,1861,14.48,SU26212RMFS9
2021-10-12,98.583,7.47,1860,14.68,SU26212RMFS9
2021-10-13,99.0,7.38,1859,14.87,SU26212RMFS9
2021-10-14,99.042,7.37,1859,15.06,SU26212RMFS9
2021-10-15,98.809,7.42,1858,15.26,SU26212RMFS9
2021-10-18,98.531,7.48,1853,15.84,SU26212RMFS9
2021-10-19,98.645,7.45,1853,16.03,SU26212RMFS9
2021-10-20,98.338,7.52,1851,16.22,SU26212RMFS9
2021-10-21,98.04,7.58,1849,16.42,SU26212RMFS9
2021-10-22,96.997,7.81,1845,16.61,SU26212RMFS9
2021-10-25,95.983,8.03,1840,17.19,SU26212RMFS9
2021-10-26,95.599,8.11,1837,17.38,SU26212RMFS9
2021-10-27,95.804,8.07,1836,17.58,SU26212RMFS9
2021-10-28,94.917,8.27,1833,17.77,SU26212RMFS9
2021-10-29,94.912,8.27,1832,17.96,SU26212RMFS9
2021-11-01,94.508,8.36,1828,18.54,SU26212RMFS9
2021-11-02,94.653,8.33,1827,18.73,SU26212RMFS9
2021-11-03,94.512,8.36,1826,18.93,SU26212RMFS9
2021-11-05,94.512,8.36,1824,19.31,SU26212RMFS9
2021-11-08,94.799,8.3,1822,19.89,SU26212RMFS9
2021-11-09,95.23,8.2,1822,20.09,SU26212RMFS9
2021-11-10,95.75,8.09,1822,20.28,SU26212RMFS9
2021-11-11,95.452,8.15,1821,20.47,SU26212RMFS9
2021-11-12,95.501,8.14,1819,20.67,SU26212RMFS9
2021-11-15,94.446,8.38,1815,21.24,SU26212RMFS9
2021-11-16,94.285,8.42,1812,21.44,SU26212RMFS9
2021-11-17,94.158,8.45,1812,21.63,SU26212RMFS9
2021-11-18,93.68,8.55,1809,21.82,SU26212RMFS9
2021-11-19,93.55,8.59,1807,22.02,SU26212RMFS9
2021-11-22,92.185,8.9,1801,22.6,SU26212RMFS9
2021-11-23,92.518,8.83,1799,22.79,SU26212RMFS9
2021-11-24,92.4,8.85,1799,22.98,SU26212RMFS9
2021-11-25,92.821,8.76,1799,23.18,SU26212RMFS9
2021-11-26,93.198,8.67,1797,23.37,SU26212RMFS9
2021-11-29,93.747,8.54,1797,23.95,SU26212RMFS9
2021-11-30,93.923,8.51,1797,24.14,SU26212RMFS9
2021-12-01,93.5,8.6,1796,24.33,SU26212RMFS9
2021-12-02,93.795,8.54,1794,24.53,SU26212RMFS9
2021-12-03,93.636,8.57,1794,24.72,SU26212RMFS9
2021-12-06,93.202,8.67,1790,25.3,SU26212RMFS9
2021-12-07,93.283,8.66,1787,25.49,SU26212RMFS9
2021-12-08,93.213,8.67,1787,25.69,SU26212RMFS9
2021-12-09,93.412,8.63,1786,25.88,SU26212RMFS9
2021-12-10,93.201,8.68,1786,26.07,SU26212RMFS9
2021-12-13,93.004,8.72,1782,26.65,SU26212RMFS9
2021-12-14,93.111,8.7,1781,26.85,SU26212RMFS9
2021-12-15,93.008,8.72,1780,27.04,SU26212RMFS9
2021-12-16,93.45,8.62,1779,27.23,SU26212RMFS9
2021-12-17,93.713,8.56,1779,27.42,SU26212RMFS9
2021-12-20,93.748,8.56,1777,28.0,SU26212RMFS9
2021-12-21,93.584,8.59,1776,28.2,SU26212RMFS9
2021-12-22,94.036,8.49,1775,28.39,SU26212RMFS9
2021-12-23,93.91,8.52,1774,28.58,SU26212RMFS9
2021-12-24,94.197,8.46,1774,28.78,SU26212RMFS9
2021-12-27,94.157,8.47,1771,29.36,SU26212RMFS9
2021-12-28,94.2,8.46,1769,29.55,SU26212RMFS9
2021-12-29,94.186,8.46,1768,29.74,SU26212RMFS9
2021-12-30,94.348,8.42,1768,29.94,SU26212RMFS9
2022-01-03,94.574,8.37,1764,30.71,SU26212RMFS9
2022-01-04,94.751,8.33,1764,30.9,SU26212RMFS9
2022-01-05,94.373,8.42,1763,31.09,SU26212RMFS9
2022-01-06,94.131,8.48,1761,31.29,SU26212RMFS9
2022-01-07,,8.48,1760,31.48,SU26212RMFS9
2022-01-10,93.53,8.62,1755,32.06,SU26212RMFS9
2022-01-11,92.79,8.79,1752,32.25,SU26212RMFS9
2022-01-12,92.533,8.85,1750,32.45,SU26212RMFS9
2022-01-13,91.108,9.2,1746,32.64,SU26212RMFS9
2022-01-14,90.19,9.42,1740,32.83,SU26212RMFS9
2022-01-17,89.56,9.58,1737,33.41,SU26212RMFS9
2022-01-18,89.849,9.51,1733,33.6,SU26212RMFS9
2022-01-19,90.053,9.46,1735,33.8,SU26212RMFS9
2022-01-20,89.766,9.53,1733,33.99,SU26212RMFS9
2022-01-21,89.551,9.59,1732,34.18,SU26212RMFS9
2022-01-24,88.308,9.9,1724,34.76,SU26212RMFS9
2022-01-25,88.288,9.91,1723,34.96,SU26212RMFS9
2022-01-26,87.96,9.99,1790,0.0,SU26212RMFS9
2022-01-27,89.085,9.71,1791,0.19,SU26212RMFS9
2022-01-28,89.257,9.67,1791,0.39,SU26212RMFS9
2022-01-31,89.535,9.6,1788,0.97,SU26212RMFS9
2022-02-01,89.491,9.61,1789,1.16,SU26212RMFS9
2022-02-02,89.98,9.49,1788,1.35,SU26212RMFS9
2022-02-03,89.889,9.51,1786,1.55,SU26212RMFS9
2022-02-04,90.032,9.48,1786,1.74,SU26212RMFS9
2022-02-07,89.8,9.54,1783,2.32,SU26212RMFS9
2022-02-08,89.999,9.49,1782,2.51,SU26212RMFS9
2022-02-09,90.076,9.47,1781,2.7,SU26212RMFS9
2022-02-10,89.802,9.54,1780,2.9,SU26212RMFS9
2022-02-11,88.04,9.99,1776,3.09,SU26212RMFS9
2022-02-14,86.91,10.28,1769,3.67,SU26212RMFS9
2022-02-15,88.137,9.97,1769,3.86,SU26212RMFS9
2022-02-16,88.778,9.8,1770,4.06,SU26212RMFS9
2022-02-17,87.998,10.0,1768,4.25,SU26212RMFS9
2022-02-18,87.467,10.14,1767,4.44,SU26212RMFS9
2022-02-21,84.592,10.91,1758,5.02,SU26212RMFS9
2022-02-22,83.738,11.14,1750,5.21,SU26212RMFS9
2022-02-23,,11.14,1751,5.41,SU26212RMFS9
2022-02-24,70.999,15.06,1693,5.6,SU26212RMFS9
2022-02-25,76.0,13.42,1713,5.79,SU26212RMFS9
2022-02-28,,13.43,1711,6.37,SU26212RMFS9
2022-03-01,,13.43,1718,6.57,SU26212RMFS9
2022-03-02,,13.43,1717,6.76,SU26212RMFS9
2022-03-03,,13.43,1716,6.95,SU26212RMFS9
2022-03-04,,13.44,1715,7.15,SU26212RMFS9
2022-03-09,,13.45,1710,8.11,SU26212RMFS9
2022-03-10,,13.45,1709,8.3,SU26212RMFS9
2022-03-11,,13.45,1708,8.5,SU26212RMFS9
2022-03-14,,13.46,1705,9.08,SU26212RMFS9
2022-03-15,,13.46,1704,9.27,SU26212RMFS9
2022-03-16,,13.46,1703,9.46,SU26212RMFS9
2022-03-17,,13.46,1702,9.66,SU26212RMFS9
2022-03-18,,13.47,1700,9.85,SU26212RMFS9
2022-03-21,71.875,14.83,1681,10.43,SU26212RMFS9
2022-03-22,73.99,14.12,1689,10.62,SU26212RMFS9
2022-03-23,73.449,14.31,1687,10.82,SU26212RMFS9
2022-03-24,74.42,13.99,1690,11.01,SU26212RMFS9
2022-03-25,74.587,13.94,1690,11.2,SU26212RMFS9
2022-03-28,74.6,13.94,1687,11.78,SU26212RMFS9
2022-03-29,77.459,13.04,1690,11.97,SU26212RMFS9
2022-03-30,79.89,12.3,1697,12.17,SU26212RMFS9
2022-03-31,81.56,11.81,1705,12.36,SU26212RMFS9
2022-04-01,80.789,12.04,1704,12.55,SU26212RMFS9
2022-04-04,79.797,12.34,1698,13.13,SU26212RMFS9
2022-04-05,80.15,12.23,1696,13.33,SU26212RMFS9
2022-04-06,79.818,12.34,1696,13.52,SU26212RMFS9
2022-04-07,79.98,12.29,1694,13.71,SU26212RMFS9
2022-04-08,84.879,10.89,1703,13.91,SU26212RMFS9
2022-04-11,84.611,10.97,1705,14.48,SU26212RMFS9
2022-04-12,84.899,10.89,1704,14.68,SU26212RMFS9
2022-04-13,85.427,10.75,1706,14.87,SU26212RMFS9
2022-04-14,85.223,10.8,1706,15.06,SU26212RMFS9
2022-04-15,85.02,10.86,1702,15.26,SU26212RMFS9
2022-04-18,85.711,10.68,1699,15.84,SU26212RMFS9
2022-04-19,86.609,10.44,1702,16.03,SU26212RMFS9
2022-04-20,87.3,10.25,1702,16.22,SU26212RMFS9
2022-04-21,88.146,10.03,1705,16.42,SU26212RMFS9
2022-04-22,87.964,10.08,1704,16.61,SU26212RMFS9
2022-04-25,87.341,10.25,1698,17.19,SU26212RMFS9
2022-04-26,87.64,10.17,1698,17.38,SU26212RMFS9
2022-04-27,87.319,10.26,1697,17.58,SU26212RMFS9
2022-04-28,87.299,10.26,1695,17.77,SU26212RMFS9
2022-04-29,87.285,10.27,1695,17.96,SU26212RMFS9
2022-05-04,87.063,10.33,1689,18.93,SU26212RMFS9
2022-05-05,86.641,10.45,1687,19.12,SU26212RMFS9
2022-05-06,86.701,10.44,1685,19.31,SU26212RMFS9
2022-05-11,86.668,10.45,1680,20.28,SU26212RMFS9
2022-05-12,86.411,10.52,1679,20.47,SU26212RMFS9
2022-05-13,86.93,10.38,1679,20.67,SU26212RMFS9
2022-05-16,86.89,10.39,1676,21.24,SU26212RMFS9
2022-05-17,86.928,10.39,1675,21.44,SU26212RMFS9
2022-05-18,86.753,10.43,1674,21.63,SU26212RMFS9
2022-05-19,87.154,10.33,1674,21.82,SU26212RMFS9
2022-05-20,87.232,10.31,1674,22.02,SU26212RMFS9
2022-05-23,87.2,10.32,1670,22.6,SU26212RMFS9
2022-05-24,87.29,10.3,1669,22.79,SU26212RMFS9
2022-05-25,89.377,9.74,1672,22.98,SU26212RMFS9
2022-05-26,89.931,9.6,1673,23.18,SU26212RMFS9
2022-05-27,89.65,9.68,1672,23.37,SU26212RMFS9
2022-05-30,89.1,9.82,1668,23.95,SU26212RMFS9
2022-05-31,89.498,9.72,1667,24.14,SU26212RMFS9
2022-06-01,91.0,9.33,1668,24.33,SU26212RMFS9
2022-06-02,91.119,9.3,1670,24.53,SU26212RMFS9
2022-06-03,91.687,9.16,1670,24.72,SU26212RMFS9
2022-06-06,91.724,9.15,1668,25.3,SU26212RMFS9
2022-06-07,91.85,9.12,1667,25.49,SU26212RMFS9
2022-06-08,91.958,9.09,1666,25.69,SU26212RMFS9
2022-06-09,92.172,9.04,1666,25.88,SU26212RMFS9
2022-06-10,92.027,9.08,1665,26.07,SU26212RMFS9
2022-06-14,91.699,9.17,1660,26.85,SU26212RMFS9
2022-06-15,91.914,9.11,1659,27.04,SU26212RMFS9
2022-06-16,92.04,9.08,1659,27.23,SU26212RMFS9
2022-06-17,92.09,9.07,1657,27.42,SU26212RMFS9
2022-06-20,92.102,9.07,1655,28.0,SU26212RMFS9
2022-06-21,92.442,8.98,1654,28.2,SU26212RMFS9
2022-06-22,92.398,8.99,1653,28.39,SU26212RMFS9
2022-06-23,93.17,8.8,1654,28.58,SU26212RMFS9
2022-06-24,93.349,8.76,1654,28.78,SU26212RMFS9
2022-06-27,93.805,8.65,1652,29.36,SU26212RMFS9
2022-06-28,93.8,8.65,1651,29.55,SU26212RMFS9
2022-06-29,93.633,8.69,1650,29.74,SU26212RMFS9
2022-06-30,93.242,8.79,1648,29.94,SU26212RMFS9
2022-07-01,92.966,8.86,1646,30.13,SU26212RMFS9
2022-07-04,92.581,8.96,1642,30.71,SU26212RMFS9
2022-07-05,92.4,9.0,1640,30.9,SU26212RMFS9
2022-07-06,92.573,8.96,1639,31.09,SU26212RMFS9
2022-07-07,92.899,8.88,1639,31.29,SU26212RMFS9
2022-07-08,92.949,8.87,1639,31.48,SU26212RMFS9
2022-07-11,92.951,8.87,1636,32.06,SU26212RMFS9
2022-07-12,92.681,8.94,1635,32.25,SU26212RMFS9
2022-07-13,92.543,8.97,1633,32.45,SU26212RMFS9
2022-07-14,92.59,8.96,1632,32.64,SU26212RMFS9
2022-07-15,92.65,8.95,1631,32.83,SU26212RMFS9
2022-07-18,92.34,9.03,1627,33.41,SU26212RMFS9
2022-07-19,92.3,9.04,1626,33.6,SU26212RMFS9
2022-07-20,92.488,8.99,1625,33.8,SU26212RMFS9
2022-07-21,93.2,8.81,1626,33.99,SU26212RMFS9
2022-07-22,94.4,8.52,1628,34.18,SU26212RMFS9
2022-07-25,94.599,8.47,1626,34.76,SU26212RMFS9
2022-07-26,94.58,8.47,1625,34.96,SU26212RMFS9
2022-07-27,94.6,8.47,1684,0.0,SU26212RMFS9
2022-07-28,94.6,8.47,1683,0.19,SU26212RMFS9
2022-07-29,94.697,8.45,1682,0.39,SU26212RMFS9
2022-08-01,94.746,8.43,1679,0.97,SU26212RMFS9
2022-08-02,94.6,8.47,1678,1.16,SU26212RMFS9
2022-08-03,94.582,8.47,1677,1.35,SU26212RMFS9
2022-08-04,94.54,8.49,1676,1.55,SU26212RMFS9
2022-08-05,94.35,8.53,1675,1.74,SU26212RMFS9
2022-08-08,94.649,8.46,1672,2.32,SU26212RMFS9
2022-08-09,94.401,8.52,1671,2.51,SU26212RMFS9
2022-08-10,94.417,8.52,1670,2.7,SU26212RMFS9
2022-08-11,93.95,8.64,1668,2.9,SU26212RMFS9
2022-08-12,93.999,8.63,1666,3.09,SU26212RMFS9
2022-08-15,94.011,8.62,1664,3.67,SU26212RMFS9
2022-08-16,93.925,8.65,1663,3.86,SU26212RMFS9
2022-08-17,93.984,8.63,1662,4.06,SU26212RMFS9
2022-08-18,93.999,8.63,1661,4.25,SU26212RMFS9
2022-08-19,93.749,8.69,1659,4.44,SU26212RMFS9
2022-08-22,93.6,8.73,1656,5.02,SU26212RMFS9
2022-08-23,93.598,8.73,1655,5.21,SU26212RMFS9
2022-08-24,93.97,8.64,1654,5.41,SU26212RMFS9
2022-08-25,94.136,8.6,1654,5.6,SU26212RMFS9
2022-08-26,94.242,8.57,1653,5.79,SU26212RMFS9
2022-08-29,94.508,8.51,1651,6.37,SU26212RMFS9
2022-08-30,94.44,8.52,1650,6.57,SU26212RMFS9
2022-08-31,94.544,8.5,1649,6.76,SU26212RMFS9
2022-09-01,94.809,8.43,1648,6.95,SU26212RMFS9
2022-09-02,95.413,8.28,1648,7.15,SU26212RMFS9
2022-09-05,95.782,8.19,1646,7.73,SU26212RMFS9
2022-09-06,95.636,8.23,1645,7.92,SU26212RMFS9
2022-09-07,95.55,8.25,1644,8.11,SU26212RMFS9
2022-09-08,95.397,8.29,1643,8.3,SU26212RMFS9
2022-09-09,95.265,8.32,1642,8.5,SU26212RMFS9
2022-09-12,95.458,8.27,1639,9.08,SU26212RMFS9
2022-09-13,95.359,8.3,1637,9.27,SU26212RMFS9
2022-09-14,95.298,8.31,1636,9.46,SU26212RMFS9
2022-09-15,95.438,8.28,1635,9.66,SU26212RMFS9
2022-09-16,94.7,8.47,1634,9.85,SU26212RMFS9
2022-09-19,93.799,8.7,1628,10.43,SU26212RMFS9
2022-09-20,91.438,9.32,1625,10.62,SU26212RMFS9
2022-09-21,91.641,9.26,1621,10.82,SU26212RMFS9
2022-09-22,90.72,9.51,1620,11.01,SU26212RMFS9
2022-09-23,89.837,9.75,1617,11.2,SU26212RMFS9
2022-09-26,88.772,10.05,1608,11.78,SU26212RMFS9
2022-09-27,89.796,9.77,1612,11.97,SU26212RMFS9
2022-09-28,89.279,9.91,1610,12.17,SU26212RMFS9
2022-09-29,88.251,10.2,1606,12.36,SU26212RMFS9
2022-09-30,88.154,10.23,1605,12.55,SU26212RMFS9
2022-10-03,90.0,9.72,1603,13.13,SU26212RMFS9
2022-10-04,89.541,9.84,1604,13.33,SU26212RMFS9
2022-10-05,89.977,9.72,1603,13.52,SU26212RMFS9
2022-10-06,90.481,9.59,1603,13.71,SU26212RMFS9
2022-10-07,89.702,9.8,1602,13.91,SU26212RMFS9
2022-10-10,90.299,9.64,1599,14.48,SU26212RMFS9
2022-10-11,90.997,9.45,1599,14.68,SU26212RMFS9
2022-10-12,90.88,9.49,1599,14.87,SU26212RMFS9
2022-10-13,91.05,9.44,1598,15.06,SU26212RMFS9
2022-10-14,91.21,9.4,1597,15.26,SU26212RMFS9
2022-10-17,91.379,9.36,1595,15.84,SU26212RMFS9
2022-10-18,91.225,9.4,1594,16.03,SU26212RMFS9
2022-10-19,91.448,9.34,1593,16.22,SU26212RMFS9
2022-10-20,91.399,9.35,1592,16.42,SU26212RMFS9
2022-10-21,91.868,9.23,1591,16.61,SU26212RMFS9
2022-10-24,91.952,9.21,1588,17.19,SU26212RMFS9
2022-10-25,91.736,9.27,1588,17.38,SU26212RMFS9
2022-10-26,91.95,9.21,1587,17.58,SU26212RMFS9
2022-10-27,91.945,9.21,1586,17.77,SU26212RMFS9
2022-10-28,91.697,9.28,1585,17.96,SU26212RMFS9
2022-10-31,90.907,9.5,1581,18.54,SU26212RMFS9
2022-11-01,91.088,9.45,1579,18.73,SU26212RMFS9
2022-11-02,91.11,9.44,1578,18.93,SU26212RMFS9
2022-11-03,91.429,9.36,1577,19.12,SU26212RMFS9
2022-11-07,91.208,9.42,1573,19.89,SU26212RMFS9
2022-11-08,90.536,9.61,1571,20.09,SU26212RMFS9
2022-11-09,90.545,9.61,1569,20.28,SU26212RMFS9
2022-11-10,90.893,9.51,1569,20.47,SU26212RMFS9
2022-11-11,90.917,9.51,1569,20.67,SU26212RMFS9
2022-11-14,90.852,9.53,1565,21.24,SU26212RMFS9
2022-11-15,90.8,9.54,1565,21.44,SU26212RMFS9
2022-11-16,91.667,9.31,1564,21.63,SU26212RMFS9
2022-11-17,91.599,9.33,1565,21.82,SU26212RMFS9
2022-11-18,91.891,9.25,1564,22.02,SU26212RMFS9
2022-11-21,91.825,9.27,1561,22.6,SU26212RMFS9
2022-11-22,91.797,9.28,1560,22.79,SU26212RMFS9
2022-11-23,92.1,9.2,1559,22.98,SU26212RMFS9
2022-11-24,92.26,9.15,1558,23.18,SU26212RMFS9
2022-11-25,91.987,9.23,1557,23.37,SU26212RMFS9
2022-11-28,92.3,9.15,1555,23.95,SU26212RMFS9
2022-11-29,92.271,9.16,1554,24.14,SU26212RMFS9
2022-11-30,92.469,9.1,1553,24.33,SU26212RMFS9
2022-12-01,92.401,9.12,1552,24.53,SU26212RMFS9
2022-12-02,92.348,9.14,1551,24.72,SU26212RMFS9
2022-12-05,92.248,9.17,1547,25.3,SU26212RMFS9
2022-12-06,91.991,9.24,1546,25.49,SU26212RMFS9
2022-12-07,92.172,9.19,1545,25.69,SU26212RMFS9
2022-12-08,92.29,9.16,1544,25.88,SU26212RMFS9
2022-12-09,92.259,9.17,1544,26.07,SU26212RMFS9
2022-12-12,92.249,9.17,1541,26.65,SU26212RMFS9
2022-12-13,92.486,9.11,1540,26.85,SU26212RMFS9
2022-12-14,92.387,9.14,1539,27.04,SU26212RMFS9
2022-12-15,92.206,9.19,1537,27.23,SU26212RMFS9
2022-12-16,92.293,9.17,1537,27.42,SU26212RMFS9
2022-12-19,92.039,9.24,1533,28.0,SU26212RMFS9
2022-12-20,92.061,9.23,1532,28.2,SU26212RMFS9
2022-12-21,92.0,9.25,1531,28.39,SU26212RMFS9
2022-12-22,92.192,9.2,1530,28.58,SU26212RMFS9
2022-12-23,92.18,9.21,1529,28.78,SU26212RMFS9
2022-12-26,92.213,9.2,1527,29.36,SU26212RMFS9
2022-12-27,92.144,9.22,1525,29.55,SU26212RMFS9
2022-12-28,92.201,9.2,1524,29.74,SU26212RMFS9
2022-12-29,92.35,9.16,1523,29.94,SU26212RMFS9
2022-12-30,92.559,9.11,1522,30.13,SU26212RMFS9
2023-01-03,92.668,9.08,1519,30.9,SU26212RMFS9
2023-01-04,92.75,9.06,1518,31.09,SU26212RMFS9
2023-01-05,92.854,9.03,1517,31.29,SU26212RMFS9
2023-01-06,92.6,9.1,1516,31.48,SU26212RMFS9
2023-01-09,92.153,9.23,1512,32.06,SU26212RMFS9
2023-01-10,92.286,9.19,1511,32.25,SU26212RMFS9
2023-01-11,92.161,9.23,1510,32.45,SU26212RMFS9
2023-01-12,92.286,9.19,1509,32.64,SU26212RMFS9
2023-01-13,92.304,9.19,1508,32.83,SU26212RMFS9
2023-01-16,92.353,9.18,1505,33.41,SU26212RMFS9
2023-01-17,92.346,9.18,1504,33.6,SU26212RMFS9
2023-01-18,92.355,9.18,1503,33.8,SU26212RMFS9
2023-01-19,92.449,9.16,1502,33.99,SU26212RMFS9
2023-01-20,92.31,9.2,1501,34.18,SU26212RMFS9
2023-01-23,92.355,9.19,1498,34.76,SU26212RMFS9
2023-01-24,92.552,9.13,1497,34.96,SU26212RMFS9
2023-01-25,92.51,9.15,1553,0.0,SU26212RMFS9
2023-01-26,92.344,9.19,1552,0.19,SU26212RMFS9
2023-01-27,92.36,9.19,1551,0.39,SU26212RMFS9
2023-01-30,92.465,9.16,1548,0.97,SU26212RMFS9
2023-01-31,92.497,9.15,1547,1.16,SU26212RMFS9
2023-02-01,92.589,9.13,1547,1.35,SU26212RMFS9
2023-02-02,92.611,9.12,1546,1.55,SU26212RMFS9
2023-02-03,92.61,9.13,1544,1.74,SU26212RMFS9
2023-02-06,92.6,9.13,1542,2.32,SU26212RMFS9
2023-02-07,92.431,9.18,1540,2.51,SU26212RMFS9
2023-02-08,92.08,9.28,1539,2.7,SU26212RMFS9
2023-02-09,92.014,9.3,1537,2.9,SU26212RMFS9
2023-02-10,91.941,9.32,1536,3.09,SU26212RMFS9
2023-02-13,91.456,9.46,1533,3.67,SU26212RMFS9
2023-02-14,91.491,9.45,1532,3.86,SU26212RMFS9
2023-02-15,91.146,9.55,1530,4.06,SU26212RMFS9
2023-02-16,91.292,9.51,1529,4.25,SU26212RMFS9
2023-02-17,91.299,9.51,1528,4.44,SU26212RMFS9
2023-02-20,90.881,9.63,1525,5.02,SU26212RMFS9
2023-02-21,90.99,9.6,1523,5.21,SU26212RMFS9
2023-02-22,91.111,9.57,1522,5.41,SU26212RMFS9
2023-02-24,91.356,9.5,1521,5.79,SU26212RMFS9
2023-02-27,91.174,9.55,1518,6.37,SU26212RMFS9
2023-02-28,91.3,9.52,1517,6.57,SU26212RMFS9
2023-03-01,91.2,9.55,1516,6.76,SU26212RMFS9
2023-03-02,91.347,9.51,1515,6.95,SU26212RMFS9
2023-03-03,91.464,9.48,1514,7.15,SU26212RMFS9
2023-03-06,91.314,9.52,1511,7.73,SU26212RMFS9
2023-03-07,91.5,9.47,1510,7.92,SU26212RMFS9
2023-03-09,91.589,9.44,1508,8.3,SU26212RMFS9
2023-03-10,91.736,9.4,1508,8.5,SU26212RMFS9
2023-03-13,91.747,9.4,1505,9.08,SU26212RMFS9
2023-03-14,91.631,9.44,1504,9.27,SU26212RMFS9
2023-03-15,91.414,9.5,1502,9.46,SU26212RMFS9
2023-03-16,91.488,9.48,1501,9.66,SU26212RMFS9
2023-03-17,91.153,9.58,1500,9.85,SU26212RMFS9
2023-03-20,91.162,9.58,1497,10.43,SU26212RMFS9
2023-03-21,91.368,9.52,1496,10.62,SU26212RMFS9
2023-03-22,91.345,9.53,1495,10.82,SU26212RMFS9
2023-03-23,91.528,9.48,1495,11.01,SU26212RMFS9
2023-03-24,91.742,9.42,1494,11.2,SU26212RMFS9
2023-03-27,91.654,9.44,1491,11.78,SU26212RMFS9
2023-03-28,91.753,9.42,1490,11.97,SU26212RMFS9
2023-03-29,91.798,9.4,1489,12.17,SU26212RMFS9
2023-03-30,91.879,9.38,1488,12.36,SU26212RMFS9
2023-03-31,91.832,9.4,1487,12.55,SU26212RMFS9
2023-04-03,91.758,9.42,1484,13.13,SU26212RMFS9
2023-04-04,91.448,9.51,1482,13.33,SU26212RMFS9
2023-04-05,91.609,9.47,1481,13.52,SU26212RMFS9
2023-04-06,91.393,9.53,1480,13.71,SU26212RMFS9
2023-04-07,91.199,9.59,1478,13.91,SU26212RMFS9
2023-04-10,91.308,9.56,1476,14.48,SU26212RMFS9
2023-04-11,91.224,9.59,1475,14.68,SU26212RMFS9
2023-04-12,91.414,9.53,1474,14.87,SU26212RMFS9
2023-04-13,91.609,9.47,1473,15.06,SU26212RMFS9
2023-04-14,91.614,9.48,1472,15.26,SU26212RMFS9
2023-04-17,91.619,9.48,1469,15.84,SU26212RMFS9
2023-04-18,91.871,9.4,1469,16.03,SU26212RMFS9
2023-04-19,91.91,9.39,1467,16.22,SU26212RMFS9
2023-04-20,91.9,9.4,1467,16.42,SU26212RMFS9
2023-04-21,92.049,9.36,1466,16.61,SU26212RMFS9
2023-04-24,91.753,9.45,1463,17.19,SU26212RMFS9
2023-04-25,91.894,9.4,1462,17.38,SU26212RMFS9
2023-04-26,92.019,9.37,1461,17.58,SU26212RMFS9
2023-04-27,92.121,9.34,1460,17.77,SU26212RMFS9
2023-04-28,92.002,9.38,1459,17.96,SU26212RMFS9
2023-05-02,92.178,9.33,1455,18.73,SU26212RMFS9
2023-05-03,92.239,9.31,1454,18.93,SU26212RMFS9
2023-05-04,92.172,9.33,1453,19.12,SU26212RMFS9
2023-05-05,92.3,9.3,1452,19.31,SU26212RMFS9
2023-05-08,92.243,9.32,1449,19.89,SU26212RMFS9
2023-05-10,92.218,9.33,1447,20.28,SU26212RMFS9
2023-05-11,92.144,9.35,1446,20.47,SU26212RMFS9
2023-05-12,92.24,9.32,1445,20.67,SU26212RMFS9
2023-05-15,92.23,9.33,1442,21.24,SU26212RMFS9
2023-05-16,92.239,9.33,1441,21.44,SU26212RMFS9
2023-05-17,92.3,9.31,1440,21.63,SU26212RMFS9
2023-05-18,92.313,9.31,1439,21.82,SU26212RMFS9
2023-05-19,92.49,9.26,1439,22.02,SU26212RMFS9
2023-05-22,92.291,9.32,1435,22.6,SU26212RMFS9
2023-05-23,92.326,9.31,1434,22.79,SU26212RMFS9
2023-05-24,92.27,9.33,1433,22.98,SU26212RMFS9
2023-05-25,92.273,9.33,1432,23.18,SU26212RMFS9
2023-05-26,92.381,9.3,1431,23.37,SU26212RMFS9
2023-05-29,92.198,9.35,1428,23.95,SU26212RMFS9
2023-05-30,92.307,9.32,1427,24.14,SU26212RMFS9
2023-05-31,92.346,9.31,1426,24.33,SU26212RMFS9
2023-06-01,92.29,9.33,1425,24.53,SU26212RMFS9
2023-06-02,92.36,9.31,1424,24.72,SU26212RMFS9
2023-06-05,92.35,9.32,1420,25.3,SU26212RMFS9
2023-06-06,92.33,9.32,1420,25.49,SU26212RMFS9
2023-06-07,92.177,9.37,1418,25.69,SU26212RMFS9
2023-06-08,92.349,9.32,1417,25.88,SU26212RMFS9
2023-06-09,92.25,9.35,1413,26.07,SU26212RMFS9
2023-06-13,92.155,9.38,1412,26.85,SU26212RMFS9
2023-06-14,92.237,9.36,1411,27.04,SU26212RMFS9
2023-06-15,92.16,9.39,1410,27.23,SU26212RMFS9
2023-06-16,92.2,9.38,1407,27.42,SU26212RMFS9
2023-06-19,92.224,9.37,1406,28.0,SU26212RMFS9
2023-06-20,92.156,9.39,1405,28.2,SU26212RMFS9
2023-06-21,91.956,9.45,1404,28.39,SU26212RMFS9
2023-06-22,91.99,9.44,1402,28.58,SU26212RMFS9
2023-06-23,91.87,9.48,1400,28.78,SU26212RMFS9
2023-06-26,91.72,9.53,1398,29.36,SU26212RMFS9
2023-06-27,91.968,9.46,1397,29.55,SU26212RMFS9
2023-06-28,91.715,9.53,1396,29.74,SU26212RMFS9
2023-06-29,91.803,9.51,1395,29.94,SU26212RMFS9
2023-06-30,91.225,9.69,1392,30.13,SU26212RMFS9
2023-07-03,91.811,9.51,1391,30.71,SU26212RMFS9
2023-07-04,91.78,9.52,1388,30.9,SU26212RMFS9
2023-07-05,91.22,9.69,1388,31.09,SU26212RMFS9
2023-07-06,91.21,9.7,1387,31.29,SU26212RMFS9
2023-07-07,91.1,9.74,1384,31.48,SU26212RMFS9
2023-07-10,91.183,9.71,1382,32.06,SU26212RMFS9
2023-07-11,90.924,9.79,1382,32.25,SU26212RMFS9
2023-07-12,91.089,9.75,1380,32.45,SU26212RMFS9
2023-07-13,90.882,9.81,1379,32.64,SU26212RMFS9
2023-07-14,90.861,9.82,1377,32.83,SU26212RMFS9
2023-07-17,90.4,9.97,1375,33.41,SU26212RMFS9
2023-07-18,90.212,10.03,1373,33.6,SU26212RMFS9
2023-07-19,90.278,10.01,1372,33.8,SU26212RMFS9
2023-07-20,90.2,10.03,1371,33.99,SU26212RMFS9
2023-07-21,90.219,10.03,1368,34.18,SU26212RMFS9
2023-07-24,90.049,10.09,1367,34.76,SU26212RMFS9
2023-07-25,90.6,9.92,1419,34.96,SU26212RMFS9
2023-07-26,90.513,9.94,1419,0.0,SU26212RMFS9
2023-07-27,90.361,9.99,1418,0.19,SU26212RMFS9
2023-07-28,90.209,10.05,1414,0.39,SU26212RMFS9
2023-07-31,90.32,10.01,1413,0.97,SU26212RMFS9
2023-08-01,90.289,10.02,1412,1.16,SU26212RMFS9
2023-08-02,90.071,10.09,1411,1.35,SU26212RMFS9
2023-08-03,89.8,10.18,1409,1.55,SU26212RMFS9
2023-08-04,89.861,10.17,1406,1.74,SU26212RMFS9
2023-08-07,89.778,10.19,1405,2.32,SU26212RMFS9
2023-08-08,89.506,10.28,1404,2.51,SU26212RMFS9
2023-08-09,89.087,10.42,1402,2.7,SU26212RMFS9
2023-08-10,88.72,10.54,1401,2.9,SU26212RMFS9
2023-08-11,88.749,10.53,1398,3.09,SU26212RMFS9
2023-08-14,87.965,10.79,1396,3.67,SU26212RMFS9
2023-08-15,87.749,10.86,1394,3.86,SU26212RMFS9
2023-08-16,87.735,10.87,1393,4.06,SU26212RMFS9
2023-08-17,88.149,10.73,1392,4.25,SU26212RMFS9
2023-08-18,88.351,10.67,1390,4.44,SU26212RMFS9
2023-08-21,88.339,10.68,1389,5.02,SU26212RMFS9
2023-08-22,88.168,10.74,1388,5.21,SU26212RMFS9
2023-08-23,88.238,10.72,1387,5.41,SU26212RMFS9
2023-08-24,88.0,10.8,1386,5.6,SU26212RMFS9
2023-08-25,87.885,10.84,1382,5.79,SU26212RMFS9
2023-08-28,87.799,10.87,1381,6.37,SU26212RMFS9
2023-08-29,87.63,10.93,1380,6.57,SU26212RMFS9
2023-08-30,87.588,10.94,1379,6.76,SU26212RMFS9
2023-08-31,87.481,10.98,1378,6.95,SU26212RMFS9
2023-09-01,87.248,11.07,1375,7.15,SU26212RMFS9
2023-09-04,87.205,11.08,1373,7.73,SU26212RMFS9
2023-09-05,87.033,11.14,1372,7.92,SU26212RMFS9
2023-09-06,86.008,11.49,1370,8.11,SU26212RMFS9
2023-09-07,85.495,11.67,1367,8.3,SU26212RMFS9
2023-09-08,84.565,12.0,1363,8.5,SU26212RMFS9
2023-09-11,84.573,12.0,1362,9.08,SU26212RMFS9
2023-09-12,85.89,11.55,1362,9.27,SU26212RMFS9
2023-09-13,85.562,11.66,1362,9.46,SU26212RMFS9
2023-09-14,85.001,11.86,1360,9.66,SU26212RMFS9
2023-09-15,85.282,11.77,1356,9.85,SU26212RMFS9
2023-09-18,85.704,11.62,1356,10.43,SU26212RMFS9
2023-09-19,85.233,11.79,1355,10.62,SU26212RMFS9
2023-09-20,85.025,11.87,1354,10.82,SU26212RMFS9
2023-09-21,85.17,11.82,1353,11.01,SU26212RMFS9
2023-09-22,85.0,11.88,1349,11.2,SU26212RMFS9
2023-09-25,85.048,11.87,1349,11.78,SU26212RMFS9
2023-09-26,84.797,11.96,1348,11.97,SU26212RMFS9
2023-09-27,84.549,12.05,1346,12.17,SU26212RMFS9
2023-09-28,84.197,12.18,1345,12.36,SU26212RMFS9
2023-09-29,84.013,12.25,1341,12.55,SU26212RMFS9
2023-10-02,83.908,12.29,1340,13.13,SU26212RMFS9
2023-10-03,83.84,12.32,1339,13.33,SU26212RMFS9
2023-10-04,83.498,12.45,1337,13.52,SU26212RMFS9
2023-10-05,83.389,12.49,1336,13.71,SU26212RMFS9
2023-10-06,83.39,12.5,1333,13.91,SU26212RMFS9
2023-10-09,83.322,12.52,1332,14.48,SU26212RMFS9
2023-10-10,83.323,12.53,1330,14.68,SU26212RMFS9
2023-10-11,83.664,12.41,1330,14.87,SU26212RMFS9
2023-10-12,83.771,12.37,1329,15.06,SU26212RMFS9
2023-10-13,83.844,12.35,1326,15.26,SU26212RMFS9
2023-10-16,83.9,12.34,1326,15.84,SU26212RMFS9
2023-10-17,84.14,12.25,1325,16.03,SU26212RMFS9
2023-10-18,83.752,12.39,1324,16.22,SU26212RMFS9
2023-10-19,83.797,12.38,1322,16.42,SU26212RMFS9
2023-10-20,83.749,12.41,1319,16.61,SU26212RMFS9
2023-10-23,83.723,12.42,1318,17.19,SU26212RMFS9
2023-10-24,83.923,12.35,1318,17.38,SU26212RMFS9
2023-10-25,84.001,12.32,1316,17.58,SU26212RMFS9
2023-10-26,83.8,12.4,1316,17.77,SU26212RMFS9
2023-10-27,83.491,12.52,1311,17.96,SU26212RMFS9
2023-10-30,83.3,12.6,1310,18.54,SU26212RMFS9
2023-10-31,83.4,12.56,1309,18.73,SU26212RMFS9
2023-11-01,84.0,12.35,1309,18.93,SU26212RMFS9
2023-11-02,84.823,12.05,1309,19.12,SU26212RMFS9
2023-11-03,85.238,11.91,1307,19.31,SU26212RMFS9
2023-11-06,85.62,11.78,1307,19.89,SU26212RMFS9
2023-11-07,85.597,11.79,1306,20.09,SU26212RMFS9
2023-11-08,85.599,11.79,1305,20.28,SU26212RMFS9
2023-11-09,86.195,11.58,1305,20.47,SU26212RMFS9
2023-11-10,86.165,11.6,1303,20.67,SU26212RMFS9
2023-11-13,86.175,11.6,1301,21.24,SU26212RMFS9
2023-11-14,85.748,11.75,1299,21.44,SU26212RMFS9
2023-11-15,86.852,11.36,1299,21.63,SU26212RMFS9
2023-11-16,86.468,11.5,1298,21.82,SU26212RMFS9
2023-11-17,86.221,11.6,1295,22.02,SU26212RMFS9
2023-11-20,86.362,11.55,1294,22.6,SU26212RMFS9
2023-11-21,86.87,11.37,1294,22.79,SU26212RMFS9
2023-11-22,87.0,11.33,1293,22.98,SU26212RMFS9
2023-11-23,86.8,11.4,1292,23.18,SU26212RMFS9
2023-11-24,86.844,11.39,1289,23.37,SU26212RMFS9
2023-11-27,86.896,11.38,1288,23.95,SU26212RMFS9
2023-11-28,86.996,11.34,1287,24.14,SU26212RMFS9
2023-11-29,86.866,11.39,1286,24.33,SU26212RMFS9
2023-11-30,86.759,11.43,1285,24.53,SU26212RMFS9
2023-12-01,86.228,11.63,1281,24.72,SU26212RMFS9
2023-12-04,85.704,11.82,1279,25.3,SU26212RMFS9
2023-12-05,85.584,11.87,1278,25.49,SU26212RMFS9
2023-12-06,85.412,11.93,1277,25.69,SU26212RMFS9
2023-12-07,85.625,11.86,1276,25.88,SU26212RMFS9
2023-12-08,85.795,11.81,1273,26.07,SU26212RMFS9
2023-12-11,85.3,11.99,1272,26.65,SU26212RMFS9
2023-12-12,85.576,11.89,1270,26.85,SU26212RMFS9
2023-12-13,85.252,12.01,1269,27.04,SU26212RMFS9
2023-12-14,85.14,12.06,1268,27.23,SU26212RMFS9
2023-12-15,85.338,11.99,1265,27.42,SU26212RMFS9
2023-12-18,85.768,11.84,1264,28.0,SU26212RMFS9
2023-12-19,86.039,11.74,1264,28.2,SU26212RMFS9
2023-12-20,86.212,11.68,1263,28.39,SU26212RMFS9
2023-12-21,86.215,11.68,1262,28.58,SU26212RMFS9
2023-12-22,86.499,11.59,1259,28.78,SU26212RMFS9
2023-12-25,86.02,11.77,1259,29.36,SU26212RMFS9
2023-12-26,86.16,11.72,1258,29.55,SU26212RMFS9
2023-12-27,86.203,11.7,1257,29.74,SU26212RMFS9
2023-12-28,86.331,11.66,1255,29.94,SU26212RMFS9
2023-12-29,86.328,11.68,1251,30.13,SU26212RMFS9
2024-01-03,86.393,11.66,1250,31.09,SU26212RMFS9
2024-01-04,86.253,11.71,1249,31.29,SU26212RMFS9
2024-01-05,86.1,11.77,1246,31.48,SU26212RMFS9
2024-01-08,86.251,11.72,1244,32.06,SU26212RMFS9
2024-01-09,86.057,11.8,1243,32.25,SU26212RMFS9
2024-01-10,85.936,11.84,1242,32.45,SU26212RMFS9
2024-01-11,85.793,11.9,1240,32.64,SU26212RMFS9
2024-01-12,85.949,11.85,1237,32.83,SU26212RMFS9
2024-01-15,85.725,11.94,1236,33.41,SU26212RMFS9
2024-01-16,85.972,11.85,1236,33.6,SU26212RMFS9
2024-01-17,86.388,11.7,1235,33.8,SU26212RMFS9
2024-01-18,86.429,11.69,1235,33.99,SU26212RMFS9
2024-01-19,86.599,11.63,1232,34.18,SU26212RMFS9
2024-01-22,86.665,11.61,1230,34.76,SU26212RMFS9
2024-01-23,86.42,11.7,1280,34.96,SU26212RMFS9
2024-01-24,86.312,11.75,1278,0.0,SU26212RMFS9
2024-01-25,86.334,11.74,1277,0.19,SU26212RMFS9
2024-01-26,86.36,11.74,1274,0.39,SU26212RMFS9
2024-01-29,86.161,11.81,1273,0.97,SU26212RMFS9
2024-01-30,86.092,11.84,1272,1.16,SU26212RMFS9
2024-01-31,85.999,11.88,1271,1.35,SU26212RMFS9
2024-02-01,86.099,11.85,1270,1.55,SU26212RMFS9
2024-02-02,86.0,11.89,1267,1.74,SU26212RMFS9
2024-02-05,85.9,11.93,1266,2.32,SU26212RMFS9
2024-02-06,85.805,11.97,1265,2.51,SU26212RMFS9
2024-02-07,85.887,11.94,1264,2.7,SU26212RMFS9
2024-02-08,85.636,12.04,1263,2.9,SU26212RMFS9
2024-02-09,85.759,12.0,1260,3.09,SU26212RMFS9
2024-02-12,85.861,11.96,1259,3.67,SU26212RMFS9
2024-02-13,85.646,12.05,1257,3.86,SU26212RMFS9
2024-02-14,85.699,12.03,1256,4.06,SU26212RMFS9
2024-02-15,85.55,12.09,1255,4.25,SU26212RMFS9
2024-02-16,85.019,12.3,1252,4.44,SU26212RMFS9
2024-02-19,85.265,12.21,1251,5.02,SU26212RMFS9
2024-02-20,85.051,12.3,1250,5.21,SU26212RMFS9
2024-02-21,84.79,12.4,1248,5.41,SU26212RMFS9
2024-02-22,84.817,12.4,1244,5.6,SU26212RMFS9
2024-02-26,84.979,12.34,1243,6.37,SU26212RMFS9
2024-02-27,84.801,12.41,1242,6.57,SU26212RMFS9
2024-02-28,84.944,12.36,1241,6.76,SU26212RMFS9
2024-02-29,84.799,12.42,1240,6.95,SU26212RMFS9
2024-03-01,84.938,12.38,1237,7.15,SU26212RMFS9
2024-03-04,84.601,12.51,1236,7.73,SU26212RMFS9
2024-03-05,84.428,12.58,1235,7.92,SU26212RMFS9
2024-03-06,84.22,12.67,1233,8.11,SU26212RMFS9
2024-03-07,84.189,12.69,1229,8.3,SU26212RMFS9
2024-03-11,84.195,12.69,1228,9.08,SU26212RMFS9
2024-03-12,83.834,12.84,1227,9.27,SU26212RMFS9
2024-03-13,83.61,12.93,1226,9.46,SU26212RMFS9
2024-03-14,83.596,12.94,1224,9.66,SU26212RMFS9
2024-03-15,83.465,13.0,1221,9.85,SU26212RMFS9
2024-03-18,83.094,13.15,1220,10.43,SU26212RMFS9
2024-03-19,82.965,13.21,1219,10.62,SU26212RMFS9
2024-03-20,83.255,13.1,1218,10.82,SU26212RMFS9
2024-03-21,83.18,13.13,1217,11.01,SU26212RMFS9
2024-03-22,82.742,13.32,1213,11.2,SU26212RMFS9
2024-03-25,83.105,13.18,1212,11.78,SU26212RMFS9
2024-03-26,83.229,13.13,1212,11.97,SU26212RMFS9
2024-03-27,83.455,13.04,1211,12.17,SU26212RMFS9
2024-03-28,83.499,13.03,1210,12.36,SU26212RMFS9
2024-03-29,83.571,13.01,1207,12.55,SU26212RMFS9
2024-04-01,83.431,13.07,1206,13.13,SU26212RMFS9
2024-04-02,83.252,13.15,1205,13.33,SU26212RMFS9
2024-04-03,83.1,13.21,1204,13.52,SU26212RMFS9
2024-04-04,83.127,13.2,1202,13.71,SU26212RMFS9
2024-04-05,82.795,13.35,1199,13.91,SU26212RMFS9
2024-04-08,83.078,13.24,1198,14.48,SU26212RMFS9
2024-04-09,83.005,13.27,1197,14.68,SU26212RMFS9
2024-04-10,82.877,13.33,1196,14.87,SU26212RMFS9
2024-04-11,82.642,13.43,1195,15.06,SU26212RMFS9
2024-04-12,82.773,13.39,1192,15.26,SU26212RMFS9
2024-04-15,82.821,13.37,1192,15.84,SU26212RMFS9
2024-04-16,82.889,13.35,1190,16.03,SU26212RMFS9
2024-04-17,82.822,13.38,1189,16.22,SU26212RMFS9
2024-04-18,82.838,13.38,1188,16.42,SU26212RMFS9
2024-04-19,82.988,13.33,1185,16.61,SU26212RMFS9
2024-04-22,82.961,13.34,1184,17.19,SU26212RMFS9
2024-04-23,82.773,13.43,1183,17.38,SU26212RMFS9
2024-04-24,82.701,13.46,1182,17.58,SU26212RMFS9
2024-04-25,82.69,13.47,1181,17.77,SU26212RMFS9
2024-04-26,82.444,13.57,1179,17.96,SU26212RMFS9
2024-04-27,82.406,13.6,1178,18.15,SU26212RMFS9
2024-04-29,82.6,13.52,1176,18.54,SU26212RMFS9
2024-04-30,82.528,13.56,1174,18.73,SU26212RMFS9
2024-05-02,82.504,13.57,1173,19.12,SU26212RMFS9
2024-05-03,82.174,13.73,1170,19.31,SU26212RMFS9
2024-05-06,82.076,13.77,1169,19.89,SU26212RMFS9
2024-05-07,82.078,13.78,1168,20.09,SU26212RMFS9
2024-05-08,82.082,13.78,1166,20.28,SU26212RMFS9
2024-05-10,82.038,13.81,1162,20.67,SU26212RMFS9
2024-05-13,81.481,14.06,1161,21.24,SU26212RMFS9
2024-05-14,81.05,14.25,1159,21.44,SU26212RMFS9
2024-05-15,81.261,14.16,1158,21.63,SU26212RMFS9
2024-05-16,81.052,14.26,1157,21.82,SU26212RMFS9
2024-05-17,81.0,14.29,1154,22.02,SU26212RMFS9
2024-05-20,80.587,14.48,1152,22.6,SU26212RMFS9
2024-05-21,80.152,14.67,1151,22.79,SU26212RMFS9
2024-05-22,80.126,14.69,1150,22.98,SU26212RMFS9
2024-05-23,79.689,14.89,1148,23.18,SU26212RMFS9
2024-05-24,79.289,15.08,1144,23.37,SU26212RMFS9
2024-05-27,79.024,15.21,1143,23.95,SU26212RMFS9
2024-05-28,79.331,15.08,1142,24.14,SU26212RMFS9
2024-05-29,79.1,15.19,1141,24.33,SU26212RMFS9
2024-05-30,78.68,15.38,1139,24.53,SU26212RMFS9
2024-05-31,78.495,15.48,1136,24.72,SU26212RMFS9
2024-06-03,78.484,15.5,1134,25.3,SU26212RMFS9
2024-06-04,80.0,14.81,1135,25.49,SU26212RMFS9
2024-06-05,78.975,15.28,1133,25.69,SU26212RMFS9
2024-06-06,78.957,15.3,1133,25.88,SU26212RMFS9
2024-06-07,79.21,15.2,1130,26.07,SU26212RMFS9
2024-06-10,78.744,15.42,1128,26.65,SU26212RMFS9
2024-06-11,78.601,15.49,1126,26.85,SU26212RMFS9
2024-06-13,78.549,15.52,1125,27.23,SU26212RMFS9
2024-06-14,78.698,15.47,1122,27.42,SU26212RMFS9
2024-06-17,78.12,15.75,1120,28.0,SU26212RMFS9
2024-06-18,77.864,15.87,1119,28.2,SU26212RMFS9
2024-06-19,77.315,16.14,1117,28.39,SU26212RMFS9
2024-06-20,77.312,16.15,1116,28.58,SU26212RMFS9
2024-06-21,77.635,16.01,1113,28.78,SU26212RMFS9
2024-06-24,77.649,16.01,1112,29.36,SU26212RMFS9
2024-06-25,78.278,15.72,1112,29.55,SU26212RMFS9
2024-06-26,78.142,15.79,1112,29.74,SU26212RMFS9
2024-06-27,78.488,15.64,1109,29.94,SU26212RMFS9
2024-06-28,77.904,15.93,1106,30.13,SU26212RMFS9
2024-07-01,77.9,15.94,1105,30.71,SU26212RMFS9
2024-07-02,78.101,15.85,1104,30.9,SU26212RMFS9
2024-07-03,78.568,15.64,1104,31.09,SU26212RMFS9
2024-07-04,77.57,16.11,1102,31.29,SU26212RMFS9
2024-07-05,77.611,16.11,1099,31.48,SU26212RMFS9
2024-07-08,77.649,16.1,1097,32.06,SU26212RMFS9
2024-07-09,77.553,16.15,1097,32.25,SU26212RMFS9
2024-07-10,77.232,16.32,1095,32.45,SU26212RMFS9
2024-07-11,77.004,16.43,1094,32.64,SU26212RMFS9
2024-07-12,76.936,16.49,1090,32.83,SU26212RMFS9
2024-07-15,76.35,16.78,1089,33.41,SU26212RMFS9
2024-07-16,76.22,16.85,1087,33.6,SU26212RMFS9
2024-07-17,76.4,16.77,1086,33.8,SU26212RMFS9
2024-07-18,76.902,16.53,1085,33.99,SU26212RMFS9
2024-07-19,76.6,16.7,1083,34.18,SU26212RMFS9
2024-07-22,76.65,16.68,1082,34.76,SU26212RMFS9
2024-07-23,76.298,16.86,1130,34.96,SU26212RMFS9
2024-07-24,76.064,16.99,1129,0.0,SU26212RMFS9
2024-07-25,76.036,17.01,1127,0.19,SU26212RMFS9
2024-07-26,76.052,17.02,1124,0.39,SU26212RMFS9
2024-07-29,76.0,17.05,1124,0.97,SU26212RMFS9
2024-07-30,76.393,16.86,1123,1.16,SU26212RMFS9
2024-07-31,76.85,16.64,1122,1.35,SU26212RMFS9
2024-08-01,77.0,16.57,1121,1.55,SU26212RMFS9
2024-08-02,76.947,16.62,1118,1.74,SU26212RMFS9
2024-08-05,76.99,16.61,1117,2.32,SU26212RMFS9
2024-08-06,77.353,16.43,1117,2.51,SU26212RMFS9
2024-08-07,77.955,16.15,1116,2.7,SU26212RMFS9
2024-08-08,78.279,16.0,1116,2.9,SU26212RMFS9
2024-08-09,78.554,15.88,1113,3.09,SU26212RMFS9
2024-08-12,78.07,16.12,1112,3.67,SU26212RMFS9
2024-08-13,78.189,16.07,1111,3.86,SU26212RMFS9
2024-08-14,77.629,16.35,1109,4.06,SU26212RMFS9
2024-08-15,77.818,16.26,1108,4.25,SU26212RMFS9
2024-08-16,77.496,16.44,1105,4.44,SU26212RMFS9
2024-08-19,77.723,16.34,1104,5.02,SU26212RMFS9
2024-08-20,77.498,16.45,1103,5.21,SU26212RMFS9
2024-08-21,77.1,16.66,1102,5.41,SU26212RMFS9
2024-08-22,76.504,16.96,1100,5.6,SU26212RMFS9
2024-08-23,76.39,17.04,1096,5.79,SU26212RMFS9
2024-08-26,76.367,17.06,1096,6.37,SU26212RMFS9
2024-08-27,76.548,16.97,1094,6.57,SU26212RMFS9
2024-08-28,76.398,17.06,1093,6.76,SU26212RMFS9
2024-08-29,76.16,17.19,1092,6.95,SU26212RMFS9
2024-08-30,75.624,17.48,1089,7.15,SU26212RMFS9
2024-09-02,75.702,17.45,1087,7.73,SU26212RMFS9
2024-09-03,75.869,17.37,1086,7.92,SU26212RMFS9
2024-09-04,76.05,17.29,1086,8.11,SU26212RMFS9
2024-09-05,75.639,17.5,1085,8.3,SU26212RMFS9
2024-09-06,76.103,17.29,1082,8.5,SU26212RMFS9
2024-09-09,76.225,17.23,1081,9.08,SU26212RMFS9
2024-09-10,76.3,17.2,1080,9.27,SU26212RMFS9
2024-09-11,76.212,17.25,1079,9.46,SU26212RMFS9
2024-09-12,76.3,17.22,1078,9.66,SU26212RMFS9
2024-09-13,75.64,17.58,1074,9.85,SU26212RMFS9
2024-09-16,75.55,17.63,1073,10.43,SU26212RMFS9
2024-09-17,75.185,17.83,1072,10.62,SU26212RMFS9
2024-09-18,75.438,17.71,1070,10.82,SU26212RMFS9
2024-09-19,75.0,17.95,1069,11.01,SU26212RMFS9
2024-09-20,75.099,17.92,1066,11.2,SU26212RMFS9
2024-09-23,74.9,18.03,1065,11.78,SU26212RMFS9
2024-09-24,74.895,18.04,1064,11.97,SU26212RMFS9
2024-09-25,74.848,18.08,1063,12.17,SU26212RMFS9
2024-09-26,74.223,18.42,1061,12.36,SU26212RMFS9
2024-09-27,74.074,18.53,1058,12.55,SU26212RMFS9
2024-09-30,73.986,18.58,1057,13.13,SU26212RMFS9
2024-10-01,73.568,18.82,1055,13.33,SU26212RMFS9
2024-10-02,73.1,19.09,1054,13.52,SU26212RMFS9
2024-10-03,72.999,19.15,1053,13.71,SU26212RMFS9
2024-10-04,72.699,19.35,1049,13.91,SU26212RMFS9
2024-10-07,72.339,19.56,1048,14.48,SU26212RMFS9
2024-10-08,72.618,19.41,1047,14.68,SU26212RMFS9
2024-10-09,72.35,19.57,1046,14.87,SU26212RMFS9
2024-10-10,72.584,19.45,1045,15.06,SU26212RMFS9
2024-10-11,72.695,19.41,1042,15.26,SU26212RMFS9
2024-10-14,72.799,19.36,1041,15.84,SU26212RMFS9
2024-10-15,72.797,19.38,1040,16.03,SU26212RMFS9
2024-10-16,73.074,19.23,1039,16.22,SU26212RMFS9
2024-10-17,72.999,19.28,1038,16.42,SU26212RMFS9
2024-10-18,72.848,19.39,1035,16.61,SU26212RMFS9
2024-10-21,72.7,19.49,1034,17.19,SU26212RMFS9
2024-10-22,72.649,19.53,1033,17.38,SU26212RMFS9
2024-10-23,72.514,19.61,1031,17.58,SU26212RMFS9
2024-10-24,72.448,19.66,1030,17.77,SU26212RMFS9
2024-10-25,72.05,19.92,1027,17.96,SU26212RMFS9
2024-10-28,71.458,20.27,1025,18.54,SU26212RMFS9
2024-10-29,71.71,20.14,1024,18.73,SU26212RMFS9
2024-10-30,71.798,20.09,1023,18.93,SU26212RMFS9
2024-10-31,70.943,20.61,1022,19.12,SU26212RMFS9
2024-11-01,71.194,20.47,1020,19.31,SU26212RMFS9
2024-11-02,71.214,20.49,1017,19.51,SU26212RMFS9
2024-11-05,71.381,20.4,1017,20.09,SU26212RMFS9
2024-11-06,71.989,20.06,1016,20.28,SU26212RMFS9
2024-11-07,72.346,19.86,1016,20.47,SU26212RMFS9
2024-11-08,72.479,19.81,1013,20.67,SU26212RMFS9
2024-11-11,72.749,19.67,1012,21.24,SU26212RMFS9
2024-11-12,72.669,19.72,1011,21.44,SU26212RMFS9
2024-11-13,72.638,19.75,1010,21.63,SU26212RMFS9
2024-11-14,72.883,19.62,1009,21.82,SU26212RMFS9
2024-11-15,73.076,19.54,1007,22.02,SU26212RMFS9
2024-11-18,72.95,19.62,1005,22.6,SU26212RMFS9
2024-11-19,71.86,20.27,1003,22.79,SU26212RMFS9
2024-11-20,71.738,20.35,1002,22.98,SU26212RMFS9
2024-11-21,71.912,20.26,1001,23.18,SU26212RMFS9
2024-11-22,72.132,20.16,998,23.37,SU26212RMFS9
2024-11-25,71.92,20.3,997,23.95,SU26212RMFS9
2024-11-26,72.009,20.26,996,24.14,SU26212RMFS9
2024-11-27,71.879,20.34,995,24.33,SU26212RMFS9
2024-11-28,71.75,20.43,994,24.53,SU26212RMFS9
2024-11-29,71.656,20.52,991,24.72,SU26212RMFS9
2024-12-02,71.596,20.57,989,25.3,SU26212RMFS9
2024-12-03,71.656,20.54,988,25.49,SU26212RMFS9
2024-12-04,71.48,20.66,988,25.69,SU26212RMFS9
2024-12-05,71.837,20.46,987,25.88,SU26212RMFS9
2024-12-06,72.241,20.25,984,26.07,SU26212RMFS9
2024-12-09,72.512,20.1,983,26.65,SU26212RMFS9
2024-12-10,72.481,20.13,982,26.85,SU26212RMFS9
2024-12-11,72.58,20.08,981,27.04,SU26212RMFS9
2024-12-12,72.537,20.12,980,27.23,SU26212RMFS9
2024-12-13,72.483,20.18,977,27.42,SU26212RMFS9
2024-12-16,72.1,20.42,976,28.0,SU26212RMFS9
2024-12-17,72.076,20.45,974,28.2,SU26212RMFS9
2024-12-18,72.441,20.24,974,28.39,SU26212RMFS9
2024-12-19,72.42,20.26,973,28.58,SU26212RMFS9
2024-12-20,75.16,18.7,972,28.78,SU26212RMFS9
2024-12-23,77.672,17.31,975,29.36,SU26212RMFS9
2024-12-24,77.676,17.31,975,29.55,SU26212RMFS9
2024-12-25,78.139,17.07,974,29.74,SU26212RMFS9
2024-12-26,78.407,16.93,974,29.94,SU26212RMFS9
2024-12-27,77.968,17.18,972,30.13,SU26212RMFS9
2024-12-28,78.449,16.94,971,30.32,SU26212RMFS9
2024-12-30,77.94,17.25,966,30.71,SU26212RMFS9
2025-01-03,78.098,17.19,963,31.48,SU26212RMFS9
2025-01-06,77.899,17.31,961,32.06,SU26212RMFS9
2025-01-08,78.0,17.27,960,32.45,SU26212RMFS9
2025-01-09,78.184,17.18,959,32.64,SU26212RMFS9
2025-01-10,78.252,17.16,956,32.83,SU26212RMFS9
2025-01-13,78.3,17.15,955,33.41,SU26212RMFS9
2025-01-14,78.268,17.17,954,33.6,SU26212RMFS9
2025-01-15,78.249,17.19,953,33.8,SU26212RMFS9
2025-01-16,78.075,17.3,952,33.99,SU26212RMFS9
2025-01-17,77.839,17.46,949,34.18,SU26212RMFS9
2025-01-20,78.258,17.23,948,34.76,SU26212RMFS9
2025-01-21,78.2,17.27,990,34.96,SU26212RMFS9
2025-01-22,78.12,17.33,988,0.0,SU26212RMFS9
2025-01-23,78.126,17.33,987,0.19,SU26212RMFS9
2025-01-24,78.218,17.3,984,0.39,SU26212RMFS9
2025-01-27,78.066,17.4,983,0.97,SU26212RMFS9
2025-01-28,78.166,17.35,982,1.16,SU26212RMFS9
2025-01-29,78.426,17.21,982,1.35,SU26212RMFS9
2025-01-30,78.687,17.08,981,1.55,SU26212RMFS9
2025-01-31,78.37,17.28,978,1.74,SU26212RMFS9
2025-02-03,78.011,17.49,976,2.32,SU26212RMFS9
2025-02-04,77.935,17.54,975,2.51,SU26212RMFS9
2025-02-05,78.017,17.5,974,2.7,SU26212RMFS9
2025-02-06,77.916,17.57,973,2.9,SU26212RMFS9
2025-02-07,78.198,17.43,970,3.09,SU26212RMFS9
2025-02-10,78.136,17.48,969,3.67,SU26212RMFS9
2025-02-11,77.888,17.63,968,3.86,SU26212RMFS9
2025-02-12,79.401,16.79,967,4.06,SU26212RMFS9
2025-02-13,79.461,16.76,967,4.25,SU26212RMFS9
2025-02-14,78.682,17.22,964,4.44,SU26212RMFS9
2025-02-17,78.948,17.08,963,5.02,SU26212RMFS9
2025-02-18,78.81,17.17,962,5.21,SU26212RMFS9
2025-02-19,79.028,17.05,961,5.41,SU26212RMFS9
2025-02-20,78.986,17.09,960,5.6,SU26212RMFS9
2025-02-21,78.622,17.32,956,5.79,SU26212RMFS9
2025-02-24,78.566,17.36,955,6.37,SU26212RMFS9
2025-02-25,78.715,17.28,955,6.57,SU26212RMFS9
2025-02-26,78.53,17.39,954,6.76,SU26212RMFS9
2025-02-27,78.754,17.28,953,6.95,SU26212RMFS9
2025-02-28,79.095,17.11,950,7.15,SU26212RMFS9
2025-03-03,79.359,16.97,949,7.73,SU26212RMFS9
2025-03-04,80.448,16.37,949,7.92,SU26212RMFS9
2025-03-05,81.297,15.92,948,8.11,SU26212RMFS9
2025-03-06,81.742,15.68,948,8.3,SU26212RMFS9
2025-03-07,81.99,15.57,945,8.5,SU26212RMFS9
2025-03-10,81.938,15.61,944,9.08,SU26212RMFS9
2025-03-11,81.706,15.74,943,9.27,SU26212RMFS9
2025-03-12,82.089,15.54,942,9.46,SU26212RMFS9
2025-03-13,82.208,15.48,941,9.66,SU26212RMFS9
2025-03-14,82.795,15.19,938,9.85,SU26212RMFS9
2025-03-17,83.2,14.98,938,10.43,SU26212RMFS9
2025-03-18,83.371,14.9,937,10.62,SU26212RMFS9
2025-03-19,83.68,14.74,936,10.82,SU26212RMFS9
2025-03-20,83.439,14.87,935,11.01,SU26212RMFS9
2025-03-21,82.85,15.21,932,11.2,SU26212RMFS9
2025-03-24,82.17,15.58,930,11.78,SU26212RMFS9
2025-03-25,82.266,15.54,929,11.97,SU26212RMFS9
2025-03-26,81.545,15.94,928,12.17,SU26212RMFS9
2025-03-27,81.372,16.05,926,12.36,SU26212RMFS9
2025-03-28,81.45,16.03,923,12.55,SU26212RMFS9
2025-03-31,81.408,16.06,922,13.13,SU26212RMFS9
2025-04-01,81.17,16.2,921,13.33,SU26212RMFS9
2025-04-02,81.334,16.11,920,13.52,SU26212RMFS9
2025-04-03,80.413,16.64,919,13.71,SU26212RMFS9
2025-04-04,80.379,16.69,915,13.91,SU26212RMFS9
2025-04-07,80.278,16.75,914,14.48,SU26212RMFS9
2025-04-08,80.009,16.91,913,14.68,SU26212RMFS9
2025-04-09,80.197,16.82,912,14.87,SU26212RMFS9
2025-04-10,80.381,16.72,911,15.06,SU26212RMFS9
2025-04-11,80.85,16.48,909,15.26,SU26212RMFS9
2025-04-14,80.999,16.4,908,15.84,SU26212RMFS9
2025-04-15,80.651,16.61,907,16.03,SU26212RMFS9
2025-04-16,81.249,16.28,906,16.22,SU26212RMFS9
2025-04-17,81.497,16.15,905,16.42,SU26212RMFS9
2025-04-18,81.0,16.45,902,16.61,SU26212RMFS9
2025-04-21,81.153,16.38,901,17.19,SU26212RMFS9
2025-04-22,81.461,16.21,900,17.38,SU26212RMFS9
2025-04-23,80.838,16.57,898,17.58,SU26212RMFS9
2025-04-24,80.819,16.59,897,17.77,SU26212RMFS9
2025-04-25,80.95,16.54,894,17.96,SU26212RMFS9
2025-04-28,80.63,16.74,893,18.54,SU26212RMFS9
2025-04-29,80.351,16.91,892,18.73,SU26212RMFS9
2025-04-30,80.047,17.1,890,18.93,SU26212RMFS9
2025-05-02,79.665,17.36,886,19.31,SU26212RMFS9
2025-05-05,79.65,17.38,885,19.89,SU26212RMFS9
2025-05-06,79.914,17.23,884,20.09,SU26212RMFS9
2025-05-07,80.937,16.64,884,20.28,SU26212RMFS9
2025-05-08,81.121,16.57,880,20.47,SU26212RMFS9
2025-05-12,81.15,16.56,880,21.24,SU26212RMFS9
2025-05-13,80.632,16.87,878,21.44,SU26212RMFS9
2025-05-14,80.867,16.75,877,21.63,SU26212RMFS9
2025-05-15,80.718,16.84,876,21.82,SU26212RMFS9
2025-05-16,80.582,16.95,873,22.02,SU26212RMFS9
2025-05-19,81.467,16.44,873,22.6,SU26212RMFS9
2025-05-20,81.359,16.51,872,22.79,SU26212RMFS9
2025-05-21,81.419,16.49,871,22.98,SU26212RMFS9
2025-05-22,81.75,16.3,870,23.18,SU26212RMFS9
2025-05-23,81.989,16.19,867,23.37,SU26212RMFS9
2025-05-26,81.511,16.48,866,23.95,SU26212RMFS9
2025-05-27,81.885,16.27,865,24.14,SU26212RMFS9
2025-05-28,82.283,16.05,864,24.33,SU26212RMFS9
2025-05-29,82.357,16.02,863,24.53,SU26212RMFS9
2025-05-30,82.709,15.84,861,24.72,SU26212RMFS9
2025-06-02,82.943,15.71,860,25.3,SU26212RMFS9
2025-06-03,83.769,15.25,859,25.49,SU26212RMFS9
2025-06-04,83.748,15.27,858,25.69,SU26212RMFS9
2025-06-05,83.695,15.31,857,25.88,SU26212RMFS9
2025-06-06,83.0,15.73,854,26.07,SU26212RMFS9
2025-06-09,83.194,15.63,853,26.65,SU26212RMFS9
2025-06-10,83.797,15.29,852,26.85,SU26212RMFS9
2025-06-11,84.037,15.17,850,27.04,SU26212RMFS9
2025-06-13,83.889,15.28,847,27.42,SU26212RMFS9
2025-06-16,83.6,15.45,846,28.0,SU26212RMFS9
2025-06-17,83.672,15.42,845,28.2,SU26212RMFS9
2025-06-18,84.0,15.24,844,28.39,SU26212RMFS9
2025-06-19,84.153,15.16,843,28.58,SU26212RMFS9
2025-06-20,84.296,15.1,841,28.78,SU26212RMFS9
2025-06-23,84.24,15.14,840,29.36,SU26212RMFS9
2025-06-24,84.555,14.97,839,29.55,SU26212RMFS9
2025-06-25,84.701,14.9,838,29.74,SU26212RMFS9
2025-06-26,84.773,14.86,837,29.94,SU26212RMFS9
2025-06-27,85.103,14.7,834,30.13,SU26212RMFS9
2025-06-30,85.119,14.7,833,30.71,SU26212RMFS9
2025-07-01,85.558,14.46,832,30.9,SU26212RMFS9
2025-07-02,85.544,14.47,831,31.09,SU26212RMFS9
2025-07-03,85.199,14.68,830,31.29,SU26212RMFS9
2025-07-04,85.293,14.65,827,31.48,SU26212RMFS9
2025-07-07,85.255,14.68,826,32.06,SU26212RMFS9
2025-07-08,85.199,14.71,825,32.25,SU26212RMFS9
2025-07-09,85.276,14.68,824,32.45,SU26212RMFS9
2025-07-10,85.491,14.56,823,32.64,SU26212RMFS9
2025-07-11,85.441,14.62,820,32.83,SU26212RMFS9
2025-07-14,85.843,14.39,819,33.41,SU26212RMFS9
2025-07-15,86.11,14.25,819,33.6,SU26212RMFS9
2025-07-16,86.598,13.98,818,33.8,SU26212RMFS9
2025-07-17,86.912,13.81,817,33.99,SU26212RMFS9
2025-07-18,87.285,13.62,815,34.18,SU26212RMFS9
2025-07-21,86.826,13.89,813,34.76,SU26212RMFS9
2025-07-22,86.945,13.83,845,34.96,SU26212RMFS9
2025-07-23,86.935,13.84,844,0.0,SU26212RMFS9
2025-07-24,87.097,13.75,843,0.19,SU26212RMFS9
2025-07-25,87.238,13.69,840,0.39,SU26212RMFS9
2025-07-28,87.368,13.63,839,0.97,SU26212RMFS9
2025-07-29,87.519,13.55,838,1.16,SU26212RMFS9
2025-07-30,87.964,13.3,838,1.35,SU26212RMFS9
2025-07-31,87.831,13.38,837,1.55,SU26212RMFS9
2025-08-01,87.81,13.42,834,1.74,SU26212RMFS9
2025-08-04,88.169,13.22,833,2.32,SU26212RMFS9
2025-08-05,88.275,13.17,832,2.51,SU26212RMFS9
2025-08-06,88.487,13.05,831,2.7,SU26212RMFS9
2025-08-07,88.374,13.12,830,2.9,SU26212RMFS9
2025-08-08,88.658,12.98,827,3.09,SU26212RMFS9
2025-08-11,88.701,12.96,826,3.67,SU26212RMFS9
2025-08-12,88.759,12.94,825,3.86,SU26212RMFS9
2025-08-13,88.944,12.84,824,4.06,SU26212RMFS9
2025-08-14,89.02,12.8,823,4.25,SU26212RMFS9
2025-08-15,89.291,12.67,820,4.44,SU26212RMFS9
2025-08-18,89.261,12.69,819,5.02,SU26212RMFS9
2025-08-19,89.162,12.75,818,5.21,SU26212RMFS9
2025-08-20,88.958,12.87,817,5.41,SU26212RMFS9
2025-08-21,88.677,13.04,816,5.6,SU26212RMFS9
2025-08-22,89.276,12.72,813,5.79,SU26212RMFS9
2025-08-25,88.972,12.89,812,6.37,SU26212RMFS9
2025-08-26,88.57,13.13,811,6.57,SU26212RMFS9
2025-08-27,88.147,13.38,810,6.76,SU26212RMFS9
2025-08-28,88.098,13.41,809,6.95,SU26212RMFS9
2025-08-29,87.76,13.63,805,7.15,SU26212RMFS9
2025-09-01,87.717,13.66,804,7.73,SU26212RMFS9
2025-09-02,87.752,13.64,803,7.92,SU26212RMFS9
2025-09-03,88.028,13.49,802,8.11,SU26212RMFS9
2025-09-04,88.203,13.4,802,8.3,SU26212RMFS9
2025-09-05,88.269,13.38,798,8.5,SU26212RMFS9
2025-09-08,88.437,13.29,798,9.08,SU26212RMFS9
2025-09-09,88.581,13.21,797,9.27,SU26212RMFS9
2025-09-10,88.05,13.52,796,9.46,SU26212RMFS9
2025-09-11,88.221,13.43,794,9.66,SU26212RMFS9
2025-09-12,87.972,13.6,791,9.85,SU26212RMFS9
2025-09-15,87.903,13.65,790,10.43,SU26212RMFS9
2025-09-16,87.643,13.81,789,10.62,SU26212RMFS9
2025-09-17,87.841,13.7,788,10.82,SU26212RMFS9
2025-09-18,87.551,13.88,787,11.01,SU26212RMFS9
2025-09-19,87.386,14.0,784,11.2,SU26212RMFS9
2025-09-22,87.46,13.96,783,11.78,SU26212RMFS9
2025-09-23,86.929,14.29,782,11.97,SU26212RMFS9
2025-09-24,87.539,13.93,781,12.17,SU26212RMFS9
2025-09-25,87.12,14.19,780,12.36,SU26212RMFS9
2025-09-26,87.47,14.0,777,12.55,SU26212RMFS9
2025-09-29,87.101,14.23,776,13.13,SU26212RMFS9
2025-09-30,86.715,14.47,775,13.33,SU26212RMFS9
2025-10-01,86.92,14.36,774,13.52,SU26212RMFS9
2025-10-02,86.518,14.61,773,13.71,SU26212RMFS9
2025-10-03,86.677,14.54,770,13.91,SU26212RMFS9
2025-10-06,86.842,14.44,769,14.48,SU26212RMFS9
2025-10-07,87.0,14.36,768,14.68,SU26212RMFS9
2025-10-08,86.015,14.98,767,14.87,SU26212RMFS9
2025-10-09,86.38,14.76,765,15.06,SU26212RMFS9
2025-10-10,86.205,14.89,762,15.26,SU26212RMFS9
2025-10-13,86.334,14.82,761,15.84,SU26212RMFS9
2025-10-14,85.922,15.09,760,16.03,SU26212RMFS9
2025-10-15,85.999,15.05,759,16.22,SU26212RMFS9
2025-10-16,87.994,13.82,758,16.42,SU26212RMFS9
2025-10-17,86.901,14.52,756,16.61,SU26212RMFS9
2025-10-20,86.37,14.86,754,17.19,SU26212RMFS9
2025-10-21,86.312,14.9,753,17.38,SU26212RMFS9
2025-10-22,86.492,14.8,752,17.58,SU26212RMFS9
2025-10-23,87.021,14.48,752,17.77,SU26212RMFS9
2025-10-24,87.146,14.42,749,17.96,SU26212RMFS9
2025-10-27,86.872,14.6,748,18.54,SU26212RMFS9
2025-10-28,87.356,14.31,747,18.73,SU26212RMFS9
2025-10-29,87.473,14.24,746,18.93,SU26212RMFS9
2025-10-30,87.681,14.12,745,19.12,SU26212RMFS9
2025-10-31,87.588,14.19,744,19.31,SU26212RMFS9
2025-11-01,87.65,14.17,742,19.51,SU26212RMFS9
2025-11-03,87.416,14.33,740,19.89,SU26212RMFS9
2025-11-05,87.986,13.98,739,20.28,SU26212RMFS9
2025-11-06,87.999,13.98,738,20.47,SU26212RMFS9
2025-11-07,88.142,13.91,735,20.67,SU26212RMFS9
2025-11-10,88.036,13.99,734,21.24,SU26212RMFS9
2025-11-11,88.033,14.0,733,21.44,SU26212RMFS9
2025-11-12,88.25,13.87,732,21.63,SU26212RMFS9
2025-11-13,88.474,13.74,731,21.82,SU26212RMFS9
2025-11-14,88.437,13.79,728,22.02,SU26212RMFS9
2025-11-17,88.132,13.99,727,22.6,SU26212RMFS9
2025-11-18,87.979,14.09,726,22.79,SU26212RMFS9
2025-11-19,88.055,14.05,725,22.98,SU26212RMFS9
2025-11-20,88.08,14.04,724,23.18,SU26212RMFS9
2025-11-21,87.929,14.17,721,23.37,SU26212RMFS9
2025-11-24,87.765,14.28,720,23.95,SU26212RMFS9
2025-11-25,87.848,14.24,719,24.14,SU26212RMFS9
2025-11-26,87.6,14.4,718,24.33,SU26212RMFS9
2025-11-27,87.267,14.63,717,24.53,SU26212RMFS9
2025-11-28,87.539,14.48,714,24.72,SU26212RMFS9
2025-12-01,87.772,14.34,713,25.3,SU26212RMFS9
2025-12-02,87.891,14.27,712,25.49,SU26212RMFS9
2025-12-03,88.29,14.02,711,25.69,SU26212RMFS9
2025-12-04,88.343,14.0,710,25.88,SU26212RMFS9
2025-12-05,88.535,13.9,707,26.07,SU26212RMFS9
2025-12-08,88.365,14.02,706,26.65,SU26212RMFS9
2025-12-09,88.628,13.85,705,26.85,SU26212RMFS9
2025-12-10,88.796,13.75,704,27.04,SU26212RMFS9
2025-12-11,88.943,13.67,703,27.23,SU26212RMFS9
2025-12-12,89.061,13.62,700,27.42,SU26212RMFS9
2025-12-15,89.273,13.49,699,28.0,SU26212RMFS9
2025-12-16,89.193,13.55,698,28.2,SU26212RMFS9
2025-12-17,88.899,13.75,697,28.39,SU26212RMFS9
2025-12-18,88.85,13.79,696,28.58,SU26212RMFS9
2025-12-19,88.527,14.02,693,28.78,SU26212RMFS9
2025-12-22,88.606,13.98,692,29.36,SU26212RMFS9
2025-12-23,88.366,14.15,691,29.55,SU26212RMFS9
2025-12-24,88.595,14.01,690,29.74,SU26212RMFS9
2025-12-25,88.833,13.86,689,29.94,SU26212RMFS9
2025-12-26,89.171,13.66,686,30.13,SU26212RMFS9
2025-12-29,89.15,13.69,685,30.71,SU26212RMFS9
2025-12-30,88.524,14.15,679,30.9,SU26212RMFS9
2021-01-04,112.899,6.27,3014,18.77,SU26221RMFS0
2021-01-05,112.899,6.27,3013,18.98,SU26221RMFS0
2021-01-06,112.86,6.28,3012,19.2,SU26221RMFS0
2021-01-08,112.974,6.26,3010,19.62,SU26221RMFS0
2021-01-11,112.319,6.34,3006,20.25,SU26221RMFS0
2021-01-12,112.67,6.3,3003,20.46,SU26221RMFS0
2021-01-13,112.123,6.36,3000,20.67,SU26221RMFS0
2021-01-14,111.82,6.39,2999,20.88,SU26221RMFS0
2021-01-15,111.001,6.49,2991,21.09,SU26221RMFS0
2021-01-18,110.601,6.53,2987,21.73,SU26221RMFS0
2021-01-19,111.084,6.48,2986,21.94,SU26221RMFS0
2021-01-20,111.283,6.45,2987,22.15,SU26221RMFS0
2021-01-21,110.949,6.49,2984,22.36,SU26221RMFS0
2021-01-22,109.99,6.6,2977,22.57,SU26221RMFS0
2021-01-25,110.229,6.57,2975,23.2,SU26221RMFS0
2021-01-26,110.26,6.57,2973,23.41,SU26221RMFS0
2021-01-27,109.936,6.61,2970,23.62,SU26221RMFS0
2021-01-28,109.99,6.6,2968,23.84,SU26221RMFS0
2021-01-29,110.0,6.6,2970,24.05,SU26221RMFS0
2021-02-01,110.358,6.56,2968,24.68,SU26221RMFS0
2021-02-02,109.931,6.61,2968,24.89,SU26221RMFS0
2021-02-03,109.697,6.64,2961,25.1,SU26221RMFS0
2021-02-04,109.796,6.62,2961,25.31,SU26221RMFS0
2021-02-05,110.628,6.53,2964,25.52,SU26221RMFS0
2021-02-08,110.487,6.54,2964,26.16,SU26221RMFS0
2021-02-09,110.238,6.57,2959,26.37,SU26221RMFS0
2021-02-10,110.018,6.6,2957,26.58,SU26221RMFS0
2021-02-11,109.39,6.67,2953,26.79,SU26221RMFS0
2021-02-12,108.501,6.77,2946,27.0,SU26221RMFS0
2021-02-15,107.878,6.85,2939,27.63,SU26221RMFS0
2021-02-16,107.001,6.96,2932,27.84,SU26221RMFS0
2021-02-17,107.312,6.92,2930,28.05,SU26221RMFS0
2021-02-18,107.547,6.89,2932,28.27,SU26221RMFS0
2021-02-19,107.051,6.95,2926,28.48,SU26221RMFS0
2021-02-20,107.1,6.94,2925,28.69,SU26221RMFS0
2021-02-22,106.578,7.01,2922,29.11,SU26221RMFS0
2021-02-24,107.22,6.93,2923,29.53,SU26221RMFS0
2021-02-25,106.748,6.98,2918,29.74,SU26221RMFS0
2021-02-26,106.368,7.03,2914,29.95,SU26221RMFS0
2021-03-01,106.8,6.98,2913,30.59,SU26221RMFS0
2021-03-02,107.689,6.87,2918,30.8,SU26221RMFS0
2021-03-03,108.098,6.82,2918,31.01,SU26221RMFS0
2021-03-04,108.765,6.74,2925,31.22,SU26221RMFS0
2021-03-05,107.71,6.87,2918,31.43,SU26221RMFS0
2021-03-09,107.781,6.86,2915,32.27,SU26221RMFS0
2021-03-10,107.59,6.88,2909,32.48,SU26221RMFS0
2021-03-11,107.288,6.92,2906,32.69,SU26221RMFS0
2021-03-12,106.6,7.0,2903,32.91,SU26221RMFS0
2021-03-15,106.698,6.99,2900,33.54,SU26221RMFS0
2021-03-16,106.691,6.99,2897,33.75,SU26221RMFS0
2021-03-17,106.148,7.06,2893,33.96,SU26221RMFS0
2021-03-18,105.4,7.15,2890,34.17,SU26221RMFS0
2021-03-19,105.205,7.17,2883,34.38,SU26221RMFS0
2021-03-22,104.827,7.22,2878,35.02,SU26221RMFS0
2021-03-23,103.94,7.33,2871,35.23,SU26221RMFS0
2021-03-24,104.404,7.27,2872,35.44,SU26221RMFS0
2021-03-25,105.012,7.2,2875,35.65,SU26221RMFS0
2021-03-26,105.941,7.08,2879,35.86,SU26221RMFS0
2021-03-29,105.99,7.08,2880,36.49,SU26221RMFS0
2021-03-30,105.198,7.17,2873,36.7,SU26221RMFS0
2021-03-31,105.5,7.14,2874,36.91,SU26221RMFS0
2021-04-01,105.099,7.19,2869,37.12,SU26221RMFS0
2021-04-02,105.15,7.18,2868,37.34,SU26221RMFS0
2021-04-05,105.15,7.18,2865,37.97,SU26221RMFS0
2021-04-06,104.297,7.29,2863,38.18,SU26221RMFS0
2021-04-07,103.79,7.35,2956,0.0,SU26221RMFS0
2021-04-08,103.7,7.36,2957,0.21,SU26221RMFS0
2021-04-09,103.45,7.39,2954,0.42,SU26221RMFS0
2021-04-12,103.849,7.34,2953,1.05,SU26221RMFS0
2021-04-13,103.874,7.34,2952,1.27,SU26221RMFS0
2021-04-14,105.15,7.18,2962,1.48,SU26221RMFS0
2021-04-15,104.998,7.2,2955,1.69,SU26221RMFS0
2021-04-16,105.6,7.12,2964,1.9,SU26221RMFS0
2021-04-19,105.246,7.17,2957,2.53,SU26221RMFS0
2021-04-20,105.245,7.17,2955,2.74,SU26221RMFS0
2021-04-21,105.495,7.13,2955,2.95,SU26221RMFS0
2021-04-22,105.9,7.08,2957,3.16,SU26221RMFS0
2021-04-23,105.898,7.08,2956,3.37,SU26221RMFS0
2021-04-26,105.9,7.08,2956,4.01,SU26221RMFS0
2021-04-27,105.6,7.12,2951,4.22,SU26221RMFS0
2021-04-28,105.328,7.15,2949,4.43,SU26221RMFS0
2021-04-29,105.063,7.19,2948,4.64,SU26221RMFS0
2021-04-30,105.182,7.17,2945,4.85,SU26221RMFS0
2021-05-04,105.599,7.12,2942,5.7,SU26221RMFS0
2021-05-05,105.499,7.13,2944,5.91,SU26221RMFS0
2021-05-06,105.5,7.13,2943,6.12,SU26221RMFS0
2021-05-07,105.662,7.11,2941,6.33,SU26221RMFS0
2021-05-10,105.639,7.11,2939,6.96,SU26221RMFS0
2021-05-11,105.198,7.17,2936,7.17,SU26221RMFS0
2021-05-12,104.884,7.21,2933,7.38,SU26221RMFS0
2021-05-13,104.636,7.24,2928,7.59,SU26221RMFS0
2021-05-14,104.893,7.21,2929,7.8,SU26221RMFS0
2021-05-17,104.873,7.21,2927,8.44,SU26221RMFS0
2021-05-18,104.898,7.21,2927,8.65,SU26221RMFS0
2021-05-19,104.758,7.22,2923,8.86,SU26221RMFS0
2021-05-20,104.98,7.2,2923,9.07,SU26221RMFS0
2021-05-21,104.9,7.21,2923,9.28,SU26221RMFS0
2021-05-24,104.78,7.22,2920,9.91,SU26221RMFS0
2021-05-25,104.691,7.23,2917,10.12,SU26221RMFS0
2021-05-26,104.841,7.21,2917,10.34,SU26221RMFS0
2021-05-27,104.872,7.21,2917,10.55,SU26221RMFS0
2021-05-28,104.744,7.22,2914,10.76,SU26221RMFS0
2021-05-31,104.66,7.23,2911,11.39,SU26221RMFS0
2021-06-01,104.605,7.24,2910,11.6,SU26221RMFS0
2021-06-02,104.646,7.24,2909,11.81,SU26221RMFS0
2021-06-03,104.493,7.26,2909,12.02,SU26221RMFS0
2021-06-04,104.327,7.28,2904,12.23,SU26221RMFS0
2021-06-07,104.2,7.29,2902,12.87,SU26221RMFS0
2021-06-08,103.799,7.34,2897,13.08,SU26221RMFS0
2021-06-09,103.878,7.33,2896,13.29,SU26221RMFS0
2021-06-10,104.237,7.29,2898,13.5,SU26221RMFS0
2021-06-11,104.732,7.22,2901,13.71,SU26221RMFS0
2021-06-14,104.67,7.23,2897,14.34,SU26221RMFS0
2021-06-15,104.466,7.26,2896,14.55,SU26221RMFS0
2021-06-16,104.6,7.24,2894,14.77,SU26221RMFS0
2021-06-17,105.088,7.18,2895,14.98,SU26221RMFS0
2021-06-18,105.55,7.12,2898,15.19,SU26221RMFS0
2021-06-21,105.4,7.14,2895,15.82,SU26221RMFS0
2021-06-22,105.199,7.16,2893,16.03,SU26221RMFS0
2021-06-23,105.319,7.15,2893,16.24,SU26221RMFS0
2021-06-24,105.494,7.13,2894,16.45,SU26221RMFS0
2021-06-25,105.525,7.12,2892,16.66,SU26221RMFS0
2021-06-28,105.253,7.16,2887,17.3,SU26221RMFS0
2021-06-29,104.868,7.21,2883,17.51,SU26221RMFS0
2021-06-30,104.9,7.2,2884,17.72,SU26221RMFS0
2021-07-01,104.971,7.19,2881,17.93,SU26221RMFS0
2021-07-02,104.952,7.19,2880,18.14,SU26221RMFS0
2021-07-05,105.0,7.19,2879,18.77,SU26221RMFS0
2021-07-06,105.091,7.18,2878,18.98,SU26221RMFS0
2021-07-07,104.618,7.24,2876,19.2,SU26221RMFS0
2021-07-08,104.671,7.23,2874,19.41,SU26221RMFS0
2021-07-09,104.719,7.22,2873,19.62,SU26221RMFS0
2021-07-12,104.647,7.23,2870,20.25,SU26221RMFS0
2021-07-13,104.675,7.23,2867,20.46,SU26221RMFS0
2021-07-14,104.694,7.23,2867,20.67,SU26221RMFS0
2021-07-15,104.885,7.2,2869,20.88,SU26221RMFS0
2021-07-16,104.841,7.21,2866,21.09,SU26221RMFS0
2021-07-19,104.7,7.22,2862,21.73,SU26221RMFS0
2021-07-20,105.098,7.17,2863,21.94,SU26221RMFS0
2021-07-21,105.548,7.12,2866,22.15,SU26221RMFS0
2021-07-22,106.116,7.04,2870,22.36,SU26221RMFS0
2021-07-23,106.226,7.03,2869,22.57,SU26221RMFS0
2021-07-26,106.328,7.02,2867,23.2,SU26221RMFS0
2021-07-27,106.688,6.97,2869,23.41,SU26221RMFS0
2021-07-28,106.791,6.96,2869,23.62,SU26221RMFS0
2021-07-29,106.682,6.97,2867,23.84,SU26221RMFS0
2021-07-30,107.088,6.92,2869,24.05,SU26221RMFS0
2021-08-02,106.811,6.96,2864,24.68,SU26221RMFS0
2021-08-03,106.593,6.98,2862,24.89,SU26221RMFS0
2021-08-04,106.39,7.01,2858,25.1,SU26221RMFS0
2021-08-05,106.441,7.0,2858,25.31,SU26221RMFS0
2021-08-06,106.25,7.03,2856,25.52,SU26221RMFS0
2021-08-09,105.896,7.07,2851,26.16,SU26221RMFS0
2021-08-10,105.895,7.07,2850,26.37,SU26221RMFS0
2021-08-11,105.648,7.1,2847,26.58,SU26221RMFS0
2021-08-12,105.763,7.09,2846,26.79,SU26221RMFS0
2021-08-13,105.987,7.06,2847,27.0,SU26221RMFS0
2021-08-16,106.334,7.01,2848,27.63,SU26221RMFS0
2021-08-17,106.498,6.99,2848,27.84,SU26221RMFS0
2021-08-18,106.394,7.01,2846,28.05,SU26221RMFS0
2021-08-19,105.95,7.06,2842,28.27,SU26221RMFS0
2021-08-20,106.287,7.02,2840,28.48,SU26221RMFS0
2021-08-23,105.896,7.07,2839,29.11,SU26221RMFS0
2021-08-24,105.857,7.07,2835,29.32,SU26221RMFS0
2021-08-25,105.484,7.12,2832,29.53,SU26221RMFS0
2021-08-26,104.901,7.2,2828,29.74,SU26221RMFS0
2021-08-27,105.599,7.11,2828,29.95,SU26221RMFS0
2021-08-30,105.398,7.13,2826,30.59,SU26221RMFS0
2021-08-31,105.695,7.09,2827,30.8,SU26221RMFS0
2021-09-01,105.789,7.08,2827,31.01,SU26221RMFS0
2021-09-02,105.63,7.1,2824,31.22,SU26221RMFS0
2021-09-03,105.699,7.09,2824,31.43,SU26221RMFS0
2021-09-06,105.599,7.11,2820,32.06,SU26221RMFS0
2021-09-07,105.448,7.13,2818,32.27,SU26221RMFS0
2021-09-08,105.598,7.11,2818,32.48,SU26221RMFS0
2021-09-09,105.595,7.11,2817,32.69,SU26221RMFS0
2021-09-10,105.697,7.09,2817,32.91,SU26221RMFS0
2021-09-13,105.845,7.07,2814,33.54,SU26221RMFS0
2021-09-14,105.5,7.12,2813,33.75,SU26221RMFS0
2021-09-15,105.465,7.12,2811,33.96,SU26221RMFS0
2021-09-16,105.301,7.14,2808,34.17,SU26221RMFS0
2021-09-17,105.077,7.17,2806,34.38,SU26221RMFS0
2021-09-20,104.391,7.26,2797,35.02,SU26221RMFS0
2021-09-21,104.629,7.23,2800,35.23,SU26221RMFS0
2021-09-22,104.636,7.23,2798,35.44,SU26221RMFS0
2021-09-23,104.095,7.3,2793,35.65,SU26221RMFS0
2021-09-24,103.571,7.37,2789,35.86,SU26221RMFS0
2021-09-27,103.5,7.38,2783,36.49,SU26221RMFS0
2021-09-28,103.482,7.38,2783,36.7,SU26221RMFS0
2021-09-29,103.369,7.39,2783,36.91,SU26221RMFS0
2021-09-30,103.457,7.38,2780,37.12,SU26221RMFS0
2021-10-01,103.161,7.42,2776,37.34,SU26221RMFS0
2021-10-04,102.39,7.52,2769,37.97,SU26221RMFS0
2021-10-05,101.438,7.65,2761,38.18,SU26221RMFS0
2021-10-06,101.102,7.7,2860,0.0,SU26221RMFS0
2021-10-07,102.351,7.53,2865,0.21,SU26221RMFS0
2021-10-08,102.616,7.49,2869,0.42,SU26221RMFS0
2021-10-11,102.415,7.52,2866,1.05,SU26221RMFS0
2021-10-12,102.198,7.55,2863,1.27,SU26221RMFS0
2021-10-13,102.79,7.47,2863,1.48,SU26221RMFS0
2021-10-14,102.689,7.48,2864,1.69,SU26221RMFS0
2021-10-15,102.583,7.5,2865,1.9,SU26221RMFS0
2021-10-18,102.322,7.53,2859,2.53,SU26221RMFS0
2021-10-19,102.421,7.52,2856,2.74,SU26221RMFS0
2021-10-20,102.013,7.57,2853,2.95,SU26221RMFS0
2021-10-21,101.476,7.64,2849,3.16,SU26221RMFS0
2021-10-22,100.347,7.8,2839,3.37,SU26221RMFS0
2021-10-25,99.038,7.98,2826,4.01,SU26221RMFS0
2021-10-26,98.7,8.03,2822,4.22,SU26221RMFS0
2021-10-27,99.227,7.95,2823,4.43,SU26221RMFS0
2021-10-28,98.196,8.1,2818,4.64,SU26221RMFS0
2021-10-29,97.85,8.15,2814,4.85,SU26221RMFS0
2021-11-01,96.99,8.27,2806,5.48,SU26221RMFS0
2021-11-02,96.852,8.29,2803,5.7,SU26221RMFS0
2021-11-03,97.093,8.26,2802,5.91,SU26221RMFS0
2021-11-05,97.019,8.27,2799,6.33,SU26221RMFS0
2021-11-08,97.799,8.16,2801,6.96,SU26221RMFS0
2021-11-09,98.516,8.05,2807,7.17,SU26221RMFS0
2021-11-10,99.443,7.92,2810,7.38,SU26221RMFS0
2021-11-11,99.032,7.98,2810,7.59,SU26221RMFS0
2021-11-12,98.541,8.05,2801,7.8,SU26221RMFS0
2021-11-15,97.299,8.23,2794,8.44,SU26221RMFS0
2021-11-16,97.191,8.24,2793,8.65,SU26221RMFS0
2021-11-17,97.492,8.2,2791,8.86,SU26221RMFS0
2021-11-18,96.747,8.31,2784,9.07,SU26221RMFS0
2021-11-19,96.185,8.39,2783,9.28,SU26221RMFS0
2021-11-22,94.821,8.59,2770,9.91,SU26221RMFS0
2021-11-23,95.14,8.54,2761,10.12,SU26221RMFS0
2021-11-24,94.867,8.59,2764,10.34,SU26221RMFS0
2021-11-25,95.997,8.42,2769,10.55,SU26221RMFS0
2021-11-26,95.938,8.43,2768,10.76,SU26221RMFS0
2021-11-29,96.696,8.32,2772,11.39,SU26221RMFS0
2021-11-30,96.5,8.34,2770,11.6,SU26221RMFS0
2021-12-01,95.937,8.43,2768,11.81,SU26221RMFS0
2021-12-02,96.269,8.38,2764,12.02,SU26221RMFS0
2021-12-03,95.998,8.42,2764,12.23,SU26221RMFS0
2021-12-06,95.121,8.55,2757,12.87,SU26221RMFS0
2021-12-07,95.395,8.51,2751,13.08,SU26221RMFS0
2021-12-08,95.299,8.52,2753,13.29,SU26221RMFS0
2021-12-09,95.546,8.49,2752,13.5,SU26221RMFS0
2021-12-10,95.52,8.49,2752,13.71,SU26221RMFS0
2021-12-13,95.389,8.51,2748,14.34,SU26221RMFS0
2021-12-14,94.811,8.6,2745,14.55,SU26221RMFS0
2021-12-15,95.1,8.55,2745,14.77,SU26221RMFS0
2021-12-16,95.295,8.52,2746,14.98,SU26221RMFS0
2021-12-17,96.192,8.39,2747,15.19,SU26221RMFS0
2021-12-20,96.251,8.38,2749,15.82,SU26221RMFS0
2021-12-21,96.0,8.42,2747,16.03,SU26221RMFS0
2021-12-22,95.91,8.43,2747,16.24,SU26221RMFS0
2021-12-23,96.082,8.41,2745,16.45,SU26221RMFS0
2021-12-24,96.15,8.4,2743,16.66,SU26221RMFS0
2021-12-27,96.319,8.37,2741,17.3,SU26221RMFS0
2021-12-28,96.336,8.37,2739,17.51,SU26221RMFS0
2021-12-29,96.127,8.4,2738,17.72,SU26221RMFS0
2021-12-30,96.5,8.35,2739,17.93,SU26221RMFS0
2022-01-03,96.7,8.32,2738,18.77,SU26221RMFS0
2022-01-04,96.948,8.28,2739,18.98,SU26221RMFS0
2022-01-05,96.296,8.38,2737,19.2,SU26221RMFS0
2022-01-06,96.0,8.42,2730,19.41,SU26221RMFS0
2022-01-07,,8.42,2729,19.62,SU26221RMFS0
2022-01-10,95.2,8.54,2720,20.25,SU26221RMFS0
2022-01-11,94.644,8.62,2715,20.46,SU26221RMFS0
2022-01-12,94.207,8.69,2711,20.67,SU26221RMFS0
2022-01-13,92.3,8.98,2698,20.88,SU26221RMFS0
2022-01-14,91.097,9.18,2672,21.09,SU26221RMFS0
2022-01-17,89.9,9.37,2665,21.73,SU26221RMFS0
2022-01-18,90.244,9.31,2664,21.94,SU26221RMFS0
2022-01-19,90.967,9.2,2674,22.15,SU26221RMFS0
2022-01-20,90.3,9.3,2671,22.36,SU26221RMFS0
2022-01-21,90.1,9.34,2667,22.57,SU26221RMFS0
2022-01-24,88.13,9.66,2645,23.2,SU26221RMFS0
2022-01-25,88.149,9.66,2643,23.41,SU26221RMFS0
2022-01-26,87.599,9.75,2642,23.62,SU26221RMFS0
2022-01-27,89.2,9.49,2644,23.84,SU26221RMFS0
2022-01-28,89.269,9.47,2653,24.05,SU26221RMFS0
2022-01-31,89.667,9.41,2648,24.68,SU26221RMFS0
2022-02-01,89.799,9.39,2650,24.89,SU26221RMFS0
2022-02-02,90.026,9.35,2653,25.1,SU26221RMFS0
2022-02-03,89.7,9.41,2648,25.31,SU26221RMFS0
2022-02-04,89.847,9.38,2651,25.52,SU26221RMFS0
2022-02-07,89.792,9.39,2647,26.16,SU26221RMFS0
2022-02-08,89.882,9.38,2645,26.37,SU26221RMFS0
2022-02-09,89.91,9.37,2645,26.58,SU26221RMFS0
2022-02-10,89.5,9.44,2641,26.79,SU26221RMFS0
2022-02-11,87.053,9.85,2625,27.0,SU26221RMFS0
2022-02-14,85.884,10.05,2615,27.63,SU26221RMFS0
2022-02-15,87.859,9.71,2611,27.84,SU26221RMFS0
2022-02-16,88.536,9.6,2622,28.05,SU26221RMFS0
2022-02-17,87.12,9.84,2618,28.27,SU26221RMFS0
2022-02-18,86.935,9.87,2612,28.48,SU26221RMFS0
2022-02-21,82.9,10.59,2575,29.11,SU26221RMFS0
2022-02-22,81.336,10.88,2559,29.32,SU26221RMFS0
2022-02-23,,10.88,2550,29.53,SU26221RMFS0
2022-02-24,69.0,13.5,2310,29.74,SU26221RMFS0
2022-02-25,73.1,12.56,2417,29.95,SU26221RMFS0
2022-02-28,,12.56,2416,30.59,SU26221RMFS0
2022-03-01,,12.56,2450,30.8,SU26221RMFS0
2022-03-02,,12.56,2449,31.01,SU26221RMFS0
2022-03-03,,12.56,2448,31.22,SU26221RMFS0
2022-03-04,,12.57,2446,31.43,SU26221RMFS0
2022-03-09,,12.57,2441,32.48,SU26221RMFS0
2022-03-10,,12.57,2440,32.69,SU26221RMFS0
2022-03-11,,12.57,2439,32.91,SU26221RMFS0
2022-03-14,,12.57,2436,33.54,SU26221RMFS0
2022-03-15,,12.57,2435,33.75,SU26221RMFS0
2022-03-16,,12.57,2434,33.96,SU26221RMFS0
2022-03-17,,12.57,2433,34.17,SU26221RMFS0
2022-03-18,,12.57,2432,34.38,SU26221RMFS0
2022-03-21,68.891,13.55,2336,35.02,SU26221RMFS0
2022-03-22,70.098,13.26,2391,35.23,SU26221RMFS0
2022-03-23,68.6,13.62,2381,35.44,SU26221RMFS0
2022-03-24,69.598,13.38,2376,35.65,SU26221RMFS0
2022-03-25,68.39,13.67,2368,35.86,SU26221RMFS0
2022-03-28,68.334,13.69,2361,36.49,SU26221RMFS0
2022-03-29,71.65,12.91,2379,36.7,SU26221RMFS0
2022-03-30,76.129,11.93,2427,36.91,SU26221RMFS0
2022-03-31,78.379,11.47,2460,37.12,SU26221RMFS0
2022-04-01,77.4,11.67,2472,37.34,SU26221RMFS0
2022-04-04,76.29,11.9,2452,37.97,SU26221RMFS0
2022-04-05,75.999,11.97,2452,38.18,SU26221RMFS0
2022-04-06,75.247,12.12,2564,0.0,SU26221RMFS0
2022-04-07,76.156,11.93,2564,0.21,SU26221RMFS0
2022-04-08,80.725,11.02,2589,0.42,SU26221RMFS0
2022-04-11,81.302,10.91,2621,1.05,SU26221RMFS0
2022-04-12,81.598,10.86,2618,1.27,SU26221RMFS0
2022-04-13,82.602,10.67,2620,1.48,SU26221RMFS0
2022-04-14,82.599,10.67,2634,1.69,SU26221RMFS0
2022-04-15,82.156,10.75,2614,1.9,SU26221RMFS0
2022-04-18,83.131,10.57,2624,2.53,SU26221RMFS0
2022-04-19,84.598,10.31,2634,2.74,SU26221RMFS0
2022-04-20,85.576,10.13,2644,2.95,SU26221RMFS0
2022-04-21,86.321,10.0,2657,3.16,SU26221RMFS0
2022-04-22,86.057,10.05,2653,3.37,SU26221RMFS0
2022-04-25,85.295,10.18,2641,4.01,SU26221RMFS0
2022-04-26,85.65,10.12,2644,4.22,SU26221RMFS0
2022-04-27,85.699,10.11,2642,4.43,SU26221RMFS0
2022-04-28,85.699,10.11,2639,4.64,SU26221RMFS0
2022-04-29,85.746,10.1,2642,4.85,SU26221RMFS0
2022-05-04,84.899,10.26,2630,5.91,SU26221RMFS0
2022-05-05,84.43,10.34,2622,6.12,SU26221RMFS0
2022-05-06,84.796,10.28,2623,6.33,SU26221RMFS0
2022-05-11,84.495,10.33,2618,7.38,SU26221RMFS0
2022-05-12,84.339,10.36,2615,7.59,SU26221RMFS0
2022-05-13,84.228,10.38,2611,7.8,SU26221RMFS0
2022-05-16,84.398,10.35,2609,8.44,SU26221RMFS0
2022-05-17,84.474,10.34,2611,8.65,SU26221RMFS0
2022-05-18,84.54,10.33,2611,8.86,SU26221RMFS0
2022-05-19,84.87,10.27,2613,9.07,SU26221RMFS0
2022-05-20,85.49,10.16,2615,9.28,SU26221RMFS0
2022-05-23,85.335,10.18,2611,9.91,SU26221RMFS0
2022-05-24,85.601,10.14,2614,10.12,SU26221RMFS0
2022-05-25,88.854,9.57,2625,10.34,SU26221RMFS0
2022-05-26,89.2,9.52,2642,10.55,SU26221RMFS0
2022-05-27,88.99,9.55,2640,10.76,SU26221RMFS0
2022-05-30,88.8,9.59,2635,11.39,SU26221RMFS0
2022-05-31,89.17,9.52,2635,11.6,SU26221RMFS0
2022-06-01,90.733,9.26,2640,11.81,SU26221RMFS0
2022-06-02,91.049,9.21,2650,12.02,SU26221RMFS0
2022-06-03,91.35,9.16,2651,12.23,SU26221RMFS0
2022-06-06,92.0,9.06,2652,12.87,SU26221RMFS0
2022-06-07,92.012,9.06,2652,13.08,SU26221RMFS0
2022-06-08,91.841,9.09,2644,13.29,SU26221RMFS0
2022-06-09,92.199,9.03,2652,13.5,SU26221RMFS0
2022-06-10,91.5,9.14,2652,13.71,SU26221RMFS0
2022-06-14,91.35,9.17,2640,14.55,SU26221RMFS0
2022-06-15,91.588,9.13,2640,14.77,SU26221RMFS0
2022-06-16,92.2,9.03,2646,14.98,SU26221RMFS0
2022-06-17,92.25,9.02,2643,15.19,SU26221RMFS0
2022-06-20,92.479,8.98,2641,15.82,SU26221RMFS0
2022-06-21,92.799,8.93,2644,16.03,SU26221RMFS0
2022-06-22,92.9,8.92,2643,16.24,SU26221RMFS0
2022-06-23,93.402,8.84,2645,16.45,SU26221RMFS0
2022-06-24,93.6,8.81,2644,16.66,SU26221RMFS0
2022-06-27,94.372,8.69,2649,17.3,SU26221RMFS0
2022-06-28,94.141,8.72,2648,17.51,SU26221RMFS0
2022-06-29,94.05,8.74,2646,17.72,SU26221RMFS0
2022-06-30,93.7,8.79,2643,17.93,SU26221RMFS0
2022-07-01,93.351,8.85,2639,18.14,SU26221RMFS0
2022-07-04,92.36,9.01,2629,18.77,SU26221RMFS0
2022-07-05,92.003,9.06,2625,18.98,SU26221RMFS0
2022-07-06,92.25,9.02,2625,19.2,SU26221RMFS0
2022-07-07,92.35,9.01,2626,19.41,SU26221RMFS0
2022-07-08,92.02,9.06,2622,19.62,SU26221RMFS0
2022-07-11,91.853,9.09,2618,20.25,SU26221RMFS0
2022-07-12,91.788,9.1,2610,20.46,SU26221RMFS0
2022-07-13,91.45,9.16,2613,20.67,SU26221RMFS0
2022-07-14,91.681,9.12,2614,20.88,SU26221RMFS0
2022-07-15,91.97,9.07,2615,21.09,SU26221RMFS0
2022-07-18,91.6,9.13,2609,21.73,SU26221RMFS0
2022-07-19,91.71,9.11,2607,21.94,SU26221RMFS0
2022-07-20,91.815,9.1,2608,22.15,SU26221RMFS0
2022-07-21,92.45,9.0,2611,22.36,SU26221RMFS0
2022-07-22,93.848,8.77,2621,22.57,SU26221RMFS0
2022-07-25,93.515,8.83,2618,23.2,SU26221RMFS0
2022-07-26,93.47,8.83,2614,23.41,SU26221RMFS0
2022-07-27,93.15,8.88,2612,23.62,SU26221RMFS0
2022-07-28,93.55,8.82,2613,23.84,SU26221RMFS0
2022-07-29,93.6,8.81,2613,24.05,SU26221RMFS0
2022-08-01,93.5,8.83,2609,24.68,SU26221RMFS0
2022-08-02,93.3,8.86,2607,24.89,SU26221RMFS0
2022-08-03,93.2,8.88,2605,25.1,SU26221RMFS0
2022-08-04,93.499,8.83,2605,25.31,SU26221RMFS0
2022-08-05,93.341,8.86,2603,25.52,SU26221RMFS0
2022-08-08,93.36,8.85,2601,26.16,SU26221RMFS0
2022-08-09,93.389,8.85,2601,26.37,SU26221RMFS0
2022-08-10,93.099,8.9,2597,26.58,SU26221RMFS0
2022-08-11,92.615,8.97,2592,26.79,SU26221RMFS0
2022-08-12,92.51,8.99,2589,27.0,SU26221RMFS0
2022-08-15,92.552,8.98,2588,27.63,SU26221RMFS0
2022-08-16,92.876,8.93,2588,27.84,SU26221RMFS0
2022-08-17,92.947,8.92,2589,28.05,SU26221RMFS0
2022-08-18,92.898,8.93,2589,28.27,SU26221RMFS0
2022-08-19,92.5,8.99,2584,28.48,SU26221RMFS0
2022-08-22,92.364,9.02,2580,29.11,SU26221RMFS0
2022-08-23,92.15,9.05,2571,29.32,SU26221RMFS0
2022-08-24,92.167,9.05,2575,29.53,SU26221RMFS0
2022-08-25,92.35,9.02,2576,29.74,SU26221RMFS0
2022-08-26,92.34,9.02,2575,29.95,SU26221RMFS0
2022-08-29,92.19,9.05,2571,30.59,SU26221RMFS0
2022-08-30,92.336,9.02,2570,30.8,SU26221RMFS0
2022-08-31,92.1,9.06,2569,31.01,SU26221RMFS0
2022-09-01,92.345,9.02,2568,31.22,SU26221RMFS0
2022-09-02,92.5,9.0,2569,31.43,SU26221RMFS0
2022-09-05,92.657,8.97,2567,32.06,SU26221RMFS0
2022-09-06,92.741,8.96,2567,32.27,SU26221RMFS0
2022-09-07,92.725,8.96,2566,32.48,SU26221RMFS0
2022-09-08,92.25,9.04,2563,32.69,SU26221RMFS0
2022-09-09,92.25,9.04,2561,32.91,SU26221RMFS0
2022-09-12,92.577,8.99,2558,33.54,SU26221RMFS0
2022-09-13,92.439,9.01,2554,33.75,SU26221RMFS0
2022-09-14,92.589,8.99,2555,33.96,SU26221RMFS0
2022-09-15,92.622,8.98,2556,34.17,SU26221RMFS0
2022-09-16,91.7,9.13,2552,34.38,SU26221RMFS0
2022-09-19,90.574,9.32,2538,35.02,SU26221RMFS0
2022-09-20,87.557,9.84,2527,35.23,SU26221RMFS0
2022-09-21,88.311,9.7,2502,35.44,SU26221RMFS0
2022-09-22,86.98,9.94,2509,35.65,SU26221RMFS0
2022-09-23,85.942,10.12,2494,35.86,SU26221RMFS0
2022-09-26,84.401,10.41,2461,36.49,SU26221RMFS0
2022-09-27,85.515,10.2,2484,36.7,SU26221RMFS0
2022-09-28,84.36,10.42,2477,36.91,SU26221RMFS0
2022-09-29,83.3,10.61,2464,37.12,SU26221RMFS0
2022-09-30,82.886,10.69,2454,37.34,SU26221RMFS0
2022-10-03,84.564,10.38,2462,37.97,SU26221RMFS0
2022-10-04,85.101,10.28,2475,38.18,SU26221RMFS0
2022-10-05,85.312,10.24,2585,0.0,SU26221RMFS0
2022-10-06,85.779,10.16,2588,0.21,SU26221RMFS0
2022-10-07,84.444,10.4,2586,0.42,SU26221RMFS0
2022-10-10,84.817,10.34,2572,1.05,SU26221RMFS0
2022-10-11,85.871,10.14,2582,1.27,SU26221RMFS0
2022-10-12,85.788,10.16,2583,1.48,SU26221RMFS0
2022-10-13,86.04,10.11,2582,1.69,SU26221RMFS0
2022-10-14,86.25,10.08,2583,1.9,SU26221RMFS0
2022-10-17,86.998,9.94,2584,2.53,SU26221RMFS0
2022-10-18,86.599,10.02,2584,2.74,SU26221RMFS0
2022-10-19,86.891,9.96,2581,2.95,SU26221RMFS0
2022-10-20,87.198,9.91,2583,3.16,SU26221RMFS0
2022-10-21,87.4,9.87,2584,3.37,SU26221RMFS0
2022-10-24,87.4,9.87,2583,4.01,SU26221RMFS0
2022-10-25,87.557,9.85,2583,4.22,SU26221RMFS0
2022-10-26,87.522,9.85,2582,4.43,SU26221RMFS0
2022-10-27,87.799,9.8,2580,4.64,SU26221RMFS0
2022-10-28,87.26,9.9,2577,4.85,SU26221RMFS0
2022-10-31,86.934,9.96,2572,5.48,SU26221RMFS0
2022-11-01,87.099,9.93,2574,5.7,SU26221RMFS0
2022-11-02,86.089,10.11,2563,5.91,SU26221RMFS0
2022-11-03,86.1,10.11,2562,6.12,SU26221RMFS0
2022-11-07,86.393,10.06,2560,6.96,SU26221RMFS0
2022-11-08,85.541,10.21,2551,7.17,SU26221RMFS0
2022-11-09,85.5,10.22,2550,7.38,SU26221RMFS0
2022-11-10,86.257,10.08,2548,7.59,SU26221RMFS0
2022-11-11,86.172,10.1,2556,7.8,SU26221RMFS0
2022-11-14,85.89,10.15,2551,8.44,SU26221RMFS0
2022-11-15,85.73,10.18,2549,8.65,SU26221RMFS0
2022-11-16,86.7,10.01,2549,8.86,SU26221RMFS0
2022-11-17,86.952,9.96,2555,9.07,SU26221RMFS0
2022-11-18,86.997,9.95,2553,9.28,SU26221RMFS0
2022-11-21,86.463,10.05,2549,9.91,SU26221RMFS0
2022-11-22,86.448,10.05,2544,10.12,SU26221RMFS0
2022-11-23,86.692,10.01,2546,10.34,SU26221RMFS0
2022-11-24,86.8,9.99,2546,10.55,SU26221RMFS0
2022-11-25,86.701,10.01,2545,10.76,SU26221RMFS0
2022-11-28,86.583,10.03,2542,11.39,SU26221RMFS0
2022-11-29,86.63,10.02,2541,11.6,SU26221RMFS0
2022-11-30,86.561,10.04,2540,11.81,SU26221RMFS0
2022-12-01,86.418,10.06,2536,12.02,SU26221RMFS0
2022-12-02,86.41,10.06,2534,12.23,SU26221RMFS0
2022-12-05,86.198,10.1,2531,12.87,SU26221RMFS0
2022-12-06,86.153,10.11,2530,13.08,SU26221RMFS0
2022-12-07,86.26,10.09,2527,13.29,SU26221RMFS0
2022-12-08,86.389,10.07,2528,13.5,SU26221RMFS0
2022-12-09,86.498,10.05,2528,13.71,SU26221RMFS0
2022-12-12,86.453,10.06,2524,14.34,SU26221RMFS0
2022-12-13,86.359,10.08,2522,14.55,SU26221RMFS0
2022-12-14,86.256,10.1,2521,14.77,SU26221RMFS0
2022-12-15,86.158,10.11,2518,14.98,SU26221RMFS0
2022-12-16,86.296,10.09,2521,15.19,SU26221RMFS0
2022-12-19,85.926,10.16,2514,15.82,SU26221RMFS0
2022-12-20,85.698,10.2,2510,16.03,SU26221RMFS0
2022-12-21,85.221,10.29,2507,16.24,SU26221RMFS0
2022-12-22,85.511,10.24,2507,16.45,SU26221RMFS0
2022-12-23,85.709,10.2,2507,16.66,SU26221RMFS0
2022-12-26,85.936,10.16,2506,17.3,SU26221RMFS0
2022-12-27,85.801,10.18,2506,17.51,SU26221RMFS0
2022-12-28,85.85,10.18,2505,17.72,SU26221RMFS0
2022-12-29,86.121,10.13,2505,17.93,SU26221RMFS0
2022-12-30,86.614,10.04,2506,18.14,SU26221RMFS0
2023-01-03,86.902,9.99,2507,18.98,SU26221RMFS0
2023-01-04,87.107,9.95,2508,19.2,SU26221RMFS0
2023-01-05,87.41,9.9,2508,19.41,SU26221RMFS0
2023-01-06,86.999,9.97,2506,19.62,SU26221RMFS0
2023-01-09,86.3,10.1,2497,20.25,SU26221RMFS0
2023-01-10,85.985,10.16,2494,20.46,SU26221RMFS0
2023-01-11,86.187,10.12,2493,20.67,SU26221RMFS0
2023-01-12,86.308,10.1,2492,20.88,SU26221RMFS0
2023-01-13,86.229,10.11,2491,21.09,SU26221RMFS0
2023-01-16,86.319,10.1,2488,21.73,SU26221RMFS0
2023-01-17,86.058,10.15,2486,21.94,SU26221RMFS0
2023-01-18,85.999,10.16,2483,22.15,SU26221RMFS0
2023-01-19,85.899,10.18,2482,22.36,SU26221RMFS0
2023-01-20,85.799,10.2,2480,22.57,SU26221RMFS0
2023-01-23,85.533,10.24,2475,23.2,SU26221RMFS0
2023-01-24,85.468,10.26,2474,23.41,SU26221RMFS0
2023-01-25,85.496,10.25,2472,23.62,SU26221RMFS0
2023-01-26,85.587,10.24,2471,23.84,SU26221RMFS0
2023-01-27,85.52,10.25,2470,24.05,SU26221RMFS0
2023-01-30,85.131,10.32,2465,24.68,SU26221RMFS0
2023-01-31,85.202,10.31,2464,24.89,SU26221RMFS0
2023-02-01,85.1,10.33,2463,25.1,SU26221RMFS0
2023-02-02,85.3,10.29,2463,25.31,SU26221RMFS0
2023-02-03,85.049,10.34,2460,25.52,SU26221RMFS0
2023-02-06,85.127,10.33,2457,26.16,SU26221RMFS0
2023-02-07,84.9,10.37,2455,26.37,SU26221RMFS0
2023-02-08,85.065,10.34,2453,26.58,SU26221RMFS0
2023-02-09,84.839,10.38,2452,26.79,SU26221RMFS0
2023-02-10,84.762,10.4,2451,27.0,SU26221RMFS0
2023-02-13,84.452,10.46,2446,27.63,SU26221RMFS0
2023-02-14,84.544,10.44,2447,27.84,SU26221RMFS0
2023-02-15,84.42,10.46,2442,28.05,SU26221RMFS0
2023-02-16,84.349,10.48,2441,28.27,SU26221RMFS0
2023-02-17,84.282,10.49,2439,28.48,SU26221RMFS0
2023-02-20,84.095,10.53,2435,29.11,SU26221RMFS0
2023-02-21,84.396,10.47,2435,29.32,SU26221RMFS0
2023-02-22,84.25,10.5,2434,29.53,SU26221RMFS0
2023-02-24,84.417,10.47,2433,29.95,SU26221RMFS0
2023-02-27,84.798,10.4,2431,30.59,SU26221RMFS0
2023-02-28,84.587,10.44,2429,30.8,SU26221RMFS0
2023-03-01,84.55,10.45,2429,31.01,SU26221RMFS0
2023-03-02,84.558,10.45,2429,31.22,SU26221RMFS0
2023-03-03,84.718,10.42,2429,31.43,SU26221RMFS0
2023-03-06,84.634,10.43,2425,32.06,SU26221RMFS0
2023-03-07,84.801,10.4,2425,32.27,SU26221RMFS0
2023-03-09,84.726,10.42,2424,32.69,SU26221RMFS0
2023-03-10,84.884,10.39,2423,32.91,SU26221RMFS0
2023-03-13,84.922,10.38,2419,33.54,SU26221RMFS0
2023-03-14,84.7,10.42,2417,33.75,SU26221RMFS0
2023-03-15,84.599,10.44,2415,33.96,SU26221RMFS0
2023-03-16,84.571,10.45,2414,34.17,SU26221RMFS0
2023-03-17,84.471,10.47,2409,34.38,SU26221RMFS0
2023-03-20,84.234,10.52,2406,35.02,SU26221RMFS0
2023-03-21,84.347,10.5,2406,35.23,SU26221RMFS0
2023-03-22,84.48,10.47,2408,35.44,SU26221RMFS0
2023-03-23,84.464,10.47,2407,35.65,SU26221RMFS0
2023-03-24,84.6,10.45,2406,35.86,SU26221RMFS0
2023-03-27,84.715,10.43,2405,36.49,SU26221RMFS0
2023-03-28,84.679,10.44,2402,36.7,SU26221RMFS0
2023-03-29,84.7,10.43,2402,36.91,SU26221RMFS0
2023-03-30,84.732,10.43,2401,37.12,SU26221RMFS0
2023-03-31,84.61,10.45,2400,37.34,SU26221RMFS0
2023-04-03,84.756,10.43,2397,37.97,SU26221RMFS0
2023-04-04,84.58,10.46,2395,38.18,SU26221RMFS0
2023-04-05,84.46,10.48,2502,0.0,SU26221RMFS0
2023-04-06,84.286,10.52,2500,0.21,SU26221RMFS0
2023-04-07,84.238,10.53,2496,0.42,SU26221RMFS0
2023-04-10,84.291,10.52,2496,1.05,SU26221RMFS0
2023-04-11,84.131,10.55,2494,1.27,SU26221RMFS0
2023-04-12,84.003,10.57,2490,1.48,SU26221RMFS0
2023-04-13,83.928,10.59,2488,1.69,SU26221RMFS0
2023-04-14,83.993,10.58,2489,1.9,SU26221RMFS0
2023-04-17,84.018,10.57,2486,2.53,SU26221RMFS0
2023-04-18,83.909,10.59,2484,2.74,SU26221RMFS0
2023-04-19,83.908,10.59,2482,2.95,SU26221RMFS0
2023-04-20,83.899,10.6,2483,3.16,SU26221RMFS0
2023-04-21,83.905,10.6,2481,3.37,SU26221RMFS0
2023-04-24,83.946,10.59,2479,4.01,SU26221RMFS0
2023-04-25,83.922,10.59,2478,4.22,SU26221RMFS0
2023-04-26,83.995,10.58,2477,4.43,SU26221RMFS0
2023-04-27,84.113,10.56,2477,4.64,SU26221RMFS0
2023-04-28,84.45,10.49,2478,4.85,SU26221RMFS0
2023-05-02,84.499,10.49,2475,5.7,SU26221RMFS0
2023-05-03,84.534,10.48,2476,5.91,SU26221RMFS0
2023-05-04,84.535,10.48,2473,6.12,SU26221RMFS0
2023-05-05,84.5,10.49,2472,6.33,SU26221RMFS0
2023-05-08,84.5,10.49,2468,6.96,SU26221RMFS0
2023-05-10,84.471,10.49,2467,7.38,SU26221RMFS0
2023-05-11,84.365,10.52,2466,7.59,SU26221RMFS0
2023-05-12,84.365,10.52,2465,7.8,SU26221RMFS0
2023-05-15,84.4,10.51,2460,8.44,SU26221RMFS0
2023-05-16,84.6,10.47,2461,8.65,SU26221RMFS0
2023-05-17,84.369,10.52,2459,8.86,SU26221RMFS0
2023-05-18,84.485,10.5,2458,9.07,SU26221RMFS0
2023-05-19,84.543,10.49,2458,9.28,SU26221RMFS0
2023-05-22,84.496,10.49,2455,9.91,SU26221RMFS0
2023-05-23,84.545,10.49,2453,10.12,SU26221RMFS0
2023-05-24,84.541,10.49,2453,10.34,SU26221RMFS0
2023-05-25,84.58,10.48,2452,10.55,SU26221RMFS0
2023-05-26,84.6,10.48,2451,10.76,SU26221RMFS0
2023-05-29,84.639,10.47,2448,11.39,SU26221RMFS0
2023-05-30,84.489,10.5,2447,11.6,SU26221RMFS0
2023-05-31,84.402,10.52,2445,11.81,SU26221RMFS0
2023-06-01,84.366,10.52,2443,12.02,SU26221RMFS0
2023-06-02,84.449,10.51,2442,12.23,SU26221RMFS0
2023-06-05,84.27,10.54,2438,12.87,SU26221RMFS0
2023-06-06,84.262,10.55,2436,13.08,SU26221RMFS0
2023-06-07,84.251,10.55,2436,13.29,SU26221RMFS0
2023-06-08,84.2,10.56,2434,13.5,SU26221RMFS0
2023-06-09,84.296,10.54,2430,13.71,SU26221RMFS0
2023-06-13,84.09,10.58,2428,14.55,SU26221RMFS0
2023-06-14,83.984,10.6,2426,14.77,SU26221RMFS0
2023-06-15,84.069,10.59,2425,14.98,SU26221RMFS0
2023-06-16,83.979,10.61,2421,15.19,SU26221RMFS0
2023-06-19,83.807,10.64,2420,15.82,SU26221RMFS0
2023-06-20,83.708,10.66,2417,16.03,SU26221RMFS0
2023-06-21,83.799,10.64,2416,16.24,SU26221RMFS0
2023-06-22,83.689,10.67,2415,16.45,SU26221RMFS0
2023-06-23,83.63,10.68,2413,16.66,SU26221RMFS0
2023-06-26,83.496,10.71,2410,17.3,SU26221RMFS0
2023-06-27,83.478,10.71,2408,17.51,SU26221RMFS0
2023-06-28,83.4,10.73,2408,17.72,SU26221RMFS0
2023-06-29,83.232,10.76,2406,17.93,SU26221RMFS0
2023-06-30,83.001,10.81,2402,18.14,SU26221RMFS0
2023-07-03,83.196,10.77,2400,18.77,SU26221RMFS0
2023-07-04,83.101,10.79,2399,18.98,SU26221RMFS0
2023-07-05,83.05,10.8,2398,19.2,SU26221RMFS0
2023-07-06,82.999,10.81,2396,19.41,SU26221RMFS0
2023-07-07,83.048,10.8,2392,19.62,SU26221RMFS0
2023-07-10,82.812,10.85,2391,20.25,SU26221RMFS0
2023-07-11,82.755,10.86,2388,20.46,SU26221RMFS0
2023-07-12,82.506,10.91,2386,20.67,SU26221RMFS0
2023-07-13,82.407,10.93,2384,20.88,SU26221RMFS0
2023-07-14,82.443,10.93,2381,21.09,SU26221RMFS0
2023-07-17,82.1,11.0,2378,21.73,SU26221RMFS0
2023-07-18,82.215,10.97,2377,21.94,SU26221RMFS0
2023-07-19,82.2,10.98,2376,22.15,SU26221RMFS0
2023-07-20,82.203,10.98,2375,22.36,SU26221RMFS0
2023-07-21,82.348,10.95,2373,22.57,SU26221RMFS0
2023-07-24,82.499,10.92,2372,23.2,SU26221RMFS0
2023-07-25,82.611,10.9,2373,23.41,SU26221RMFS0
2023-07-26,82.549,10.91,2372,23.62,SU26221RMFS0
2023-07-27,82.499,10.92,2370,23.84,SU26221RMFS0
2023-07-28,82.39,10.95,2367,24.05,SU26221RMFS0
2023-07-31,82.207,10.98,2364,24.68,SU26221RMFS0
2023-08-01,82.23,10.98,2363,24.89,SU26221RMFS0
2023-08-02,82.193,10.99,2361,25.1,SU26221RMFS0
2023-08-03,82.172,10.99,2360,25.31,SU26221RMFS0
2023-08-04,82.01,11.03,2357,25.52,SU26221RMFS0
2023-08-07,81.904,11.05,2355,26.16,SU26221RMFS0
2023-08-08,81.717,11.09,2353,26.37,SU26221RMFS0
2023-08-09,81.495,11.13,2350,26.58,SU26221RMFS0
2023-08-10,81.414,11.15,2349,26.79,SU26221RMFS0
2023-08-11,81.239,11.19,2344,27.0,SU26221RMFS0
2023-08-14,80.106,11.43,2338,27.63,SU26221RMFS0
2023-08-15,80.876,11.27,2336,27.84,SU26221RMFS0
2023-08-16,81.399,11.16,2341,28.05,SU26221RMFS0
2023-08-17,81.688,11.1,2340,28.27,SU26221RMFS0
2023-08-18,82.3,10.98,2341,28.48,SU26221RMFS0
2023-08-21,81.69,11.1,2339,29.11,SU26221RMFS0
2023-08-22,81.507,11.14,2336,29.32,SU26221RMFS0
2023-08-23,81.29,11.19,2333,29.53,SU26221RMFS0
2023-08-24,80.919,11.26,2330,29.74,SU26221RMFS0
2023-08-25,80.831,11.28,2325,29.95,SU26221RMFS0
2023-08-28,80.573,11.34,2323,30.59,SU26221RMFS0
2023-08-29,80.487,11.36,2321,30.8,SU26221RMFS0
2023-08-30,80.581,11.34,2320,31.01,SU26221RMFS0
2023-08-31,80.526,11.35,2319,31.22,SU26221RMFS0
2023-09-01,80.44,11.37,2315,31.43,SU26221RMFS0
2023-09-04,80.39,11.38,2313,32.06,SU26221RMFS0
2023-09-05,80.14,11.44,2311,32.27,SU26221RMFS0
2023-09-06,79.6,11.55,2304,32.48,SU26221RMFS0
2023-09-07,79.041,11.67,2298,32.69,SU26221RMFS0
2023-09-08,78.22,11.85,2292,32.91,SU26221RMFS0
2023-09-11,78.38,11.82,2290,33.54,SU26221RMFS0
2023-09-12,79.471,11.58,2291,33.75,SU26221RMFS0
2023-09-13,79.128,11.66,2294,33.96,SU26221RMFS0
2023-09-14,78.921,11.7,2290,34.17,SU26221RMFS0
2023-09-15,79.79,11.52,2285,34.38,SU26221RMFS0
2023-09-18,79.55,11.57,2288,35.02,SU26221RMFS0
2023-09-19,79.005,11.69,2287,35.23,SU26221RMFS0
2023-09-20,78.74,11.75,2282,35.44,SU26221RMFS0
2023-09-21,78.618,11.77,2279,35.65,SU26221RMFS0
2023-09-22,78.923,11.71,2278,35.86,SU26221RMFS0
2023-09-25,78.54,11.8,2275,36.49,SU26221RMFS0
2023-09-26,78.375,11.83,2272,36.7,SU26221RMFS0
2023-09-27,78.15,11.88,2271,36.91,SU26221RMFS0
2023-09-28,77.55,12.02,2264,37.12,SU26221RMFS0
2023-09-29,77.501,12.03,2260,37.34,SU26221RMFS0
2023-10-02,76.989,12.14,2254,37.97,SU26221RMFS0
2023-10-03,77.232,12.09,2367,38.18,SU26221RMFS0
2023-10-04,76.99,12.15,2363,0.0,SU26221RMFS0
2023-10-05,76.818,12.19,2363,0.21,SU26221RMFS0
2023-10-06,76.5,12.26,2358,0.42,SU26221RMFS0
2023-10-09,76.223,12.32,2356,1.05,SU26221RMFS0
2023-10-10,76.14,12.34,2352,1.27,SU26221RMFS0
2023-10-11,76.95,12.16,2349,1.48,SU26221RMFS0
2023-10-12,76.929,12.17,2354,1.69,SU26221RMFS0
2023-10-13,77.058,12.14,2353,1.9,SU26221RMFS0
2023-10-16,76.995,12.15,2353,2.53,SU26221RMFS0
2023-10-17,76.915,12.17,2351,2.74,SU26221RMFS0
2023-10-18,76.556,12.25,2348,2.95,SU26221RMFS0
2023-10-19,76.525,12.26,2346,3.16,SU26221RMFS0
2023-10-20,76.555,12.26,2343,3.37,SU26221RMFS0
2023-10-23,76.456,12.28,2342,4.01,SU26221RMFS0
2023-10-24,76.37,12.3,2340,4.22,SU26221RMFS0
2023-10-25,76.55,12.26,2338,4.43,SU26221RMFS0
2023-10-26,76.265,12.33,2337,4.64,SU26221RMFS0
2023-10-27,76.155,12.35,2331,4.85,SU26221RMFS0
2023-10-30,75.821,12.43,2325,5.48,SU26221RMFS0
2023-10-31,75.323,12.55,2325,5.7,SU26221RMFS0
2023-11-01,76.198,12.35,2324,5.91,SU26221RMFS0
2023-11-02,77.163,12.13,2334,6.12,SU26221RMFS0
2023-11-03,78.195,11.9,2338,6.33,SU26221RMFS0
2023-11-06,78.457,11.84,2344,6.96,SU26221RMFS0
2023-11-07,77.803,11.99,2339,7.17,SU26221RMFS0
2023-11-08,77.907,11.97,2335,7.38,SU26221RMFS0
2023-11-09,79.112,11.7,2341,7.59,SU26221RMFS0
2023-11-10,79.356,11.65,2343,7.8,SU26221RMFS0
2023-11-13,78.241,11.9,2338,8.44,SU26221RMFS0
2023-11-14,78.1,11.93,2328,8.65,SU26221RMFS0
2023-11-15,78.8,11.77,2331,8.86,SU26221RMFS0
2023-11-16,78.603,11.82,2334,9.07,SU26221RMFS0
2023-11-17,78.6,11.82,2334,9.28,SU26221RMFS0
2023-11-20,78.82,11.77,2333,9.91,SU26221RMFS0
2023-11-21,78.7,11.8,2331,10.12,SU26221RMFS0
2023-11-22,78.911,11.75,2330,10.34,SU26221RMFS0
2023-11-23,79.182,11.7,2330,10.55,SU26221RMFS0
2023-11-24,78.77,11.79,2327,10.76,SU26221RMFS0
2023-11-27,78.887,11.76,2324,11.39,SU26221RMFS0
2023-11-28,78.915,11.76,2323,11.6,SU26221RMFS0
2023-11-29,78.99,11.74,2323,11.81,SU26221RMFS0
2023-11-30,78.694,11.81,2320,12.02,SU26221RMFS0
2023-12-01,78.204,11.92,2316,12.23,SU26221RMFS0
2023-12-04,77.817,12.01,2311,12.87,SU26221RMFS0
2023-12-05,77.699,12.03,2306,13.08,SU26221RMFS0
2023-12-06,77.374,12.11,2304,13.29,SU26221RMFS0
2023-12-07,77.494,12.08,2303,13.5,SU26221RMFS0
2023-12-08,77.657,12.05,2301,13.71,SU26221RMFS0
2023-12-11,76.62,12.28,2296,14.34,SU26221RMFS0
2023-12-12,76.687,12.27,2291,14.55,SU26221RMFS0
2023-12-13,76.593,12.29,2290,14.77,SU26221RMFS0
2023-12-14,76.552,12.3,2288,14.98,SU26221RMFS0
2023-12-15,77.021,12.2,2285,15.19,SU26221RMFS0
2023-12-18,77.798,12.02,2289,15.82,SU26221RMFS0
2023-12-19,78.164,11.94,2294,16.03,SU26221RMFS0
2023-12-20,78.853,11.79,2297,16.24,SU26221RMFS0
2023-12-21,78.854,11.79,2300,16.45,SU26221RMFS0
2023-12-22,79.109,11.74,2299,16.66,SU26221RMFS0
2023-12-25,78.829,11.8,2295,17.3,SU26221RMFS0
2023-12-26,78.599,11.85,2293,17.51,SU26221RMFS0
2023-12-27,78.453,11.88,2290,17.72,SU26221RMFS0
2023-12-28,78.45,11.88,2289,17.93,SU26221RMFS0
2023-12-29,78.821,11.81,2285,18.14,SU26221RMFS0
2024-01-03,78.622,11.85,2285,19.2,SU26221RMFS0
2024-01-04,78.755,11.82,2284,19.41,SU26221RMFS0
2024-01-05,78.561,11.87,2280,19.62,SU26221RMFS0
2024-01-08,78.327,11.92,2279,20.25,SU26221RMFS0
2024-01-09,77.887,12.02,2273,20.46,SU26221RMFS0
2024-01-10,77.961,12.0,2272,20.67,SU26221RMFS0
2024-01-11,77.66,12.07,2268,20.88,SU26221RMFS0
2024-01-12,77.14,12.19,2262,21.09,SU26221RMFS0
2024-01-15,77.483,12.12,2261,21.73,SU26221RMFS0
2024-01-16,77.6,12.09,2262,21.94,SU26221RMFS0
2024-01-17,78.18,11.96,2265,22.15,SU26221RMFS0
2024-01-18,78.5,11.89,2264,22.36,SU26221RMFS0
2024-01-19,78.399,11.91,2265,22.57,SU26221RMFS0
2024-01-22,78.487,11.9,2263,23.2,SU26221RMFS0
2024-01-23,78.117,11.98,2262,23.41,SU26221RMFS0
2024-01-24,78.435,11.91,2261,23.62,SU26221RMFS0
2024-01-25,78.419,11.91,2260,23.84,SU26221RMFS0
2024-01-26,78.611,11.87,2257,24.05,SU26221RMFS0
2024-01-29,78.315,11.94,2257,24.68,SU26221RMFS0
2024-01-30,78.2,11.97,2254,24.89,SU26221RMFS0
2024-01-31,78.415,11.92,2254,25.1,SU26221RMFS0
2024-02-01,78.1,11.99,2252,25.31,SU26221RMFS0
2024-02-02,78.0,12.02,2247,25.52,SU26221RMFS0
2024-02-05,77.975,12.02,2245,26.16,SU26221RMFS0
2024-02-06,77.963,12.03,2245,26.37,SU26221RMFS0
2024-02-07,78.099,12.0,2243,26.58,SU26221RMFS0
2024-02-08,77.594,12.11,2239,26.79,SU26221RMFS0
2024-02-09,77.434,12.15,2236,27.0,SU26221RMFS0
2024-02-12,77.748,12.08,2235,27.63,SU26221RMFS0
2024-02-13,77.61,12.11,2235,27.84,SU26221RMFS0
2024-02-14,77.68,12.1,2234,28.05,SU26221RMFS0
2024-02-15,77.552,12.13,2230,28.27,SU26221RMFS0
2024-02-16,77.249,12.2,2225,28.48,SU26221RMFS0
2024-02-19,77.0,12.26,2223,29.11,SU26221RMFS0
2024-02-20,76.9,12.28,2223,29.32,SU26221RMFS0
2024-02-21,76.801,12.31,2220,29.53,SU26221RMFS0
2024-02-22,76.887,12.29,2216,29.74,SU26221RMFS0
2024-02-26,76.831,12.3,2215,30.59,SU26221RMFS0
2024-02-27,76.959,12.28,2213,30.8,SU26221RMFS0
2024-02-28,76.909,12.29,2212,31.01,SU26221RMFS0
2024-02-29,76.661,12.35,2208,31.22,SU26221RMFS0
2024-03-01,76.5,12.39,2204,31.43,SU26221RMFS0
2024-03-04,75.867,12.54,2201,32.06,SU26221RMFS0
2024-03-05,75.7,12.58,2198,32.27,SU26221RMFS0
2024-03-06,75.48,12.63,2193,32.48,SU26221RMFS0
2024-03-07,75.15,12.71,2186,32.69,SU26221RMFS0
2024-03-11,75.098,12.73,2184,33.54,SU26221RMFS0
2024-03-12,74.71,12.82,2184,33.75,SU26221RMFS0
2024-03-13,74.802,12.8,2181,33.96,SU26221RMFS0
2024-03-14,74.1,12.97,2177,34.17,SU26221RMFS0
2024-03-15,73.86,13.04,2168,34.38,SU26221RMFS0
2024-03-18,73.342,13.17,2161,35.02,SU26221RMFS0
2024-03-19,73.287,13.18,2161,35.23,SU26221RMFS0
2024-03-20,72.9,13.28,2156,35.44,SU26221RMFS0
2024-03-21,73.435,13.15,2157,35.65,SU26221RMFS0
2024-03-22,73.254,13.19,2155,35.86,SU26221RMFS0
2024-03-25,73.476,13.14,2154,36.49,SU26221RMFS0
2024-03-26,73.026,13.25,2152,36.7,SU26221RMFS0
2024-03-27,73.536,13.13,2151,36.91,SU26221RMFS0
2024-03-28,73.5,13.14,2154,37.12,SU26221RMFS0
2024-03-29,73.147,13.23,2147,37.34,SU26221RMFS0
2024-04-01,72.73,13.34,2144,37.97,SU26221RMFS0
2024-04-02,72.616,13.37,2253,38.18,SU26221RMFS0
2024-04-03,72.602,13.37,2253,0.0,SU26221RMFS0
2024-04-04,72.6,13.37,2250,0.21,SU26221RMFS0
2024-04-05,72.364,13.44,2247,0.42,SU26221RMFS0
2024-04-08,72.199,13.48,2244,1.05,SU26221RMFS0
2024-04-09,72.199,13.48,2242,1.27,SU26221RMFS0
2024-04-10,72.249,13.47,2242,1.48,SU26221RMFS0
2024-04-11,72.067,13.51,2239,1.69,SU26221RMFS0
2024-04-12,72.125,13.5,2237,1.9,SU26221RMFS0
2024-04-15,72.165,13.49,2236,2.53,SU26221RMFS0
2024-04-16,72.0,13.54,2236,2.74,SU26221RMFS0
2024-04-17,72.341,13.45,2236,2.95,SU26221RMFS0
2024-04-18,72.499,13.41,2235,3.16,SU26221RMFS0
2024-04-19,73.246,13.23,2236,3.37,SU26221RMFS0
2024-04-22,72.997,13.29,2236,4.01,SU26221RMFS0
2024-04-23,72.619,13.39,2232,4.22,SU26221RMFS0
2024-04-24,72.619,13.39,2231,4.43,SU26221RMFS0
2024-04-25,72.44,13.43,2229,4.64,SU26221RMFS0
2024-04-26,71.891,13.58,2224,4.85,SU26221RMFS0
2024-04-27,71.711,13.62,2220,5.06,SU26221RMFS0
2024-04-29,71.911,13.57,2220,5.48,SU26221RMFS0
2024-04-30,71.799,13.6,2217,5.7,SU26221RMFS0
2024-05-02,71.501,13.68,2215,6.12,SU26221RMFS0
2024-05-03,71.398,13.71,2210,6.33,SU26221RMFS0
2024-05-06,71.38,13.72,2208,6.96,SU26221RMFS0
2024-05-07,71.307,13.74,2207,7.17,SU26221RMFS0
2024-05-08,71.258,13.75,2204,7.38,SU26221RMFS0
2024-05-10,71.44,13.71,2202,7.8,SU26221RMFS0
2024-05-13,70.791,13.88,2198,8.44,SU26221RMFS0
2024-05-14,70.148,14.05,2190,8.65,SU26221RMFS0
2024-05-15,70.503,13.96,2188,8.86,SU26221RMFS0
2024-05-16,70.333,14.01,2189,9.07,SU26221RMFS0
2024-05-17,70.155,14.06,2184,9.28,SU26221RMFS0
2024-05-20,69.899,14.13,2182,9.91,SU26221RMFS0
2024-05-21,69.448,14.25,2178,10.12,SU26221RMFS0
2024-05-22,69.395,14.27,2174,10.34,SU26221RMFS0
2024-05-23,68.48,14.52,2169,10.55,SU26221RMFS0
2024-05-24,68.009,14.65,2160,10.76,SU26221RMFS0
2024-05-27,67.266,14.87,2153,11.39,SU26221RMFS0
2024-05-28,67.781,14.72,2153,11.6,SU26221RMFS0
2024-05-29,67.605,14.77,2152,11.81,SU26221RMFS0
2024-05-30,66.997,14.95,2149,12.02,SU26221RMFS0
2024-05-31,66.319,15.15,2138,12.23,SU26221RMFS0
2024-06-03,66.678,15.04,2136,12.87,SU26221RMFS0
2024-06-04,67.499,14.81,2142,13.08,SU26221RMFS0
2024-06-05,67.672,14.76,2142,13.29,SU26221RMFS0
2024-06-06,67.641,14.77,2144,13.5,SU26221RMFS0
2024-06-07,67.625,14.78,2142,13.71,SU26221RMFS0
2024-06-10,66.893,14.99,2132,14.34,SU26221RMFS0
2024-06-11,66.823,15.02,2130,14.55,SU26221RMFS0
2024-06-13,66.511,15.11,2127,14.98,SU26221RMFS0
2024-06-14,66.741,15.05,2125,15.19,SU26221RMFS0
2024-06-17,65.616,15.38,2117,15.82,SU26221RMFS0
2024-06-18,65.335,15.46,2112,16.03,SU26221RMFS0
2024-06-19,65.307,15.47,2107,16.24,SU26221RMFS0
2024-06-20,64.692,15.66,2102,16.45,SU26221RMFS0
2024-06-21,65.325,15.47,2101,16.66,SU26221RMFS0
2024-06-24,65.294,15.48,2102,17.3,SU26221RMFS0
2024-06-25,65.72,15.36,2102,17.51,SU26221RMFS0
2024-06-26,66.001,15.28,2112,17.72,SU26221RMFS0
2024-06-27,66.553,15.12,2108,17.93,SU26221RMFS0
2024-06-28,66.183,15.23,2107,18.14,SU26221RMFS0
2024-07-01,66.443,15.16,2104,18.77,SU26221RMFS0
2024-07-02,66.102,15.26,2105,18.98,SU26221RMFS0
2024-07-03,66.434,15.16,2103,19.2,SU26221RMFS0
2024-07-04,65.906,15.32,2101,19.41,SU26221RMFS0
2024-07-05,65.58,15.42,2093,19.62,SU26221RMFS0
2024-07-08,65.4,15.47,2091,20.25,SU26221RMFS0
2024-07-09,65.57,15.43,2089,20.46,SU26221RMFS0
2024-07-10,65.0,15.6,2084,20.67,SU26221RMFS0
2024-07-11,65.129,15.56,2083,20.88,SU26221RMFS0
2024-07-12,64.835,15.65,2079,21.09,SU26221RMFS0
2024-07-15,64.4,15.79,2073,21.73,SU26221RMFS0
2024-07-16,63.8,15.98,2064,21.94,SU26221RMFS0
2024-07-17,63.665,16.02,2063,22.15,SU26221RMFS0
2024-07-18,64.804,15.67,2066,22.36,SU26221RMFS0
2024-07-19,64.879,15.65,2071,22.57,SU26221RMFS0
2024-07-22,65.282,15.53,2072,23.2,SU26221RMFS0
2024-07-23,64.462,15.78,2069,23.41,SU26221RMFS0
2024-07-24,64.65,15.73,2067,23.62,SU26221RMFS0
2024-07-25,65.207,15.56,2070,23.84,SU26221RMFS0
2024-07-26,64.1,15.9,2053,24.05,SU26221RMFS0
2024-07-29,63.502,16.09,2051,24.68,SU26221RMFS0
2024-07-30,64.309,15.84,2052,24.89,SU26221RMFS0
2024-07-31,65.467,15.49,2059,25.1,SU26221RMFS0
2024-08-01,65.564,15.47,2066,25.31,SU26221RMFS0
2024-08-02,65.5,15.49,2063,25.52,SU26221RMFS0
2024-08-05,65.133,15.6,2061,26.16,SU26221RMFS0
2024-08-06,65.849,15.39,2060,26.37,SU26221RMFS0
2024-08-07,66.316,15.25,2065,26.58,SU26221RMFS0
2024-08-08,67.349,14.95,2074,26.79,SU26221RMFS0
2024-08-09,67.317,14.97,2071,27.0,SU26221RMFS0
2024-08-12,66.948,15.08,2066,27.63,SU26221RMFS0
2024-08-13,67.14,15.02,2068,27.84,SU26221RMFS0
2024-08-14,66.685,15.16,2068,28.05,SU26221RMFS0
2024-08-15,65.0,15.66,2057,28.27,SU26221RMFS0
2024-08-16,65.57,15.49,2048,28.48,SU26221RMFS0
2024-08-19,64.906,15.7,2045,29.11,SU26221RMFS0
2024-08-20,64.98,15.68,2040,29.32,SU26221RMFS0
2024-08-21,64.497,15.83,2035,29.53,SU26221RMFS0
2024-08-22,64.325,15.88,2035,29.74,SU26221RMFS0
2024-08-23,63.394,16.18,2024,29.95,SU26221RMFS0
2024-08-26,63.9,16.02,2017,30.59,SU26221RMFS0
2024-08-27,63.659,16.1,2018,30.8,SU26221RMFS0
2024-08-28,63.599,16.12,2016,31.01,SU26221RMFS0
2024-08-29,63.467,16.16,2014,31.22,SU26221RMFS0
2024-08-30,62.75,16.4,2009,31.43,SU26221RMFS0
2024-09-02,62.255,16.56,2003,32.06,SU26221RMFS0
2024-09-03,62.565,16.46,2001,32.27,SU26221RMFS0
2024-09-04,64.3,15.91,2006,32.48,SU26221RMFS0
2024-09-05,64.214,15.94,2015,32.69,SU26221RMFS0
2024-09-06,64.712,15.79,2013,32.91,SU26221RMFS0
2024-09-09,64.735,15.79,2016,33.54,SU26221RMFS0
2024-09-10,63.937,16.04,2013,33.75,SU26221RMFS0
2024-09-11,63.725,16.11,2011,33.96,SU26221RMFS0
2024-09-12,63.56,16.16,2000,34.17,SU26221RMFS0
2024-09-13,63.361,16.23,1993,34.38,SU26221RMFS0
2024-09-16,63.396,16.22,1994,35.02,SU26221RMFS0
2024-09-17,62.859,16.39,1990,35.23,SU26221RMFS0
2024-09-18,62.709,16.44,1985,35.44,SU26221RMFS0
2024-09-19,62.613,16.48,1984,35.65,SU26221RMFS0
2024-09-20,62.658,16.47,1981,35.86,SU26221RMFS0
2024-09-23,62.553,16.51,1980,36.49,SU26221RMFS0
2024-09-24,62.803,16.43,1981,36.7,SU26221RMFS0
2024-09-25,63.203,16.3,1984,36.91,SU26221RMFS0
2024-09-26,62.924,16.39,1982,37.12,SU26221RMFS0
2024-09-27,62.587,16.51,1974,37.34,SU26221RMFS0
2024-09-30,62.5,16.54,1972,37.97,SU26221RMFS0
2024-10-01,62.998,16.38,2092,38.18,SU26221RMFS0
2024-10-02,62.283,16.61,2089,0.0,SU26221RMFS0
2024-10-03,61.729,16.8,2083,0.21,SU26221RMFS0
2024-10-04,61.51,16.88,2078,0.42,SU26221RMFS0
2024-10-07,61.003,17.05,2072,1.05,SU26221RMFS0
2024-10-08,60.839,17.1,2069,1.27,SU26221RMFS0
2024-10-09,60.63,17.18,2068,1.48,SU26221RMFS0
2024-10-10,61.462,16.9,2071,1.69,SU26221RMFS0
2024-10-11,61.354,16.94,2070,1.9,SU26221RMFS0
2024-10-14,61.484,16.9,2068,2.53,SU26221RMFS0
2024-10-15,61.657,16.84,2069,2.74,SU26221RMFS0
2024-10-16,61.729,16.82,2068,2.95,SU26221RMFS0
2024-10-17,61.41,16.93,2066,3.16,SU26221RMFS0
2024-10-18,61.252,16.99,2061,3.37,SU26221RMFS0
2024-10-21,61.279,16.98,2058,4.01,SU26221RMFS0
2024-10-22,61.15,17.02,2057,4.22,SU26221RMFS0
2024-10-23,61.396,16.94,2057,4.43,SU26221RMFS0
2024-10-24,60.983,17.08,2054,4.64,SU26221RMFS0
2024-10-25,60.266,17.34,2045,4.85,SU26221RMFS0
2024-10-28,59.413,17.63,2036,5.48,SU26221RMFS0
2024-10-29,59.297,17.68,2030,5.7,SU26221RMFS0
2024-10-30,59.368,17.65,2033,5.91,SU26221RMFS0
2024-10-31,58.739,17.88,2025,6.12,SU26221RMFS0
2024-11-01,58.766,17.87,2024,6.33,SU26221RMFS0
2024-11-02,58.75,17.88,2021,6.54,SU26221RMFS0
2024-11-05,58.85,17.85,2022,7.17,SU26221RMFS0
2024-11-06,59.69,17.55,2024,7.38,SU26221RMFS0
2024-11-07,61.239,17.02,2027,7.59,SU26221RMFS0
2024-11-08,61.25,17.03,2038,7.8,SU26221RMFS0
2024-11-11,61.602,16.91,2044,8.44,SU26221RMFS0
2024-11-12,61.934,16.8,2039,8.65,SU26221RMFS0
2024-11-13,61.909,16.81,2040,8.86,SU26221RMFS0
2024-11-14,62.3,16.68,2045,9.07,SU26221RMFS0
2024-11-15,62.544,16.61,2041,9.28,SU26221RMFS0
2024-11-18,61.89,16.83,2035,9.91,SU26221RMFS0
2024-11-19,60.78,17.2,2027,10.12,SU26221RMFS0
2024-11-20,60.801,17.2,2025,10.34,SU26221RMFS0
2024-11-21,61.008,17.13,2021,10.55,SU26221RMFS0
2024-11-22,61.03,17.13,2023,10.76,SU26221RMFS0
2024-11-25,60.608,17.27,2018,11.39,SU26221RMFS0
2024-11-26,60.5,17.31,2015,11.6,SU26221RMFS0
2024-11-27,60.389,17.35,2011,11.81,SU26221RMFS0
2024-11-28,60.409,17.35,2013,12.02,SU26221RMFS0
2024-11-29,60.441,17.34,2008,12.23,SU26221RMFS0
2024-12-02,60.769,17.23,2010,12.87,SU26221RMFS0
2024-12-03,60.745,17.24,2008,13.08,SU26221RMFS0
2024-12-04,60.325,17.39,2007,13.29,SU26221RMFS0
2024-12-05,60.58,17.3,2004,13.5,SU26221RMFS0
2024-12-06,60.986,17.17,2005,13.71,SU26221RMFS0
2024-12-09,61.051,17.15,2006,14.34,SU26221RMFS0
2024-12-10,61.085,17.14,2005,14.55,SU26221RMFS0
2024-12-11,61.019,17.17,2004,14.77,SU26221RMFS0
2024-12-12,60.665,17.29,2000,14.98,SU26221RMFS0
2024-12-13,60.576,17.33,1994,15.19,SU26221RMFS0
2024-12-16,59.65,17.65,1986,15.82,SU26221RMFS0
2024-12-17,59.68,17.64,1983,16.03,SU26221RMFS0
2024-12-18,60.104,17.5,1983,16.24,SU26221RMFS0
2024-12-19,60.173,17.48,1988,16.45,SU26221RMFS0
2024-12-20,63.649,16.32,2008,16.66,SU26221RMFS0
2024-12-23,66.014,15.58,2032,17.3,SU26221RMFS0
2024-12-24,65.386,15.77,2029,17.51,SU26221RMFS0
2024-12-25,64.651,16.0,2024,17.72,SU26221RMFS0
2024-12-26,64.467,16.06,2019,17.93,SU26221RMFS0
2024-12-27,64.439,16.07,2019,18.14,SU26221RMFS0
2024-12-28,64.407,16.09,2016,18.35,SU26221RMFS0
2024-12-30,64.526,16.06,2013,18.77,SU26221RMFS0
2025-01-03,64.21,16.16,2008,19.62,SU26221RMFS0
2025-01-06,64.599,16.04,2008,20.25,SU26221RMFS0
2025-01-08,64.407,16.11,2006,20.67,SU26221RMFS0
2025-01-09,63.992,16.24,2003,20.88,SU26221RMFS0
2025-01-10,63.939,16.26,1996,21.09,SU26221RMFS0
2025-01-13,63.999,16.25,1995,21.73,SU26221RMFS0
2025-01-14,63.985,16.25,1994,21.94,SU26221RMFS0
2025-01-15,63.652,16.36,1992,22.15,SU26221RMFS0
2025-01-16,63.628,16.37,1990,22.36,SU26221RMFS0
2025-01-17,63.61,16.38,1986,22.57,SU26221RMFS0
2025-01-20,63.722,16.35,1986,23.2,SU26221RMFS0
2025-01-21,63.5,16.42,1983,23.41,SU26221RMFS0
2025-01-22,63.399,16.46,1981,23.62,SU26221RMFS0
2025-01-23,63.412,16.46,1979,23.84,SU26221RMFS0
2025-01-24,63.289,16.5,1975,24.05,SU26221RMFS0
2025-01-27,62.687,16.7,1971,24.68,SU26221RMFS0
2025-01-28,62.595,16.74,1966,24.89,SU26221RMFS0
2025-01-29,62.596,16.74,1966,25.1,SU26221RMFS0
2025-01-30,62.469,16.78,1964,25.31,SU26221RMFS0
2025-01-31,62.045,16.93,1957,25.52,SU26221RMFS0
2025-02-03,61.625,17.08,1951,26.16,SU26221RMFS0
2025-02-04,61.136,17.25,1947,26.37,SU26221RMFS0
2025-02-05,62.291,16.86,1946,26.58,SU26221RMFS0
2025-02-06,61.77,17.03,1949,26.79,SU26221RMFS0
2025-02-07,62.391,16.83,1950,27.0,SU26221RMFS0
2025-02-10,61.887,17.0,1946,27.63,SU26221RMFS0
2025-02-11,61.998,16.97,1945,27.84,SU26221RMFS0
2025-02-12,64.456,16.16,1947,28.05,SU26221RMFS0
2025-02-13,65.2,15.93,1968,28.27,SU26221RMFS0
2025-02-14,63.679,16.42,1966,28.48,SU26221RMFS0
2025-02-17,64.14,16.27,1959,29.11,SU26221RMFS0
2025-02-18,63.865,16.36,1958,29.32,SU26221RMFS0
2025-02-19,64.421,16.19,1957,29.53,SU26221RMFS0
2025-02-20,64.966,16.02,1961,29.74,SU26221RMFS0
2025-02-21,65.028,16.0,1962,29.95,SU26221RMFS0
2025-02-24,64.901,16.04,1959,30.59,SU26221RMFS0
2025-02-25,65.649,15.81,1961,30.8,SU26221RMFS0
2025-02-26,65.064,16.0,1962,31.01,SU26221RMFS0
2025-02-27,65.471,15.87,1961,31.22,SU26221RMFS0
2025-02-28,65.497,15.87,1958,31.43,SU26221RMFS0
2025-03-03,65.539,15.86,1956,32.06,SU26221RMFS0
2025-03-04,66.59,15.53,1960,32.27,SU26221RMFS0
2025-03-05,66.799,15.47,1962,32.48,SU26221RMFS0
2025-03-06,67.091,15.38,1967,32.69,SU26221RMFS0
2025-03-07,67.654,15.22,1970,32.91,SU26221RMFS0
2025-03-10,67.675,15.22,1971,33.54,SU26221RMFS0
2025-03-11,67.381,15.31,1967,33.75,SU26221RMFS0
2025-03-12,68.031,15.11,1968,33.96,SU26221RMFS0
2025-03-13,67.908,15.15,1966,34.17,SU26221RMFS0
2025-03-14,68.482,14.99,1966,34.38,SU26221RMFS0
2025-03-17,68.666,14.93,1969,35.02,SU26221RMFS0
2025-03-18,68.724,14.92,1971,35.23,SU26221RMFS0
2025-03-19,69.113,14.81,1968,35.44,SU26221RMFS0
2025-03-20,68.931,14.86,1970,35.65,SU26221RMFS0
2025-03-21,68.418,15.02,1964,35.86,SU26221RMFS0
2025-03-24,67.6,15.27,1956,36.49,SU26221RMFS0
2025-03-25,67.83,15.2,1953,36.7,SU26221RMFS0
2025-03-26,67.198,15.39,1950,36.91,SU26221RMFS0
2025-03-27,66.904,15.48,1944,37.12,SU26221RMFS0
2025-03-28,66.633,15.57,1940,37.34,SU26221RMFS0
2025-03-31,66.355,15.66,1935,37.97,SU26221RMFS0
2025-04-01,66.302,15.68,2047,38.18,SU26221RMFS0
2025-04-02,66.1,15.74,2045,0.0,SU26221RMFS0
2025-04-03,65.66,15.88,2042,0.21,SU26221RMFS0
2025-04-04,65.004,16.1,2033,0.42,SU26221RMFS0
2025-04-07,64.181,16.37,2022,1.05,SU26221RMFS0
2025-04-08,64.29,16.33,2023,1.27,SU26221RMFS0
2025-04-09,64.6,16.23,2020,1.48,SU26221RMFS0
2025-04-10,64.602,16.24,2023,1.69,SU26221RMFS0
2025-04-11,65.75,15.87,2026,1.9,SU26221RMFS0
2025-04-14,65.609,15.92,2027,2.53,SU26221RMFS0
2025-04-15,65.5,15.96,2025,2.74,SU26221RMFS0
2025-04-16,65.743,15.88,2025,2.95,SU26221RMFS0
2025-04-17,66.17,15.75,2028,3.16,SU26221RMFS0
2025-04-18,65.53,15.96,2020,3.37,SU26221RMFS0
2025-04-21,65.891,15.84,2022,4.01,SU26221RMFS0
2025-04-22,66.198,15.75,2021,4.22,SU26221RMFS0
2025-04-23,66.0,15.81,2021,4.43,SU26221RMFS0
2025-04-24,66.191,15.75,2021,4.64,SU26221RMFS0
2025-04-25,66.352,15.71,2019,4.85,SU26221RMFS0
2025-04-28,66.021,15.81,2016,5.48,SU26221RMFS0
2025-04-29,65.45,16.0,2011,5.7,SU26221RMFS0
2025-04-30,65.713,15.92,2010,5.91,SU26221RMFS0
2025-05-02,65.241,16.07,2004,6.33,SU26221RMFS0
2025-05-05,64.898,16.19,2000,6.96,SU26221RMFS0
2025-05-06,65.016,16.15,1998,7.17,SU26221RMFS0
2025-05-07,65.693,15.94,2001,7.38,SU26221RMFS0
2025-05-08,66.002,15.84,2002,7.59,SU26221RMFS0
2025-05-12,66.125,15.81,2002,8.44,SU26221RMFS0
2025-05-13,65.525,16.0,1997,8.65,SU26221RMFS0
2025-05-14,65.052,16.15,1996,8.86,SU26221RMFS0
2025-05-15,65.465,16.02,1993,9.07,SU26221RMFS0
2025-05-16,65.773,15.93,1992,9.28,SU26221RMFS0
2025-05-19,65.952,15.88,1994,9.91,SU26221RMFS0
2025-05-20,65.942,15.88,1991,10.12,SU26221RMFS0
2025-05-21,65.828,15.92,1990,10.34,SU26221RMFS0
2025-05-22,66.04,15.85,1990,10.55,SU26221RMFS0
2025-05-23,66.032,15.86,1987,10.76,SU26221RMFS0
2025-05-26,65.526,16.02,1983,11.39,SU26221RMFS0
2025-05-27,65.559,16.02,1982,11.6,SU26221RMFS0
2025-05-28,66.049,15.86,1982,11.81,SU26221RMFS0
2025-05-29,66.33,15.77,1985,12.02,SU26221RMFS0
2025-05-30,66.921,15.6,1985,12.23,SU26221RMFS0
2025-06-02,67.31,15.48,1988,12.87,SU26221RMFS0
2025-06-03,68.28,15.18,1991,13.08,SU26221RMFS0
2025-06-04,68.874,15.0,1996,13.29,SU26221RMFS0
2025-06-05,68.42,15.14,1994,13.5,SU26221RMFS0
2025-06-06,67.677,15.37,1990,13.71,SU26221RMFS0
2025-06-09,67.809,15.34,1983,14.34,SU26221RMFS0
2025-06-10,68.409,15.15,1987,14.55,SU26221RMFS0
2025-06-11,68.51,15.13,1987,14.77,SU26221RMFS0
2025-06-13,68.46,15.15,1984,15.19,SU26221RMFS0
2025-06-16,68.23,15.22,1982,15.82,SU26221RMFS0
2025-06-17,68.163,15.24,1980,16.03,SU26221RMFS0
2025-06-18,68.633,15.1,1981,16.24,SU26221RMFS0
2025-06-19,69.125,14.96,1984,16.45,SU26221RMFS0
2025-06-20,69.234,14.93,1982,16.66,SU26221RMFS0
2025-06-23,68.601,15.12,1978,17.3,SU26221RMFS0
2025-06-24,68.745,15.08,1976,17.51,SU26221RMFS0
2025-06-25,69.159,14.96,1978,17.72,SU26221RMFS0
2025-06-26,69.549,14.84,1979,17.93,SU26221RMFS0
2025-06-27,69.673,14.81,1979,18.14,SU26221RMFS0
2025-06-30,70.315,14.62,1981,18.77,SU26221RMFS0
2025-07-01,70.293,14.63,1980,18.98,SU26221RMFS0
2025-07-02,70.654,14.53,1980,19.2,SU26221RMFS0
2025-07-03,70.439,14.59,1980,19.41,SU26221RMFS0
2025-07-04,70.562,14.56,1977,19.62,SU26221RMFS0
2025-07-07,70.266,14.65,1975,20.25,SU26221RMFS0
2025-07-08,70.262,14.65,1973,20.46,SU26221RMFS0
2025-07-09,70.245,14.66,1971,20.67,SU26221RMFS0
2025-07-10,70.358,14.63,1971,20.88,SU26221RMFS0
2025-07-11,70.053,14.72,1967,21.09,SU26221RMFS0
2025-07-14,70.678,14.54,1966,21.73,SU26221RMFS0
2025-07-15,71.098,14.42,1971,21.94,SU26221RMFS0
2025-07-16,71.903,14.19,1974,22.15,SU26221RMFS0
2025-07-17,71.945,14.18,1975,22.36,SU26221RMFS0
2025-07-18,72.317,14.08,1973,22.57,SU26221RMFS0
2025-07-21,72.33,14.08,1974,23.2,SU26221RMFS0
2025-07-22,72.121,14.14,1971,23.41,SU26221RMFS0
2025-07-23,72.328,14.08,1969,23.62,SU26221RMFS0
2025-07-24,72.341,14.08,1970,23.84,SU26221RMFS0
2025-07-25,72.743,13.97,1968,24.05,SU26221RMFS0
2025-07-28,72.857,13.94,1971,24.68,SU26221RMFS0
2025-07-29,72.666,14.0,1968,24.89,SU26221RMFS0
2025-07-30,72.943,13.92,1967,25.1,SU26221RMFS0
2025-07-31,73.017,13.9,1968,25.31,SU26221RMFS0
2025-08-01,73.006,13.91,1965,25.52,SU26221RMFS0
2025-08-04,72.665,14.01,1961,26.16,SU26221RMFS0
2025-08-05,72.795,13.97,1961,26.37,SU26221RMFS0
2025-08-06,73.083,13.89,1960,26.58,SU26221RMFS0
2025-08-07,73.22,13.86,1961,26.79,SU26221RMFS0
2025-08-08,73.829,13.69,1960,27.0,SU26221RMFS0
2025-08-11,73.878,13.68,1962,27.63,SU26221RMFS0
2025-08-12,73.84,13.69,1961,27.84,SU26221RMFS0
2025-08-13,73.83,13.7,1960,28.05,SU26221RMFS0
2025-08-14,73.885,13.68,1959,28.27,SU26221RMFS0
2025-08-15,74.178,13.61,1958,28.48,SU26221RMFS0
2025-08-18,74.279,13.58,1956,29.11,SU26221RMFS0
2025-08-19,74.24,13.6,1956,29.32,SU26221RMFS0
2025-08-20,73.657,13.76,1952,29.53,SU26221RMFS0
2025-08-21,73.169,13.9,1947,29.74,SU26221RMFS0
2025-08-22,73.388,13.84,1945,29.95,SU26221RMFS0
2025-08-25,73.343,13.85,1945,30.59,SU26221RMFS0
2025-08-26,73.336,13.86,1943,30.8,SU26221RMFS0
2025-08-27,73.0,13.95,1940,31.01,SU26221RMFS0
2025-08-28,72.707,14.04,1936,31.22,SU26221RMFS0
2025-08-29,72.547,14.09,1932,31.43,SU26221RMFS0
2025-09-01,72.821,14.01,1933,32.06,SU26221RMFS0
2025-09-02,72.995,13.97,1932,32.27,SU26221RMFS0
2025-09-03,74.024,13.68,1932,32.48,SU26221RMFS0
2025-09-04,74.362,13.59,1939,32.69,SU26221RMFS0
2025-09-05,74.563,13.54,1937,32.91,SU26221RMFS0
2025-09-08,74.734,13.49,1938,33.54,SU26221RMFS0
2025-09-09,74.18,13.65,1935,33.75,SU26221RMFS0
2025-09-10,73.586,13.81,1930,33.96,SU26221RMFS0
2025-09-11,73.7,13.78,1928,34.17,SU26221RMFS0
2025-09-12,72.656,14.08,1919,34.38,SU26221RMFS0
2025-09-15,72.4,14.16,1916,35.02,SU26221RMFS0
2025-09-16,71.996,14.28,1911,35.23,SU26221RMFS0
2025-09-17,72.5,14.13,1910,35.44,SU26221RMFS0
2025-09-18,71.671,14.37,1908,35.65,SU26221RMFS0
2025-09-19,70.949,14.59,1900,35.86,SU26221RMFS0
2025-09-22,70.935,14.6,1896,36.49,SU26221RMFS0
2025-09-23,70.345,14.78,1898,36.7,SU26221RMFS0
2025-09-24,70.728,14.66,1894,36.91,SU26221RMFS0
2025-09-25,70.21,14.82,1889,37.12,SU26221RMFS0
2025-09-26,70.218,14.82,1887,37.34,SU26221RMFS0
2025-09-29,69.599,15.01,1883,37.97,SU26221RMFS0
2025-09-30,69.356,15.09,1983,38.18,SU26221RMFS0
2025-10-01,69.582,15.02,1983,0.0,SU26221RMFS0
2025-10-02,69.341,15.1,1980,0.21,SU26221RMFS0
2025-10-03,69.373,15.09,1977,0.42,SU26221RMFS0
2025-10-06,69.579,15.03,1977,1.05,SU26221RMFS0
2025-10-07,69.678,15.0,1977,1.27,SU26221RMFS0
2025-10-08,68.571,15.34,1970,1.48,SU26221RMFS0
2025-10-09,69.042,15.2,1967,1.69,SU26221RMFS0
2025-10-10,68.932,15.24,1966,1.9,SU26221RMFS0
2025-10-13,68.789,15.29,1966,2.53,SU26221RMFS0
2025-10-14,68.573,15.36,1963,2.74,SU26221RMFS0
2025-10-15,68.742,15.3,1963,2.95,SU26221RMFS0
2025-10-16,71.21,14.56,1968,3.16,SU26221RMFS0
2025-10-17,70.891,14.66,1969,3.37,SU26221RMFS0
2025-10-20,70.157,14.88,1967,4.01,SU26221RMFS0
2025-10-21,69.758,15.0,1963,4.22,SU26221RMFS0
2025-10-22,69.469,15.09,1961,4.43,SU26221RMFS0
2025-10-23,69.586,15.06,1957,4.64,SU26221RMFS0
2025-10-24,69.494,15.09,1957,4.85,SU26221RMFS0
2025-10-27,68.6,15.37,1950,5.48,SU26221RMFS0
2025-10-28,69.092,15.22,1951,5.7,SU26221RMFS0
2025-10-29,69.698,15.04,1951,5.91,SU26221RMFS0
2025-10-30,70.215,14.88,1955,6.12,SU26221RMFS0
2025-10-31,69.887,14.98,1954,6.33,SU26221RMFS0
2025-11-01,70.093,14.92,1952,6.54,SU26221RMFS0
2025-11-03,70.373,14.84,1952,6.96,SU26221RMFS0
2025-11-05,70.32,14.86,1951,7.38,SU26221RMFS0
2025-11-06,70.102,14.93,1949,7.59,SU26221RMFS0
2025-11-07,70.588,14.78,1947,7.8,SU26221RMFS0
2025-11-10,70.74,14.74,1948,8.44,SU26221RMFS0
2025-11-11,71.111,14.63,1948,8.65,SU26221RMFS0
2025-11-12,71.326,14.57,1949,8.86,SU26221RMFS0
2025-11-13,71.213,14.6,1947,9.07,SU26221RMFS0
2025-11-14,71.115,14.64,1944,9.28,SU26221RMFS0
2025-11-17,70.932,14.7,1943,9.91,SU26221RMFS0
2025-11-18,70.94,14.69,1943,10.12,SU26221RMFS0
2025-11-19,71.093,14.65,1941,10.34,SU26221RMFS0
2025-11-20,71.14,14.64,1941,10.55,SU26221RMFS0
2025-11-21,71.285,14.6,1937,10.76,SU26221RMFS0
2025-11-24,71.232,14.62,1936,11.39,SU26221RMFS0
2025-11-25,70.913,14.72,1934,11.6,SU26221RMFS0
2025-11-26,70.8,14.75,1932,11.81,SU26221RMFS0
2025-11-27,70.616,14.81,1930,12.02,SU26221RMFS0
2025-11-28,70.85,14.74,1927,12.23,SU26221RMFS0
2025-12-01,70.897,14.73,1925,12.87,SU26221RMFS0
2025-12-02,70.789,14.77,1925,13.08,SU26221RMFS0
2025-12-03,71.02,14.7,1924,13.29,SU26221RMFS0
2025-12-04,71.425,14.58,1927,13.5,SU26221RMFS0
2025-12-05,71.885,14.45,1928,13.71,SU26221RMFS0
2025-12-08,71.762,14.49,1925,14.34,SU26221RMFS0
2025-12-09,71.828,14.47,1924,14.55,SU26221RMFS0
2025-12-10,72.2,14.36,1923,14.77,SU26221RMFS0
2025-12-11,72.45,14.29,1926,14.98,SU26221RMFS0
2025-12-12,72.536,14.27,1924,15.19,SU26221RMFS0
2025-12-15,72.62,14.25,1923,15.82,SU26221RMFS0
2025-12-16,72.478,14.29,1922,16.03,SU26221RMFS0
2025-12-17,72.938,14.16,1921,16.24,SU26221RMFS0
2025-12-18,72.808,14.2,1922,16.45,SU26221RMFS0
2025-12-19,72.368,14.33,1918,16.66,SU26221RMFS0
2025-12-22,71.856,14.48,1912,17.3,SU26221RMFS0
2025-12-23,72.133,14.4,1911,17.51,SU26221RMFS0
2025-12-24,71.78,14.51,1910,17.72,SU26221RMFS0
2025-12-25,71.297,14.66,1904,17.93,SU26221RMFS0
2025-12-26,71.35,14.65,1903,18.14,SU26221RMFS0
2025-12-29,71.642,14.56,1901,18.77,SU26221RMFS0
2025-12-30,72.031,14.46,1899,18.98,SU26221RMFS0
2021-01-04,120.167,6.01,2713,22.35,SU26218RMFS6
2021-01-05,120.227,6.01,2713,22.59,SU26218RMFS6
2021-01-06,120.339,5.99,2712,22.82,SU26218RMFS6
2021-01-08,120.25,6.0,2709,23.29,SU26218RMFS6
2021-01-11,119.744,6.06,2706,23.98,SU26218RMFS6
2021-01-12,119.841,6.05,2702,24.22,SU26218RMFS6
2021-01-13,119.36,6.1,2700,24.45,SU26218RMFS6
2021-01-14,119.0,6.15,2699,24.68,SU26218RMFS6
2021-01-15,118.439,6.21,2692,24.92,SU26218RMFS6
2021-01-18,118.435,6.21,2689,25.61,SU26218RMFS6
2021-01-19,118.65,6.19,2688,25.85,SU26218RMFS6
2021-01-20,118.599,6.19,2689,26.08,SU26218RMFS6
2021-01-21,118.289,6.23,2686,26.31,SU26218RMFS6
2021-01-22,117.24,6.35,2679,26.55,SU26218RMFS6
2021-01-25,117.398,6.33,2677,27.24,SU26218RMFS6
2021-01-26,117.49,6.32,2675,27.48,SU26218RMFS6
2021-01-27,117.15,6.36,2673,27.71,SU26218RMFS6
2021-01-28,117.185,6.36,2671,27.94,SU26218RMFS6
2021-01-29,117.198,6.36,2672,28.18,SU26218RMFS6
2021-02-01,117.164,6.36,2669,28.87,SU26218RMFS6
2021-02-02,117.0,6.38,2667,29.11,SU26218RMFS6
2021-02-03,116.79,6.4,2664,29.34,SU26218RMFS6
2021-02-04,116.77,6.41,2664,29.57,SU26218RMFS6
2021-02-05,117.44,6.32,2665,29.81,SU26218RMFS6
2021-02-08,117.5,6.32,2665,30.5,SU26218RMFS6
2021-02-09,116.9,6.39,2661,30.74,SU26218RMFS6
2021-02-10,116.655,6.42,2657,30.97,SU26218RMFS6
2021-02-11,116.094,6.49,2652,31.2,SU26218RMFS6
2021-02-12,115.35,6.58,2647,31.44,SU26218RMFS6
2021-02-15,114.69,6.66,2642,32.13,SU26218RMFS6
2021-02-16,113.998,6.75,2639,32.37,SU26218RMFS6
2021-02-17,114.48,6.69,2635,32.6,SU26218RMFS6
2021-02-18,114.3,6.71,2637,32.83,SU26218RMFS6
2021-02-19,113.902,6.76,2633,33.07,SU26218RMFS6
2021-02-20,114.109,6.73,2631,33.3,SU26218RMFS6
2021-02-22,113.911,6.76,2629,33.76,SU26218RMFS6
2021-02-24,113.91,6.76,2628,34.23,SU26218RMFS6
2021-02-25,113.57,6.8,2624,34.46,SU26218RMFS6
2021-02-26,112.968,6.87,2619,34.7,SU26218RMFS6
2021-03-01,113.062,6.86,2618,35.39,SU26218RMFS6
2021-03-02,113.699,6.78,2616,35.63,SU26218RMFS6
2021-03-03,114.3,6.7,2622,35.86,SU26218RMFS6
2021-03-04,114.801,6.64,2625,36.09,SU26218RMFS6
2021-03-05,114.16,6.72,2621,36.33,SU26218RMFS6
2021-03-09,113.997,6.74,2614,37.26,SU26218RMFS6
2021-03-10,113.839,6.76,2612,37.49,SU26218RMFS6
2021-03-11,113.301,6.83,2609,37.72,SU26218RMFS6
2021-03-12,113.0,6.87,2605,37.96,SU26218RMFS6
2021-03-15,112.8,6.89,2602,38.65,SU26218RMFS6
2021-03-16,112.731,6.9,2600,38.89,SU26218RMFS6
2021-03-17,112.1,6.98,2596,39.12,SU26218RMFS6
2021-03-18,111.588,7.05,2594,39.35,SU26218RMFS6
2021-03-19,111.098,7.11,2586,39.59,SU26218RMFS6
2021-03-22,110.6,7.18,2582,40.28,SU26218RMFS6
2021-03-23,109.77,7.29,2570,40.52,SU26218RMFS6
2021-03-24,110.147,7.24,2576,40.75,SU26218RMFS6
2021-03-25,110.751,7.16,2578,40.98,SU26218RMFS6
2021-03-26,111.697,7.03,2582,41.22,SU26218RMFS6
2021-03-29,111.799,7.02,2580,41.91,SU26218RMFS6
2021-03-30,110.999,7.12,2576,42.15,SU26218RMFS6
2021-03-31,111.32,7.08,2673,0.0,SU26218RMFS6
2021-04-01,110.903,7.13,2670,0.23,SU26218RMFS6
2021-04-02,110.9,7.13,2671,0.47,SU26218RMFS6
2021-04-05,110.869,7.14,2666,1.16,SU26218RMFS6
2021-04-06,109.95,7.26,2664,1.4,SU26218RMFS6
2021-04-07,109.756,7.29,2658,1.63,SU26218RMFS6
2021-04-08,109.6,7.31,2656,1.86,SU26218RMFS6
2021-04-09,109.39,7.33,2653,2.1,SU26218RMFS6
2021-04-12,109.599,7.31,2652,2.79,SU26218RMFS6
2021-04-13,109.6,7.3,2651,3.03,SU26218RMFS6
2021-04-14,110.995,7.12,2658,3.26,SU26218RMFS6
2021-04-15,110.696,7.16,2651,3.49,SU26218RMFS6
2021-04-16,111.4,7.06,2659,3.73,SU26218RMFS6
2021-04-19,110.999,7.12,2653,4.42,SU26218RMFS6
2021-04-20,110.889,7.13,2652,4.66,SU26218RMFS6
2021-04-21,111.011,7.11,2652,4.89,SU26218RMFS6
2021-04-22,111.648,7.03,2653,5.12,SU26218RMFS6
2021-04-23,111.728,7.02,2654,5.36,SU26218RMFS6
2021-04-26,111.794,7.01,2652,6.05,SU26218RMFS6
2021-04-27,111.4,7.06,2649,6.29,SU26218RMFS6
2021-04-28,111.2,7.09,2646,6.52,SU26218RMFS6
2021-04-29,111.38,7.06,2646,6.75,SU26218RMFS6
2021-04-30,111.15,7.09,2643,6.99,SU26218RMFS6
2021-05-04,111.3,7.07,2640,7.92,SU26218RMFS6
2021-05-05,111.39,7.06,2640,8.15,SU26218RMFS6
2021-05-06,111.447,7.05,2639,8.38,SU26218RMFS6
2021-05-07,111.586,7.03,2638,8.62,SU26218RMFS6
2021-05-10,111.649,7.02,2635,9.31,SU26218RMFS6
2021-05-11,111.149,7.09,2633,9.55,SU26218RMFS6
2021-05-12,110.587,7.16,2630,9.78,SU26218RMFS6
2021-05-13,110.399,7.19,2626,10.01,SU26218RMFS6
2021-05-14,110.7,7.15,2626,10.25,SU26218RMFS6
2021-05-17,110.617,7.16,2624,10.94,SU26218RMFS6
2021-05-18,110.812,7.13,2623,11.18,SU26218RMFS6
2021-05-19,110.575,7.16,2621,11.41,SU26218RMFS6
2021-05-20,110.79,7.14,2621,11.64,SU26218RMFS6
2021-05-21,110.695,7.15,2620,11.88,SU26218RMFS6
2021-05-24,110.679,7.15,2617,12.57,SU26218RMFS6
2021-05-25,110.548,7.17,2616,12.81,SU26218RMFS6
2021-05-26,110.549,7.17,2614,13.04,SU26218RMFS6
2021-05-27,110.62,7.16,2613,13.27,SU26218RMFS6
2021-05-28,110.553,7.16,2613,13.51,SU26218RMFS6
2021-05-31,110.463,7.18,2608,14.2,SU26218RMFS6
2021-06-01,110.371,7.19,2606,14.44,SU26218RMFS6
2021-06-02,110.445,7.18,2605,14.67,SU26218RMFS6
2021-06-03,110.147,7.22,2604,14.9,SU26218RMFS6
2021-06-04,110.0,7.24,2601,15.14,SU26218RMFS6
2021-06-07,109.761,7.27,2597,15.83,SU26218RMFS6
2021-06-08,109.429,7.31,2595,16.07,SU26218RMFS6
2021-06-09,109.4,7.32,2593,16.3,SU26218RMFS6
2021-06-10,109.899,7.25,2594,16.53,SU26218RMFS6
2021-06-11,110.304,7.19,2597,16.77,SU26218RMFS6
2021-06-14,110.348,7.19,2594,17.46,SU26218RMFS6
2021-06-15,110.11,7.22,2592,17.7,SU26218RMFS6
2021-06-16,109.988,7.24,2590,17.93,SU26218RMFS6
2021-06-17,110.3,7.19,2591,18.16,SU26218RMFS6
2021-06-18,110.898,7.11,2593,18.4,SU26218RMFS6
2021-06-21,110.74,7.13,2589,19.09,SU26218RMFS6
2021-06-22,110.489,7.17,2587,19.33,SU26218RMFS6
2021-06-23,110.65,7.14,2587,19.56,SU26218RMFS6
2021-06-24,110.873,7.11,2587,19.79,SU26218RMFS6
2021-06-25,110.7,7.14,2585,20.03,SU26218RMFS6
2021-06-28,110.5,7.16,2582,20.72,SU26218RMFS6
2021-06-29,110.2,7.2,2579,20.96,SU26218RMFS6
2021-06-30,110.399,7.18,2578,21.19,SU26218RMFS6
2021-07-01,110.48,7.17,2577,21.42,SU26218RMFS6
2021-07-02,110.474,7.17,2577,21.66,SU26218RMFS6
2021-07-05,110.499,7.16,2575,22.35,SU26218RMFS6
2021-07-06,110.362,7.18,2573,22.59,SU26218RMFS6
2021-07-07,110.377,7.18,2571,22.82,SU26218RMFS6
2021-07-08,110.19,7.2,2570,23.05,SU26218RMFS6
2021-07-09,110.35,7.18,2569,23.29,SU26218RMFS6
2021-07-12,110.188,7.2,2565,23.98,SU26218RMFS6
2021-07-13,110.198,7.2,2565,24.22,SU26218RMFS6
2021-07-14,110.12,7.21,2563,24.45,SU26218RMFS6
2021-07-15,110.25,7.19,2563,24.68,SU26218RMFS6
2021-07-16,110.243,7.19,2561,24.92,SU26218RMFS6
2021-07-19,110.0,7.23,2557,25.61,SU26218RMFS6
2021-07-20,110.509,7.16,2557,25.85,SU26218RMFS6
2021-07-21,110.92,7.1,2559,26.08,SU26218RMFS6
2021-07-22,111.551,7.02,2562,26.31,SU26218RMFS6
2021-07-23,111.751,6.99,2564,26.55,SU26218RMFS6
2021-07-26,111.899,6.97,2561,27.24,SU26218RMFS6
2021-07-27,112.299,6.92,2562,27.48,SU26218RMFS6
2021-07-28,112.052,6.95,2562,27.71,SU26218RMFS6
2021-07-29,112.348,6.91,2561,27.94,SU26218RMFS6
2021-07-30,112.547,6.88,2561,28.18,SU26218RMFS6
2021-08-02,112.12,6.94,2557,28.87,SU26218RMFS6
2021-08-03,111.999,6.95,2555,29.11,SU26218RMFS6
2021-08-04,111.797,6.98,2553,29.34,SU26218RMFS6
2021-08-05,111.899,6.97,2553,29.57,SU26218RMFS6
2021-08-06,111.997,6.95,2551,29.81,SU26218RMFS6
2021-08-09,111.4,7.03,2546,30.5,SU26218RMFS6
2021-08-10,111.452,7.02,2545,30.74,SU26218RMFS6
2021-08-11,111.467,7.02,2543,30.97,SU26218RMFS6
2021-08-12,111.277,7.05,2543,31.2,SU26218RMFS6
2021-08-13,111.561,7.01,2542,31.44,SU26218RMFS6
2021-08-16,112.066,6.94,2543,32.13,SU26218RMFS6
2021-08-17,112.321,6.91,2543,32.37,SU26218RMFS6
2021-08-18,112.071,6.94,2542,32.6,SU26218RMFS6
2021-08-19,111.851,6.97,2540,32.83,SU26218RMFS6
2021-08-20,111.998,6.95,2537,33.07,SU26218RMFS6
2021-08-23,111.562,7.01,2533,33.76,SU26218RMFS6
2021-08-24,111.5,7.01,2531,34.0,SU26218RMFS6
2021-08-25,111.37,7.03,2530,34.23,SU26218RMFS6
2021-08-26,111.289,7.04,2527,34.46,SU26218RMFS6
2021-08-27,111.418,7.02,2527,34.7,SU26218RMFS6
2021-08-30,111.328,7.04,2525,35.39,SU26218RMFS6
2021-08-31,111.739,6.98,2524,35.63,SU26218RMFS6
2021-09-01,111.68,6.99,2524,35.86,SU26218RMFS6
2021-09-02,111.227,7.05,2521,36.09,SU26218RMFS6
2021-09-03,111.371,7.03,2521,36.33,SU26218RMFS6
2021-09-06,111.495,7.01,2518,37.02,SU26218RMFS6
2021-09-07,111.349,7.03,2516,37.26,SU26218RMFS6
2021-09-08,111.449,7.02,2515,37.49,SU26218RMFS6
2021-09-09,111.3,7.04,2513,37.72,SU26218RMFS6
2021-09-10,111.476,7.01,2515,37.96,SU26218RMFS6
2021-09-13,111.52,7.01,2512,38.65,SU26218RMFS6
2021-09-14,111.329,7.03,2510,38.89,SU26218RMFS6
2021-09-15,111.2,7.05,2507,39.12,SU26218RMFS6
2021-09-16,111.02,7.07,2506,39.35,SU26218RMFS6
2021-09-17,110.996,7.08,2505,39.59,SU26218RMFS6
2021-09-20,110.398,7.16,2499,40.28,SU26218RMFS6
2021-09-21,110.4,7.16,2497,40.52,SU26218RMFS6
2021-09-22,110.477,7.15,2495,40.75,SU26218RMFS6
2021-09-23,110.019,7.21,2492,40.98,SU26218RMFS6
2021-09-24,109.489,7.28,2489,41.22,SU26218RMFS6
2021-09-27,109.509,7.28,2483,41.91,SU26218RMFS6
2021-09-28,109.49,7.28,2484,42.15,SU26218RMFS6
2021-09-29,109.401,7.29,2580,0.0,SU26218RMFS6
2021-09-30,109.4,7.29,2577,0.23,SU26218RMFS6
2021-10-01,109.206,7.32,2575,0.47,SU26218RMFS6
2021-10-04,108.509,7.42,2569,1.16,SU26218RMFS6
2021-10-05,107.754,7.52,2565,1.4,SU26218RMFS6
2021-10-06,107.581,7.55,2561,1.63,SU26218RMFS6
2021-10-07,108.429,7.43,2563,1.86,SU26218RMFS6
2021-10-08,108.789,7.37,2565,2.1,SU26218RMFS6
2021-10-11,108.5,7.41,2562,2.79,SU26218RMFS6
2021-10-12,108.108,7.47,2560,3.03,SU26218RMFS6
2021-10-13,108.558,7.41,2560,3.26,SU26218RMFS6
2021-10-14,108.699,7.39,2560,3.49,SU26218RMFS6
2021-10-15,108.6,7.4,2560,3.73,SU26218RMFS6
2021-10-18,108.037,7.48,2553,4.42,SU26218RMFS6
2021-10-19,108.05,7.48,2552,4.66,SU26218RMFS6
2021-10-20,107.887,7.5,2550,4.89,SU26218RMFS6
2021-10-21,107.476,7.56,2546,5.12,SU26218RMFS6
2021-10-22,105.858,7.79,2537,5.36,SU26218RMFS6
2021-10-25,104.7,7.96,2527,6.05,SU26218RMFS6
2021-10-26,104.261,8.03,2524,6.29,SU26218RMFS6
2021-10-27,104.753,7.95,2523,6.52,SU26218RMFS6
2021-10-28,103.17,8.19,2515,6.75,SU26218RMFS6
2021-10-29,103.388,8.16,2516,6.99,SU26218RMFS6
2021-11-01,102.39,8.31,2507,7.68,SU26218RMFS6
2021-11-02,102.56,8.28,2505,7.92,SU26218RMFS6
2021-11-03,102.451,8.3,2506,8.15,SU26218RMFS6
2021-11-05,102.501,8.29,2504,8.62,SU26218RMFS6
2021-11-08,103.126,8.19,2502,9.31,SU26218RMFS6
2021-11-09,103.799,8.09,2506,9.55,SU26218RMFS6
2021-11-10,104.697,7.96,2509,9.78,SU26218RMFS6
2021-11-11,104.4,8.0,2508,10.01,SU26218RMFS6
2021-11-12,104.0,8.06,2504,10.25,SU26218RMFS6
2021-11-15,103.228,8.18,2497,10.94,SU26218RMFS6
2021-11-16,102.81,8.24,2495,11.18,SU26218RMFS6
2021-11-17,102.92,8.22,2494,11.41,SU26218RMFS6
2021-11-18,102.499,8.29,2490,11.64,SU26218RMFS6
2021-11-19,102.037,8.36,2490,11.88,SU26218RMFS6
2021-11-22,100.77,8.56,2477,12.57,SU26218RMFS6
2021-11-23,101.042,8.51,2471,12.81,SU26218RMFS6
2021-11-24,101.236,8.48,2475,13.04,SU26218RMFS6
2021-11-25,101.858,8.39,2478,13.27,SU26218RMFS6
2021-11-26,101.798,8.4,2475,13.51,SU26218RMFS6
2021-11-29,102.075,8.35,2476,14.2,SU26218RMFS6
2021-11-30,101.829,8.39,2476,14.44,SU26218RMFS6
2021-12-01,101.68,8.41,2475,14.67,SU26218RMFS6
2021-12-02,102.021,8.36,2470,14.9,SU26218RMFS6
2021-12-03,101.997,8.36,2471,15.14,SU26218RMFS6
2021-12-06,100.665,8.57,2463,15.83,SU26218RMFS6
2021-12-07,100.947,8.53,2459,16.07,SU26218RMFS6
2021-12-08,100.883,8.54,2460,16.3,SU26218RMFS6
2021-12-09,101.099,8.5,2459,16.53,SU26218RMFS6
2021-12-10,101.016,8.52,2458,16.77,SU26218RMFS6
2021-12-13,100.786,8.55,2455,17.46,SU26218RMFS6
2021-12-14,100.54,8.59,2451,17.7,SU26218RMFS6
2021-12-15,100.759,8.56,2451,17.93,SU26218RMFS6
2021-12-16,100.959,8.53,2453,18.16,SU26218RMFS6
2021-12-17,101.7,8.41,2452,18.4,SU26218RMFS6
2021-12-20,101.627,8.42,2453,19.09,SU26218RMFS6
2021-12-21,101.3,8.47,2451,19.33,SU26218RMFS6
2021-12-22,101.551,8.43,2451,19.56,SU26218RMFS6
2021-12-23,101.705,8.41,2450,19.79,SU26218RMFS6
2021-12-24,101.75,8.4,2449,20.03,SU26218RMFS6
2021-12-27,101.809,8.39,2447,20.72,SU26218RMFS6
2021-12-28,101.788,8.4,2445,20.96,SU26218RMFS6
2021-12-29,101.717,8.41,2444,21.19,SU26218RMFS6
2021-12-30,101.907,8.38,2443,21.42,SU26218RMFS6
2022-01-03,101.901,8.38,2441,22.35,SU26218RMFS6
2022-01-04,102.14,8.34,2441,22.59,SU26218RMFS6
2022-01-05,101.769,8.4,2440,22.82,SU26218RMFS6
2022-01-06,101.51,8.44,2436,23.05,SU26218RMFS6
2022-01-07,,8.44,2435,23.29,SU26218RMFS6
2022-01-10,100.692,8.57,2427,23.98,SU26218RMFS6
2022-01-11,100.1,8.66,2422,24.22,SU26218RMFS6
2022-01-12,99.7,8.73,2419,24.45,SU26218RMFS6
2022-01-13,97.6,9.07,2409,24.68,SU26218RMFS6
2022-01-14,96.59,9.24,2399,24.92,SU26218RMFS6
2022-01-17,95.714,9.38,2386,25.61,SU26218RMFS6
2022-01-18,95.626,9.4,2382,25.85,SU26218RMFS6
2022-01-19,96.46,9.26,2387,26.08,SU26218RMFS6
2022-01-20,95.7,9.39,2386,26.31,SU26218RMFS6
2022-01-21,95.69,9.39,2383,26.55,SU26218RMFS6
2022-01-24,93.96,9.69,2368,27.24,SU26218RMFS6
2022-01-25,93.948,9.69,2367,27.48,SU26218RMFS6
2022-01-26,93.35,9.8,2365,27.71,SU26218RMFS6
2022-01-27,94.975,9.51,2368,27.94,SU26218RMFS6
2022-01-28,95.15,9.48,2371,28.18,SU26218RMFS6
2022-01-31,95.45,9.43,2370,28.87,SU26218RMFS6
2022-02-01,95.39,9.44,2371,29.11,SU26218RMFS6
2022-02-02,95.779,9.38,2374,29.34,SU26218RMFS6
2022-02-03,95.627,9.4,2369,29.57,SU26218RMFS6
2022-02-04,95.8,9.37,2370,29.81,SU26218RMFS6
2022-02-07,95.874,9.36,2367,30.5,SU26218RMFS6
2022-02-08,95.899,9.36,2366,30.74,SU26218RMFS6
2022-02-09,96.036,9.33,2365,30.97,SU26218RMFS6
2022-02-10,95.745,9.38,2362,31.2,SU26218RMFS6
2022-02-11,93.281,9.81,2355,31.44,SU26218RMFS6
2022-02-14,91.996,10.04,2331,32.13,SU26218RMFS6
2022-02-15,93.799,9.72,2342,32.37,SU26218RMFS6
2022-02-16,94.6,9.58,2349,32.6,SU26218RMFS6
2022-02-17,93.994,9.69,2344,32.83,SU26218RMFS6
2022-02-18,93.0,9.86,2343,33.07,SU26218RMFS6
2022-02-21,89.317,10.54,2310,33.76,SU26218RMFS6
2022-02-22,87.84,10.82,2305,34.0,SU26218RMFS6
2022-02-23,,10.82,2297,34.23,SU26218RMFS6
2022-02-24,79.398,12.58,2227,34.46,SU26218RMFS6
2022-02-25,82.0,12.01,2206,34.7,SU26218RMFS6
2022-02-28,,12.01,2201,35.39,SU26218RMFS6
2022-03-01,,12.01,2219,35.63,SU26218RMFS6
2022-03-02,,12.01,2218,35.86,SU26218RMFS6
2022-03-03,,12.02,2217,36.09,SU26218RMFS6
2022-03-04,,12.02,2216,36.33,SU26218RMFS6
2022-03-09,,12.02,2211,37.49,SU26218RMFS6
2022-03-10,,12.02,2210,37.72,SU26218RMFS6
2022-03-11,,12.02,2209,37.96,SU26218RMFS6
2022-03-14,,12.02,2206,38.65,SU26218RMFS6
2022-03-15,,12.02,2205,38.89,SU26218RMFS6
2022-03-16,,12.02,2204,39.12,SU26218RMFS6
2022-03-17,,12.03,2203,39.35,SU26218RMFS6
2022-03-18,,12.03,2201,39.59,SU26218RMFS6
2022-03-21,73.18,14.08,2148,40.28,SU26218RMFS6
2022-03-22,74.949,13.64,2149,40.52,SU26218RMFS6
2022-03-23,74.119,13.85,2143,40.75,SU26218RMFS6
2022-03-24,74.9,13.65,2148,40.98,SU26218RMFS6
2022-03-25,75.1,13.61,2150,41.22,SU26218RMFS6
2022-03-28,75.11,13.61,2148,41.91,SU26218RMFS6
2022-03-29,79.15,12.66,2176,42.15,SU26218RMFS6
2022-03-30,83.55,11.71,2321,0.0,SU26218RMFS6
2022-03-31,86.52,11.1,2354,0.23,SU26218RMFS6
2022-04-01,85.7,11.27,2352,0.47,SU26218RMFS6
2022-04-04,83.85,11.65,2330,1.16,SU26218RMFS6
2022-04-05,83.979,11.62,2333,1.4,SU26218RMFS6
2022-04-06,83.206,11.78,2327,1.63,SU26218RMFS6
2022-04-07,84.229,11.57,2325,1.86,SU26218RMFS6
2022-04-08,88.145,10.79,2350,2.1,SU26218RMFS6
2022-04-11,88.0,10.81,2358,2.79,SU26218RMFS6
2022-04-12,88.518,10.71,2354,3.03,SU26218RMFS6
2022-04-13,89.313,10.56,2359,3.26,SU26218RMFS6
2022-04-14,89.7,10.49,2365,3.49,SU26218RMFS6
2022-04-15,89.347,10.56,2358,3.73,SU26218RMFS6
2022-04-18,89.707,10.49,2358,4.42,SU26218RMFS6
2022-04-19,90.711,10.3,2368,4.66,SU26218RMFS6
2022-04-20,91.903,10.08,2365,4.89,SU26218RMFS6
2022-04-21,93.0,9.88,2378,5.12,SU26218RMFS6
2022-04-22,92.669,9.94,2377,5.36,SU26218RMFS6
2022-04-25,91.973,10.07,2368,6.05,SU26218RMFS6
2022-04-26,91.753,10.11,2366,6.29,SU26218RMFS6
2022-04-27,91.838,10.09,2365,6.52,SU26218RMFS6
2022-04-28,91.654,10.13,2362,6.75,SU26218RMFS6
2022-04-29,91.78,10.1,2361,6.99,SU26218RMFS6
2022-05-04,91.436,10.17,2356,8.15,SU26218RMFS6
2022-05-05,91.052,10.24,2353,8.38,SU26218RMFS6
2022-05-06,91.2,10.21,2352,8.62,SU26218RMFS6
2022-05-11,90.899,10.27,2345,9.78,SU26218RMFS6
2022-05-12,90.33,10.38,2342,10.01,SU26218RMFS6
2022-05-13,90.756,10.3,2339,10.25,SU26218RMFS6
2022-05-16,90.859,10.28,2339,10.94,SU26218RMFS6
2022-05-17,90.973,10.26,2337,11.18,SU26218RMFS6
2022-05-18,90.879,10.27,2337,11.41,SU26218RMFS6
2022-05-19,91.021,10.25,2337,11.64,SU26218RMFS6
2022-05-20,91.486,10.16,2338,11.88,SU26218RMFS6
2022-05-23,91.288,10.2,2335,12.57,SU26218RMFS6
2022-05-24,91.441,10.17,2334,12.81,SU26218RMFS6
2022-05-25,94.39,9.64,2351,13.04,SU26218RMFS6
2022-05-26,95.1,9.51,2355,13.27,SU26218RMFS6
2022-05-27,95.184,9.5,2355,13.51,SU26218RMFS6
2022-05-30,95.26,9.48,2353,14.2,SU26218RMFS6
2022-05-31,95.321,9.47,2352,14.44,SU26218RMFS6
2022-06-01,96.458,9.27,2355,14.67,SU26218RMFS6
2022-06-02,97.17,9.15,2362,14.9,SU26218RMFS6
2022-06-03,97.696,9.06,2353,15.14,SU26218RMFS6
2022-06-06,98.0,9.01,2362,15.83,SU26218RMFS6
2022-06-07,98.18,8.98,2363,16.07,SU26218RMFS6
2022-06-08,98.21,8.98,2361,16.3,SU26218RMFS6
2022-06-09,98.499,8.93,2362,16.53,SU26218RMFS6
2022-06-10,98.848,8.87,2362,16.77,SU26218RMFS6
2022-06-14,98.38,8.95,2356,17.7,SU26218RMFS6
2022-06-15,98.238,8.97,2354,17.93,SU26218RMFS6
2022-06-16,98.499,8.93,2355,18.16,SU26218RMFS6
2022-06-17,98.597,8.91,2355,18.4,SU26218RMFS6
2022-06-20,98.604,8.91,2352,19.09,SU26218RMFS6
2022-06-21,98.61,8.91,2351,19.33,SU26218RMFS6
2022-06-22,98.67,8.9,2350,19.56,SU26218RMFS6
2022-06-23,99.497,8.76,2352,19.79,SU26218RMFS6
2022-06-24,99.81,8.71,2355,20.03,SU26218RMFS6
2022-06-27,100.091,8.66,2353,20.72,SU26218RMFS6
2022-06-28,100.155,8.65,2353,20.96,SU26218RMFS6
2022-06-29,99.97,8.68,2351,21.19,SU26218RMFS6
2022-06-30,99.882,8.7,2350,21.42,SU26218RMFS6
2022-07-01,99.741,8.72,2348,21.66,SU26218RMFS6
2022-07-04,99.566,8.75,2343,22.35,SU26218RMFS6
2022-07-05,99.056,8.83,2340,22.59,SU26218RMFS6
2022-07-06,99.201,8.81,2340,22.82,SU26218RMFS6
2022-07-07,99.698,8.73,2341,23.05,SU26218RMFS6
2022-07-08,99.808,8.71,2341,23.29,SU26218RMFS6
2022-07-11,99.4,8.78,2337,23.98,SU26218RMFS6
2022-07-12,99.1,8.83,2334,24.22,SU26218RMFS6
2022-07-13,98.46,8.93,2329,24.45,SU26218RMFS6
2022-07-14,98.494,8.93,2328,24.68,SU26218RMFS6
2022-07-15,98.895,8.86,2328,24.92,SU26218RMFS6
2022-07-18,98.78,8.88,2325,25.61,SU26218RMFS6
2022-07-19,98.471,8.93,2323,25.85,SU26218RMFS6
2022-07-20,98.5,8.93,2320,26.08,SU26218RMFS6
2022-07-21,98.6,8.91,2320,26.31,SU26218RMFS6
2022-07-22,100.349,8.62,2327,26.55,SU26218RMFS6
2022-07-25,100.511,8.59,2328,27.24,SU26218RMFS6
2022-07-26,100.5,8.59,2328,27.48,SU26218RMFS6
2022-07-27,100.447,8.6,2326,27.71,SU26218RMFS6
2022-07-28,100.6,8.58,2325,27.94,SU26218RMFS6
2022-07-29,100.782,8.55,2325,28.18,SU26218RMFS6
2022-08-01,100.91,8.53,2324,28.87,SU26218RMFS6
2022-08-02,100.97,8.52,2323,29.11,SU26218RMFS6
2022-08-03,100.9,8.53,2321,29.34,SU26218RMFS6
2022-08-04,100.981,8.52,2320,29.57,SU26218RMFS6
2022-08-05,100.871,8.53,2319,29.81,SU26218RMFS6
2022-08-08,100.985,8.51,2317,30.5,SU26218RMFS6
2022-08-09,100.925,8.52,2316,30.74,SU26218RMFS6
2022-08-10,100.699,8.56,2312,30.97,SU26218RMFS6
2022-08-11,100.4,8.61,2311,31.2,SU26218RMFS6
2022-08-12,100.29,8.63,2308,31.44,SU26218RMFS6
2022-08-15,100.364,8.62,2306,32.13,SU26218RMFS6
2022-08-16,100.33,8.62,2306,32.37,SU26218RMFS6
2022-08-17,100.45,8.6,2304,32.6,SU26218RMFS6
2022-08-18,100.43,8.61,2304,32.83,SU26218RMFS6
2022-08-19,100.018,8.68,2301,33.07,SU26218RMFS6
2022-08-22,99.85,8.7,2297,33.76,SU26218RMFS6
2022-08-23,99.994,8.68,2296,34.0,SU26218RMFS6
2022-08-24,99.8,8.71,2293,34.23,SU26218RMFS6
2022-08-25,99.9,8.69,2292,34.46,SU26218RMFS6
2022-08-26,99.65,8.74,2291,34.7,SU26218RMFS6
2022-08-29,99.65,8.74,2288,35.39,SU26218RMFS6
2022-08-30,99.59,8.75,2287,35.63,SU26218RMFS6
2022-08-31,99.35,8.79,2285,35.86,SU26218RMFS6
2022-09-01,99.5,8.76,2284,36.09,SU26218RMFS6
2022-09-02,99.8,8.71,2283,36.33,SU26218RMFS6
2022-09-05,99.9,8.7,2284,37.02,SU26218RMFS6
2022-09-06,99.95,8.69,2282,37.26,SU26218RMFS6
2022-09-07,99.84,8.71,2280,37.49,SU26218RMFS6
2022-09-08,99.45,8.77,2276,37.72,SU26218RMFS6
2022-09-09,99.5,8.76,2277,37.96,SU26218RMFS6
2022-09-12,99.65,8.74,2273,38.65,SU26218RMFS6
2022-09-13,99.364,8.79,2271,38.89,SU26218RMFS6
2022-09-14,99.45,8.77,2270,39.12,SU26218RMFS6
2022-09-15,99.906,8.7,2271,39.35,SU26218RMFS6
2022-09-16,99.0,8.85,2269,39.59,SU26218RMFS6
2022-09-19,97.961,9.03,2256,40.28,SU26218RMFS6
2022-09-20,94.6,9.62,2244,40.52,SU26218RMFS6
2022-09-21,95.319,9.49,2231,40.75,SU26218RMFS6
2022-09-22,94.345,9.67,2235,40.98,SU26218RMFS6
2022-09-23,93.146,9.89,2221,41.22,SU26218RMFS6
2022-09-26,91.501,10.2,2202,41.91,SU26218RMFS6
2022-09-27,93.2,9.88,2217,42.15,SU26218RMFS6
2022-09-28,93.47,9.83,2319,0.0,SU26218RMFS6
2022-09-29,91.963,10.11,2314,0.23,SU26218RMFS6
2022-09-30,91.403,10.22,2306,0.47,SU26218RMFS6
2022-10-03,93.811,9.77,2309,1.16,SU26218RMFS6
2022-10-04,94.0,9.74,2316,1.4,SU26218RMFS6
2022-10-05,93.9,9.75,2315,1.63,SU26218RMFS6
2022-10-06,93.85,9.76,2314,1.86,SU26218RMFS6
2022-10-07,92.7,9.98,2311,2.1,SU26218RMFS6
2022-10-10,92.535,10.01,2301,2.79,SU26218RMFS6
2022-10-11,93.484,9.83,2303,3.03,SU26218RMFS6
2022-10-12,93.7,9.79,2307,3.26,SU26218RMFS6
2022-10-13,93.717,9.79,2307,3.49,SU26218RMFS6
2022-10-14,94.18,9.7,2307,3.73,SU26218RMFS6
2022-10-17,94.673,9.61,2306,4.42,SU26218RMFS6
2022-10-18,94.253,9.69,2306,4.66,SU26218RMFS6
2022-10-19,94.28,9.69,2303,4.89,SU26218RMFS6
2022-10-20,94.346,9.67,2303,5.12,SU26218RMFS6
2022-10-21,94.505,9.65,2302,5.36,SU26218RMFS6
2022-10-24,94.439,9.66,2299,6.05,SU26218RMFS6
2022-10-25,94.458,9.65,2298,6.29,SU26218RMFS6
2022-10-26,94.396,9.67,2297,6.52,SU26218RMFS6
2022-10-27,94.289,9.69,2295,6.75,SU26218RMFS6
2022-10-28,94.125,9.72,2293,6.99,SU26218RMFS6
2022-10-31,94.066,9.73,2291,7.68,SU26218RMFS6
2022-11-01,94.222,9.7,2290,7.92,SU26218RMFS6
2022-11-02,93.8,9.78,2286,8.15,SU26218RMFS6
2022-11-03,94.057,9.73,2287,8.38,SU26218RMFS6
2022-11-07,94.169,9.71,2283,9.31,SU26218RMFS6
2022-11-08,93.158,9.9,2278,9.55,SU26218RMFS6
2022-11-09,93.3,9.87,2276,9.78,SU26218RMFS6
2022-11-10,93.795,9.78,2277,10.01,SU26218RMFS6
2022-11-11,93.8,9.78,2276,10.25,SU26218RMFS6
2022-11-14,93.81,9.78,2275,10.94,SU26218RMFS6
2022-11-15,93.549,9.83,2273,11.18,SU26218RMFS6
2022-11-16,94.122,9.72,2273,11.41,SU26218RMFS6
2022-11-17,94.247,9.7,2274,11.64,SU26218RMFS6
2022-11-18,94.199,9.71,2272,11.88,SU26218RMFS6
2022-11-21,94.02,9.74,2269,12.57,SU26218RMFS6
2022-11-22,93.57,9.82,2266,12.81,SU26218RMFS6
2022-11-23,93.701,9.8,2264,13.04,SU26218RMFS6
2022-11-24,93.83,9.77,2264,13.27,SU26218RMFS6
2022-11-25,93.75,9.79,2264,13.51,SU26218RMFS6
2022-11-28,93.65,9.81,2260,14.2,SU26218RMFS6
2022-11-29,93.559,9.83,2258,14.44,SU26218RMFS6
2022-11-30,93.707,9.8,2258,14.67,SU26218RMFS6
2022-12-01,93.501,9.84,2257,14.9,SU26218RMFS6
2022-12-02,93.646,9.81,2255,15.14,SU26218RMFS6
2022-12-05,93.29,9.88,2251,15.83,SU26218RMFS6
2022-12-06,93.43,9.85,2250,16.07,SU26218RMFS6
2022-12-07,93.649,9.81,2250,16.3,SU26218RMFS6
2022-12-08,93.798,9.78,2250,16.53,SU26218RMFS6
2022-12-09,93.9,9.77,2249,16.77,SU26218RMFS6
2022-12-12,93.923,9.76,2244,17.46,SU26218RMFS6
2022-12-13,93.838,9.78,2245,17.7,SU26218RMFS6
2022-12-14,93.661,9.81,2244,17.93,SU26218RMFS6
2022-12-15,93.502,9.84,2242,18.16,SU26218RMFS6
2022-12-16,93.608,9.82,2241,18.4,SU26218RMFS6
2022-12-19,93.262,9.89,2237,19.09,SU26218RMFS6
2022-12-20,92.79,9.98,2231,19.33,SU26218RMFS6
2022-12-21,92.924,9.95,2232,19.56,SU26218RMFS6
2022-12-22,93.036,9.93,2231,19.79,SU26218RMFS6
2022-12-23,93.062,9.93,2231,20.03,SU26218RMFS6
2022-12-26,93.398,9.86,2229,20.72,SU26218RMFS6
2022-12-27,93.033,9.93,2228,20.96,SU26218RMFS6
2022-12-28,93.149,9.91,2226,21.19,SU26218RMFS6
2022-12-29,93.15,9.91,2226,21.42,SU26218RMFS6
2022-12-30,93.29,9.88,2224,21.66,SU26218RMFS6
2023-01-03,93.452,9.85,2222,22.59,SU26218RMFS6
2023-01-04,93.6,9.83,2222,22.82,SU26218RMFS6
2023-01-05,93.762,9.8,2222,23.05,SU26218RMFS6
2023-01-06,93.54,9.84,2220,23.29,SU26218RMFS6
2023-01-09,93.398,9.87,2215,23.98,SU26218RMFS6
2023-01-10,93.259,9.89,2214,24.22,SU26218RMFS6
2023-01-11,93.24,9.9,2212,24.45,SU26218RMFS6
2023-01-12,93.179,9.91,2212,24.68,SU26218RMFS6
2023-01-13,93.135,9.92,2211,24.92,SU26218RMFS6
2023-01-16,93.219,9.9,2208,25.61,SU26218RMFS6
2023-01-17,93.18,9.91,2207,25.85,SU26218RMFS6
2023-01-18,93.1,9.93,2205,26.08,SU26218RMFS6
2023-01-19,93.005,9.94,2203,26.31,SU26218RMFS6
2023-01-20,92.99,9.95,2203,26.55,SU26218RMFS6
2023-01-23,92.901,9.96,2199,27.24,SU26218RMFS6
2023-01-24,92.874,9.97,2198,27.48,SU26218RMFS6
2023-01-25,92.987,9.95,2198,27.71,SU26218RMFS6
2023-01-26,92.98,9.95,2196,27.94,SU26218RMFS6
2023-01-27,92.981,9.95,2195,28.18,SU26218RMFS6
2023-01-30,92.82,9.98,2192,28.87,SU26218RMFS6
2023-01-31,92.83,9.98,2190,29.11,SU26218RMFS6
2023-02-01,92.874,9.97,2189,29.34,SU26218RMFS6
2023-02-02,92.798,9.99,2188,29.57,SU26218RMFS6
2023-02-03,92.71,10.01,2186,29.81,SU26218RMFS6
2023-02-06,92.705,10.01,2184,30.5,SU26218RMFS6
2023-02-07,92.618,10.02,2182,30.74,SU26218RMFS6
2023-02-08,92.434,10.06,2180,30.97,SU26218RMFS6
2023-02-09,92.0,10.14,2176,31.2,SU26218RMFS6
2023-02-10,91.915,10.16,2174,31.44,SU26218RMFS6
2023-02-13,91.507,10.24,2170,32.13,SU26218RMFS6
2023-02-14,91.268,10.29,2166,32.37,SU26218RMFS6
2023-02-15,91.006,10.34,2164,32.6,SU26218RMFS6
2023-02-16,91.07,10.33,2163,32.83,SU26218RMFS6
2023-02-17,91.262,10.29,2162,33.07,SU26218RMFS6
2023-02-20,91.058,10.33,2160,33.76,SU26218RMFS6
2023-02-21,91.3,10.29,2158,34.0,SU26218RMFS6
2023-02-22,91.491,10.25,2159,34.23,SU26218RMFS6
2023-02-24,91.871,10.18,2160,34.7,SU26218RMFS6
2023-02-27,91.58,10.23,2155,35.39,SU26218RMFS6
2023-02-28,91.605,10.23,2154,35.63,SU26218RMFS6
2023-03-01,91.5,10.25,2153,35.86,SU26218RMFS6
2023-03-02,91.52,10.25,2152,36.09,SU26218RMFS6
2023-03-03,91.599,10.23,2151,36.33,SU26218RMFS6
2023-03-06,91.79,10.19,2149,37.02,SU26218RMFS6
2023-03-07,91.925,10.17,2148,37.26,SU26218RMFS6
2023-03-09,92.269,10.1,2148,37.72,SU26218RMFS6
2023-03-10,92.269,10.1,2149,37.96,SU26218RMFS6
2023-03-13,92.114,10.13,2145,38.65,SU26218RMFS6
2023-03-14,92.03,10.15,2143,38.89,SU26218RMFS6
2023-03-15,91.994,10.16,2141,39.12,SU26218RMFS6
2023-03-16,91.82,10.19,2139,39.35,SU26218RMFS6
2023-03-17,91.2,10.32,2135,39.59,SU26218RMFS6
2023-03-20,91.021,10.35,2131,40.28,SU26218RMFS6
2023-03-21,91.16,10.33,2130,40.52,SU26218RMFS6
2023-03-22,91.24,10.31,2130,40.75,SU26218RMFS6
2023-03-23,91.4,10.28,2130,40.98,SU26218RMFS6
2023-03-24,91.352,10.29,2129,41.22,SU26218RMFS6
2023-03-27,91.356,10.29,2125,41.91,SU26218RMFS6
2023-03-28,91.68,10.23,2125,42.15,SU26218RMFS6
2023-03-29,91.321,10.3,2222,0.0,SU26218RMFS6
2023-03-30,91.485,10.26,2222,0.23,SU26218RMFS6
2023-03-31,91.582,10.25,2221,0.47,SU26218RMFS6
2023-04-03,91.486,10.27,2218,1.16,SU26218RMFS6
2023-04-04,91.208,10.32,2216,1.4,SU26218RMFS6
2023-04-05,91.07,10.35,2213,1.63,SU26218RMFS6
2023-04-06,90.803,10.4,2212,1.86,SU26218RMFS6
2023-04-07,90.86,10.39,2209,2.1,SU26218RMFS6
2023-04-10,90.85,10.39,2208,2.79,SU26218RMFS6
2023-04-11,90.9,10.38,2207,3.03,SU26218RMFS6
2023-04-12,90.649,10.44,2205,3.26,SU26218RMFS6
2023-04-13,90.642,10.44,2202,3.49,SU26218RMFS6
2023-04-14,90.61,10.44,2202,3.73,SU26218RMFS6
2023-04-17,90.634,10.44,2199,4.42,SU26218RMFS6
2023-04-18,90.547,10.46,2198,4.66,SU26218RMFS6
2023-04-19,90.59,10.45,2197,4.89,SU26218RMFS6
2023-04-20,90.52,10.46,2195,5.12,SU26218RMFS6
2023-04-21,90.541,10.46,2194,5.36,SU26218RMFS6
2023-04-24,90.59,10.45,2192,6.05,SU26218RMFS6
2023-04-25,90.634,10.44,2191,6.29,SU26218RMFS6
2023-04-26,90.798,10.41,2190,6.52,SU26218RMFS6
2023-04-27,90.97,10.38,2190,6.75,SU26218RMFS6
2023-04-28,91.4,10.29,2192,6.99,SU26218RMFS6
2023-05-02,91.655,10.24,2190,7.92,SU26218RMFS6
2023-05-03,91.477,10.28,2189,8.15,SU26218RMFS6
2023-05-04,91.7,10.23,2187,8.38,SU26218RMFS6
2023-05-05,91.753,10.22,2187,8.62,SU26218RMFS6
2023-05-08,91.696,10.23,2184,9.31,SU26218RMFS6
2023-05-10,91.731,10.23,2183,9.78,SU26218RMFS6
2023-05-11,91.848,10.2,2182,10.01,SU26218RMFS6
2023-05-12,91.86,10.2,2181,10.25,SU26218RMFS6
2023-05-15,91.91,10.19,2178,10.94,SU26218RMFS6
2023-05-16,91.85,10.21,2177,11.18,SU26218RMFS6
2023-05-17,91.823,10.21,2175,11.41,SU26218RMFS6
2023-05-18,91.807,10.21,2174,11.64,SU26218RMFS6
2023-05-19,91.812,10.21,2174,11.88,SU26218RMFS6
2023-05-22,91.928,10.19,2171,12.57,SU26218RMFS6
2023-05-23,91.845,10.21,2170,12.81,SU26218RMFS6
2023-05-24,91.8,10.22,2168,13.04,SU26218RMFS6
2023-05-25,91.839,10.21,2167,13.27,SU26218RMFS6
2023-05-26,91.84,10.21,2166,13.51,SU26218RMFS6
2023-05-29,91.8,10.22,2163,14.2,SU26218RMFS6
2023-05-30,91.797,10.22,2162,14.44,SU26218RMFS6
2023-05-31,91.711,10.24,2161,14.67,SU26218RMFS6
2023-06-01,91.649,10.25,2160,14.9,SU26218RMFS6
2023-06-02,91.53,10.28,2158,15.14,SU26218RMFS6
2023-06-05,91.58,10.27,2154,15.83,SU26218RMFS6
2023-06-06,91.55,10.27,2153,16.07,SU26218RMFS6
2023-06-07,91.55,10.27,2152,16.3,SU26218RMFS6
2023-06-08,91.58,10.27,2151,16.53,SU26218RMFS6
2023-06-09,91.55,10.27,2147,16.77,SU26218RMFS6
2023-06-13,91.42,10.3,2146,17.7,SU26218RMFS6
2023-06-14,91.407,10.3,2144,17.93,SU26218RMFS6
2023-06-15,91.52,10.28,2143,18.16,SU26218RMFS6
2023-06-16,91.477,10.29,2140,18.4,SU26218RMFS6
2023-06-19,91.3,10.33,2138,19.09,SU26218RMFS6
2023-06-20,91.254,10.34,2137,19.33,SU26218RMFS6
2023-06-21,91.2,10.35,2136,19.56,SU26218RMFS6
2023-06-22,91.2,10.35,2135,19.79,SU26218RMFS6
2023-06-23,90.882,10.41,2132,20.03,SU26218RMFS6
2023-06-26,91.199,10.35,2130,20.72,SU26218RMFS6
2023-06-27,91.183,10.35,2129,20.96,SU26218RMFS6
2023-06-28,91.059,10.38,2128,21.19,SU26218RMFS6
2023-06-29,90.915,10.41,2126,21.42,SU26218RMFS6
2023-06-30,91.099,10.37,2124,21.66,SU26218RMFS6
2023-07-03,90.827,10.43,2122,22.35,SU26218RMFS6
2023-07-04,90.918,10.41,2121,22.59,SU26218RMFS6
2023-07-05,90.78,10.44,2120,22.82,SU26218RMFS6
2023-07-06,90.583,10.48,2117,23.05,SU26218RMFS6
2023-07-07,90.689,10.46,2114,23.29,SU26218RMFS6
2023-07-10,90.474,10.5,2112,23.98,SU26218RMFS6
2023-07-11,90.235,10.55,2110,24.22,SU26218RMFS6
2023-07-12,90.14,10.57,2109,24.45,SU26218RMFS6
2023-07-13,90.395,10.52,2108,24.68,SU26218RMFS6
2023-07-14,90.3,10.54,2105,24.92,SU26218RMFS6
2023-07-17,90.179,10.57,2104,25.61,SU26218RMFS6
2023-07-18,89.905,10.62,2102,25.85,SU26218RMFS6
2023-07-19,89.879,10.63,2100,26.08,SU26218RMFS6
2023-07-20,89.729,10.66,2099,26.31,SU26218RMFS6
2023-07-21,89.8,10.65,2095,26.55,SU26218RMFS6
2023-07-24,89.804,10.65,2094,27.24,SU26218RMFS6
2023-07-25,89.825,10.64,2093,27.48,SU26218RMFS6
2023-07-26,89.805,10.65,2093,27.71,SU26218RMFS6
2023-07-27,89.782,10.65,2091,27.94,SU26218RMFS6
2023-07-28,89.718,10.67,2088,28.18,SU26218RMFS6
2023-07-31,89.645,10.69,2087,28.87,SU26218RMFS6
2023-08-01,89.379,10.74,2083,29.11,SU26218RMFS6
2023-08-02,89.245,10.77,2082,29.34,SU26218RMFS6
2023-08-03,89.046,10.81,2081,29.57,SU26218RMFS6
2023-08-04,88.829,10.86,2077,29.81,SU26218RMFS6
2023-08-07,88.741,10.88,2074,30.5,SU26218RMFS6
2023-08-08,88.572,10.92,2073,30.74,SU26218RMFS6
2023-08-09,88.288,10.98,2070,30.97,SU26218RMFS6
2023-08-10,88.037,11.03,2068,31.2,SU26218RMFS6
2023-08-11,87.75,11.1,2063,31.44,SU26218RMFS6
2023-08-14,86.59,11.35,2058,32.13,SU26218RMFS6
2023-08-15,86.98,11.26,2054,32.37,SU26218RMFS6
2023-08-16,87.504,11.15,2057,32.6,SU26218RMFS6
2023-08-17,88.29,10.98,2060,32.83,SU26218RMFS6
2023-08-18,87.95,11.06,2056,33.07,SU26218RMFS6
2023-08-21,87.85,11.08,2055,33.76,SU26218RMFS6
2023-08-22,87.633,11.13,2053,34.0,SU26218RMFS6
2023-08-23,87.509,11.15,2051,34.23,SU26218RMFS6
2023-08-24,87.49,11.16,2049,34.46,SU26218RMFS6
2023-08-25,87.456,11.17,2047,34.7,SU26218RMFS6
2023-08-28,87.336,11.2,2045,35.39,SU26218RMFS6
2023-08-29,87.25,11.21,2043,35.63,SU26218RMFS6
2023-08-30,86.88,11.3,2041,35.86,SU26218RMFS6
2023-08-31,87.0,11.27,2039,36.09,SU26218RMFS6
2023-09-01,86.62,11.36,2035,36.33,SU26218RMFS6
2023-09-04,86.5,11.38,2033,37.02,SU26218RMFS6
2023-09-05,86.344,11.42,2031,37.26,SU26218RMFS6
2023-09-06,85.744,11.55,2026,37.49,SU26218RMFS6
2023-09-07,85.08,11.71,2020,37.72,SU26218RMFS6
2023-09-08,84.629,11.81,2015,37.96,SU26218RMFS6
2023-09-11,84.685,11.8,2014,38.65,SU26218RMFS6
2023-09-12,85.65,11.58,2016,38.89,SU26218RMFS6
2023-09-13,85.181,11.69,2016,39.12,SU26218RMFS6
2023-09-14,85.1,11.71,2014,39.35,SU26218RMFS6
2023-09-15,85.735,11.57,2011,39.59,SU26218RMFS6
2023-09-18,85.579,11.6,2011,40.28,SU26218RMFS6
2023-09-19,84.987,11.74,2009,40.52,SU26218RMFS6
2023-09-20,84.837,11.77,2005,40.75,SU26218RMFS6
2023-09-21,84.999,11.74,2005,40.98,SU26218RMFS6
2023-09-22,84.779,11.79,2002,41.22,SU26218RMFS6
2023-09-25,84.827,11.78,2000,41.91,SU26218RMFS6
2023-09-26,84.595,11.83,2099,42.15,SU26218RMFS6
2023-09-27,84.651,11.82,2097,0.0,SU26218RMFS6
2023-09-28,84.184,11.93,2094,0.23,SU26218RMFS6
2023-09-29,83.914,11.99,2089,0.47,SU26218RMFS6
2023-10-02,83.095,12.19,2085,1.16,SU26218RMFS6
2023-10-03,83.244,12.15,2083,1.4,SU26218RMFS6
2023-10-04,83.094,12.19,2081,1.63,SU26218RMFS6
2023-10-05,83.21,12.16,2081,1.86,SU26218RMFS6
2023-10-06,82.959,12.22,2076,2.1,SU26218RMFS6
2023-10-09,82.692,12.29,2074,2.79,SU26218RMFS6
2023-10-10,82.197,12.41,2071,3.03,SU26218RMFS6
2023-10-11,82.905,12.24,2070,3.26,SU26218RMFS6
2023-10-12,83.021,12.21,2074,3.49,SU26218RMFS6
2023-10-13,83.215,12.17,2071,3.73,SU26218RMFS6
2023-10-16,83.087,12.2,2068,4.42,SU26218RMFS6
2023-10-17,82.989,12.22,2068,4.66,SU26218RMFS6
2023-10-18,82.778,12.27,2066,4.89,SU26218RMFS6
2023-10-19,82.599,12.32,2064,5.12,SU26218RMFS6
2023-10-20,82.695,12.3,2060,5.36,SU26218RMFS6
2023-10-23,82.552,12.33,2060,6.05,SU26218RMFS6
2023-10-24,82.69,12.3,2059,6.29,SU26218RMFS6
2023-10-25,82.7,12.3,2058,6.52,SU26218RMFS6
2023-10-26,82.621,12.32,2057,6.75,SU26218RMFS6
2023-10-27,82.108,12.44,2050,6.99,SU26218RMFS6
2023-10-30,82.079,12.45,2047,7.68,SU26218RMFS6
2023-10-31,81.8,12.52,2046,7.92,SU26218RMFS6
2023-11-01,82.51,12.35,2046,8.15,SU26218RMFS6
2023-11-02,83.443,12.13,2053,8.38,SU26218RMFS6
2023-11-03,84.316,11.92,2054,8.62,SU26218RMFS6
2023-11-06,84.69,11.84,2057,9.31,SU26218RMFS6
2023-11-07,84.162,11.96,2052,9.55,SU26218RMFS6
2023-11-08,84.41,11.9,2051,9.78,SU26218RMFS6
2023-11-09,85.216,11.72,2055,10.01,SU26218RMFS6
2023-11-10,85.375,11.68,2055,10.25,SU26218RMFS6
2023-11-13,84.6,11.86,2051,10.94,SU26218RMFS6
2023-11-14,84.005,12.0,2045,11.18,SU26218RMFS6
2023-11-15,84.829,11.81,2048,11.41,SU26218RMFS6
2023-11-16,84.6,11.86,2048,11.64,SU26218RMFS6
2023-11-17,84.859,11.81,2045,11.88,SU26218RMFS6
2023-11-20,85.08,11.76,2044,12.57,SU26218RMFS6
2023-11-21,84.997,11.78,2043,12.81,SU26218RMFS6
2023-11-22,85.11,11.75,2044,13.04,SU26218RMFS6
2023-11-23,85.227,11.72,2044,13.27,SU26218RMFS6
2023-11-24,85.48,11.67,2041,13.51,SU26218RMFS6
2023-11-27,85.418,11.68,2040,14.2,SU26218RMFS6
2023-11-28,85.333,11.7,2038,14.44,SU26218RMFS6
2023-11-29,85.24,11.73,2037,14.67,SU26218RMFS6
2023-11-30,85.035,11.77,2035,14.9,SU26218RMFS6
2023-12-01,84.699,11.85,2031,15.14,SU26218RMFS6
2023-12-04,83.909,12.04,2025,15.83,SU26218RMFS6
2023-12-05,83.529,12.13,2022,16.07,SU26218RMFS6
2023-12-06,83.5,12.14,2020,16.3,SU26218RMFS6
2023-12-07,83.668,12.1,2019,16.53,SU26218RMFS6
2023-12-08,83.591,12.12,2016,16.77,SU26218RMFS6
2023-12-11,83.387,12.17,2015,17.46,SU26218RMFS6
2023-12-12,83.017,12.26,2011,17.7,SU26218RMFS6
2023-12-13,82.702,12.34,2009,17.93,SU26218RMFS6
2023-12-14,82.4,12.41,2007,18.16,SU26218RMFS6
2023-12-15,83.312,12.19,2005,18.4,SU26218RMFS6
2023-12-18,84.2,11.98,2009,19.09,SU26218RMFS6
2023-12-19,84.303,11.96,2011,19.33,SU26218RMFS6
2023-12-20,84.61,11.89,2012,19.56,SU26218RMFS6
2023-12-21,85.087,11.78,2013,19.79,SU26218RMFS6
2023-12-22,85.157,11.76,2011,20.03,SU26218RMFS6
2023-12-25,84.96,11.81,2008,20.72,SU26218RMFS6
2023-12-26,84.49,11.92,2006,20.96,SU26218RMFS6
2023-12-27,84.44,11.93,2004,21.19,SU26218RMFS6
2023-12-28,84.411,11.94,2003,21.42,SU26218RMFS6
2023-12-29,84.771,11.86,1998,21.66,SU26218RMFS6
2024-01-03,84.899,11.83,1999,22.82,SU26218RMFS6
2024-01-04,84.782,11.86,1997,23.05,SU26218RMFS6
2024-01-05,84.732,11.87,1994,23.29,SU26218RMFS6
2024-01-08,84.628,11.9,1993,23.98,SU26218RMFS6
2024-01-09,84.351,11.97,1990,24.22,SU26218RMFS6
2024-01-10,84.15,12.01,1987,24.45,SU26218RMFS6
2024-01-11,83.6,12.15,1985,24.68,SU26218RMFS6
2024-01-12,83.663,12.13,1978,24.92,SU26218RMFS6
2024-01-15,83.85,12.09,1980,25.61,SU26218RMFS6
2024-01-16,83.944,12.07,1978,25.85,SU26218RMFS6
2024-01-17,84.249,12.0,1980,26.08,SU26218RMFS6
2024-01-18,84.4,11.96,1980,26.31,SU26218RMFS6
2024-01-19,84.598,11.92,1978,26.55,SU26218RMFS6
2024-01-22,84.5,11.94,1978,27.24,SU26218RMFS6
2024-01-23,84.499,11.94,1976,27.48,SU26218RMFS6
2024-01-24,84.435,11.96,1975,27.71,SU26218RMFS6
2024-01-25,84.558,11.93,1974,27.94,SU26218RMFS6
2024-01-26,84.701,11.9,1972,28.18,SU26218RMFS6
2024-01-29,84.61,11.92,1971,28.87,SU26218RMFS6
2024-01-30,84.503,11.95,1970,29.11,SU26218RMFS6
2024-01-31,84.537,11.94,1969,29.34,SU26218RMFS6
2024-02-01,84.466,11.96,1967,29.57,SU26218RMFS6
2024-02-02,84.297,12.0,1963,29.81,SU26218RMFS6
2024-02-05,84.258,12.01,1961,30.5,SU26218RMFS6
2024-02-06,84.119,12.05,1960,30.74,SU26218RMFS6
2024-02-07,84.13,12.04,1959,30.97,SU26218RMFS6
2024-02-08,83.89,12.1,1958,31.2,SU26218RMFS6
2024-02-09,83.9,12.1,1954,31.44,SU26218RMFS6
2024-02-12,84.04,12.07,1953,32.13,SU26218RMFS6
2024-02-13,84.056,12.07,1953,32.37,SU26218RMFS6
2024-02-14,83.835,12.12,1951,32.6,SU26218RMFS6
2024-02-15,83.8,12.13,1948,32.83,SU26218RMFS6
2024-02-16,83.521,12.2,1944,33.07,SU26218RMFS6
2024-02-19,83.259,12.27,1942,33.76,SU26218RMFS6
2024-02-20,83.03,12.32,1941,34.0,SU26218RMFS6
2024-02-21,83.011,12.33,1938,34.23,SU26218RMFS6
2024-02-22,83.186,12.29,1934,34.46,SU26218RMFS6
2024-02-26,83.044,12.33,1933,35.39,SU26218RMFS6
2024-02-27,82.949,12.35,1931,35.63,SU26218RMFS6
2024-02-28,82.899,12.36,1930,35.86,SU26218RMFS6
2024-02-29,82.807,12.39,1927,36.09,SU26218RMFS6
2024-03-01,82.647,12.43,1924,36.33,SU26218RMFS6
2024-03-04,82.216,12.54,1922,37.02,SU26218RMFS6
2024-03-05,81.822,12.64,1920,37.26,SU26218RMFS6
2024-03-06,81.739,12.66,1917,37.49,SU26218RMFS6
2024-03-07,81.464,12.73,1911,37.72,SU26218RMFS6
2024-03-11,81.453,12.74,1910,38.65,SU26218RMFS6
2024-03-12,81.32,12.77,1908,38.89,SU26218RMFS6
2024-03-13,80.897,12.88,1906,39.12,SU26218RMFS6
2024-03-14,80.695,12.93,1903,39.35,SU26218RMFS6
2024-03-15,80.251,13.05,1896,39.59,SU26218RMFS6
2024-03-18,79.9,13.14,1893,40.28,SU26218RMFS6
2024-03-19,79.642,13.21,1891,40.52,SU26218RMFS6
2024-03-20,79.753,13.18,1889,40.75,SU26218RMFS6
2024-03-21,79.67,13.21,1887,40.98,SU26218RMFS6
2024-03-22,79.413,13.28,1885,41.22,SU26218RMFS6
2024-03-25,79.604,13.23,1883,41.91,SU26218RMFS6
2024-03-26,79.609,13.23,1982,42.15,SU26218RMFS6
2024-03-27,79.659,13.22,1981,0.0,SU26218RMFS6
2024-03-28,79.827,13.18,1981,0.23,SU26218RMFS6
2024-03-29,79.77,13.19,1978,0.47,SU26218RMFS6
2024-04-01,79.51,13.26,1977,1.16,SU26218RMFS6
2024-04-02,79.3,13.32,1974,1.4,SU26218RMFS6
2024-04-03,79.295,13.32,1973,1.63,SU26218RMFS6
2024-04-04,79.182,13.35,1971,1.86,SU26218RMFS6
2024-04-05,78.994,13.4,1968,2.1,SU26218RMFS6
2024-04-08,78.674,13.49,1965,2.79,SU26218RMFS6
2024-04-09,78.727,13.48,1964,3.03,SU26218RMFS6
2024-04-10,78.848,13.45,1963,3.26,SU26218RMFS6
2024-04-11,78.742,13.48,1962,3.49,SU26218RMFS6
2024-04-12,78.652,13.5,1958,3.73,SU26218RMFS6
2024-04-15,78.7,13.49,1957,4.42,SU26218RMFS6
2024-04-16,78.524,13.54,1956,4.66,SU26218RMFS6
2024-04-17,78.878,13.45,1956,4.89,SU26218RMFS6
2024-04-18,78.87,13.45,1955,5.12,SU26218RMFS6
2024-04-19,79.696,13.23,1955,5.36,SU26218RMFS6
2024-04-22,79.196,13.37,1954,6.05,SU26218RMFS6
2024-04-23,79.157,13.38,1952,6.29,SU26218RMFS6
2024-04-24,79.088,13.4,1951,6.52,SU26218RMFS6
2024-04-25,79.08,13.4,1949,6.75,SU26218RMFS6
2024-04-26,78.49,13.56,1945,6.99,SU26218RMFS6
2024-04-27,78.298,13.61,1943,7.22,SU26218RMFS6
2024-04-29,78.254,13.63,1941,7.68,SU26218RMFS6
2024-04-30,78.31,13.61,1939,7.92,SU26218RMFS6
2024-05-02,78.15,13.66,1938,8.38,SU26218RMFS6
2024-05-03,77.9,13.73,1933,8.62,SU26218RMFS6
2024-05-06,77.747,13.77,1931,9.31,SU26218RMFS6
2024-05-07,77.792,13.76,1930,9.55,SU26218RMFS6
2024-05-08,77.839,13.75,1929,9.78,SU26218RMFS6
2024-05-10,77.947,13.73,1925,10.25,SU26218RMFS6
2024-05-13,77.195,13.93,1923,10.94,SU26218RMFS6
2024-05-14,76.403,14.16,1917,11.18,SU26218RMFS6
2024-05-15,76.594,14.1,1915,11.41,SU26218RMFS6
2024-05-16,76.56,14.12,1915,11.64,SU26218RMFS6
2024-05-17,76.476,14.14,1910,11.88,SU26218RMFS6
2024-05-20,76.153,14.23,1908,12.57,SU26218RMFS6
2024-05-21,75.862,14.32,1905,12.81,SU26218RMFS6
2024-05-22,75.554,14.41,1902,13.04,SU26218RMFS6
2024-05-23,75.2,14.51,1900,13.27,SU26218RMFS6
2024-05-24,74.509,14.72,1894,13.51,SU26218RMFS6
2024-05-27,73.937,14.88,1888,14.2,SU26218RMFS6
2024-05-28,74.253,14.79,1887,14.44,SU26218RMFS6
2024-05-29,74.14,14.83,1886,14.67,SU26218RMFS6
2024-05-30,73.692,14.96,1882,14.9,SU26218RMFS6
2024-05-31,72.5,15.32,1873,15.14,SU26218RMFS6
2024-06-03,73.155,15.13,1871,15.83,SU26218RMFS6
2024-06-04,73.899,14.91,1877,16.07,SU26218RMFS6
2024-06-05,73.745,14.96,1876,16.3,SU26218RMFS6
2024-06-06,73.729,14.96,1876,16.53,SU26218RMFS6
2024-06-07,73.886,14.92,1873,16.77,SU26218RMFS6
2024-06-10,73.284,15.1,1869,17.46,SU26218RMFS6
2024-06-11,73.493,15.04,1866,17.7,SU26218RMFS6
2024-06-13,73.234,15.12,1864,18.16,SU26218RMFS6
2024-06-14,73.198,15.14,1862,18.4,SU26218RMFS6
2024-06-17,72.25,15.43,1854,19.09,SU26218RMFS6
2024-06-18,71.806,15.57,1852,19.33,SU26218RMFS6
2024-06-19,71.567,15.64,1848,19.56,SU26218RMFS6
2024-06-20,71.199,15.76,1844,19.79,SU26218RMFS6
2024-06-21,71.598,15.64,1842,20.03,SU26218RMFS6
2024-06-24,71.542,15.66,1840,20.72,SU26218RMFS6
2024-06-25,72.019,15.51,1844,20.96,SU26218RMFS6
2024-06-26,72.477,15.37,1849,21.19,SU26218RMFS6
2024-06-27,72.501,15.37,1843,21.42,SU26218RMFS6
2024-06-28,72.595,15.35,1843,21.66,SU26218RMFS6
2024-07-01,72.3,15.44,1841,22.35,SU26218RMFS6
2024-07-02,72.374,15.42,1840,22.59,SU26218RMFS6
2024-07-03,72.301,15.44,1839,22.82,SU26218RMFS6
2024-07-04,72.295,15.44,1837,23.05,SU26218RMFS6
2024-07-05,71.57,15.67,1831,23.29,SU26218RMFS6
2024-07-08,71.567,15.68,1828,23.98,SU26218RMFS6
2024-07-09,71.392,15.73,1827,24.22,SU26218RMFS6
2024-07-10,71.068,15.84,1824,24.45,SU26218RMFS6
2024-07-11,71.362,15.75,1822,24.68,SU26218RMFS6
2024-07-12,71.145,15.82,1820,24.92,SU26218RMFS6
2024-07-15,70.74,15.95,1816,25.61,SU26218RMFS6
2024-07-16,69.653,16.3,1808,25.85,SU26218RMFS6
2024-07-17,69.425,16.38,1803,26.08,SU26218RMFS6
2024-07-18,70.502,16.03,1807,26.31,SU26218RMFS6
2024-07-19,70.35,16.09,1807,26.55,SU26218RMFS6
2024-07-22,70.826,15.94,1807,27.24,SU26218RMFS6
2024-07-23,70.192,16.14,1805,27.48,SU26218RMFS6
2024-07-24,70.545,16.03,1804,27.71,SU26218RMFS6
2024-07-25,70.9,15.92,1805,27.94,SU26218RMFS6
2024-07-26,69.652,16.33,1799,28.18,SU26218RMFS6
2024-07-29,69.48,16.39,1791,28.87,SU26218RMFS6
2024-07-30,70.246,16.14,1793,29.11,SU26218RMFS6
2024-07-31,70.9,15.93,1796,29.34,SU26218RMFS6
2024-08-01,70.75,15.98,1797,29.57,SU26218RMFS6
2024-08-02,70.858,15.96,1797,29.81,SU26218RMFS6
2024-08-05,70.556,16.05,1793,30.5,SU26218RMFS6
2024-08-06,71.18,15.86,1793,30.74,SU26218RMFS6
2024-08-07,71.5,15.76,1795,30.97,SU26218RMFS6
2024-08-08,72.359,15.49,1802,31.2,SU26218RMFS6
2024-08-09,72.647,15.41,1798,31.44,SU26218RMFS6
2024-08-12,72.378,15.49,1797,32.13,SU26218RMFS6
2024-08-13,72.38,15.5,1796,32.37,SU26218RMFS6
2024-08-14,72.348,15.51,1796,32.6,SU26218RMFS6
2024-08-15,71.88,15.66,1794,32.83,SU26218RMFS6
2024-08-16,72.38,15.51,1785,33.07,SU26218RMFS6
2024-08-19,71.403,15.81,1787,33.76,SU26218RMFS6
2024-08-20,71.437,15.81,1783,34.0,SU26218RMFS6
2024-08-21,71.1,15.92,1780,34.23,SU26218RMFS6
2024-08-22,71.121,15.91,1779,34.46,SU26218RMFS6
2024-08-23,69.977,16.29,1772,34.7,SU26218RMFS6
2024-08-26,70.547,16.1,1769,35.39,SU26218RMFS6
2024-08-27,70.414,16.15,1769,35.63,SU26218RMFS6
2024-08-28,70.185,16.23,1767,35.86,SU26218RMFS6
2024-08-29,70.055,16.27,1765,36.09,SU26218RMFS6
2024-08-30,69.791,16.36,1760,36.33,SU26218RMFS6
2024-09-02,69.986,16.3,1754,37.02,SU26218RMFS6
2024-09-03,69.792,16.37,1754,37.26,SU26218RMFS6
2024-09-04,70.378,16.18,1757,37.49,SU26218RMFS6
2024-09-05,70.796,16.05,1761,37.72,SU26218RMFS6
2024-09-06,71.494,15.83,1759,37.96,SU26218RMFS6
2024-09-09,70.95,16.01,1759,38.65,SU26218RMFS6
2024-09-10,70.327,16.21,1754,38.89,SU26218RMFS6
2024-09-11,70.498,16.16,1752,39.12,SU26218RMFS6
2024-09-12,69.924,16.35,1749,39.35,SU26218RMFS6
2024-09-13,69.666,16.44,1740,39.59,SU26218RMFS6
2024-09-16,69.68,16.44,1740,40.28,SU26218RMFS6
2024-09-17,69.331,16.56,1737,40.52,SU26218RMFS6
2024-09-18,69.243,16.59,1735,40.75,SU26218RMFS6
2024-09-19,68.936,16.69,1735,40.98,SU26218RMFS6
2024-09-20,68.878,16.72,1730,41.22,SU26218RMFS6
2024-09-23,68.84,16.74,1729,41.91,SU26218RMFS6
2024-09-24,69.313,16.58,1837,42.15,SU26218RMFS6
2024-09-25,68.909,16.72,1833,0.0,SU26218RMFS6
2024-09-26,68.699,16.79,1832,0.23,SU26218RMFS6
2024-09-27,68.556,16.84,1828,0.47,SU26218RMFS6
2024-09-30,68.401,16.9,1826,1.16,SU26218RMFS6
2024-10-01,67.947,17.06,1821,1.4,SU26218RMFS6
2024-10-02,67.55,17.2,1819,1.63,SU26218RMFS6
2024-10-03,67.139,17.34,1815,1.86,SU26218RMFS6
2024-10-04,67.187,17.33,1812,2.1,SU26218RMFS6
2024-10-07,66.7,17.51,1810,2.79,SU26218RMFS6
2024-10-08,66.52,17.57,1807,3.03,SU26218RMFS6
2024-10-09,66.48,17.59,1805,3.26,SU26218RMFS6
2024-10-10,66.585,17.55,1804,3.49,SU26218RMFS6
2024-10-11,67.088,17.38,1804,3.73,SU26218RMFS6
2024-10-14,67.139,17.37,1804,4.42,SU26218RMFS6
2024-10-15,67.149,17.36,1803,4.66,SU26218RMFS6
2024-10-16,67.212,17.34,1802,4.89,SU26218RMFS6
2024-10-17,67.153,17.37,1801,5.12,SU26218RMFS6
2024-10-18,67.18,17.37,1798,5.36,SU26218RMFS6
2024-10-21,66.901,17.47,1795,6.05,SU26218RMFS6
2024-10-22,66.822,17.5,1793,6.29,SU26218RMFS6
2024-10-23,66.661,17.56,1792,6.52,SU26218RMFS6
2024-10-24,66.478,17.62,1789,6.75,SU26218RMFS6
2024-10-25,65.32,18.05,1780,6.99,SU26218RMFS6
2024-10-28,64.596,18.32,1773,7.68,SU26218RMFS6
2024-10-29,64.454,18.38,1770,7.92,SU26218RMFS6
2024-10-30,64.75,18.27,1773,8.15,SU26218RMFS6
2024-10-31,63.675,18.67,1762,8.38,SU26218RMFS6
2024-11-01,63.944,18.57,1763,8.62,SU26218RMFS6
2024-11-02,63.95,18.58,1761,8.85,SU26218RMFS6
2024-11-05,64.15,18.51,1760,9.55,SU26218RMFS6
2024-11-06,64.897,18.23,1763,9.78,SU26218RMFS6
2024-11-07,65.973,17.84,1768,10.01,SU26218RMFS6
2024-11-08,66.25,17.75,1770,10.25,SU26218RMFS6
2024-11-11,66.3,17.73,1772,10.94,SU26218RMFS6
2024-11-12,66.484,17.67,1768,11.18,SU26218RMFS6
2024-11-13,66.639,17.61,1770,11.41,SU26218RMFS6
2024-11-14,66.937,17.51,1770,11.64,SU26218RMFS6
2024-11-15,66.999,17.5,1768,11.88,SU26218RMFS6
2024-11-18,66.595,17.64,1764,12.57,SU26218RMFS6
2024-11-19,65.647,17.99,1759,12.81,SU26218RMFS6
2024-11-20,65.541,18.03,1758,13.04,SU26218RMFS6
2024-11-21,65.798,17.94,1755,13.27,SU26218RMFS6
2024-11-22,65.704,17.98,1752,13.51,SU26218RMFS6
2024-11-25,65.36,18.11,1749,14.2,SU26218RMFS6
2024-11-26,65.209,18.17,1747,14.44,SU26218RMFS6
2024-11-27,65.186,18.18,1744,14.67,SU26218RMFS6
2024-11-28,65.129,18.2,1744,14.9,SU26218RMFS6
2024-11-29,65.187,18.19,1741,15.14,SU26218RMFS6
2024-12-02,65.511,18.07,1742,15.83,SU26218RMFS6
2024-12-03,65.674,18.01,1742,16.07,SU26218RMFS6
2024-12-04,65.31,18.15,1740,16.3,SU26218RMFS6
2024-12-05,65.431,18.11,1738,16.53,SU26218RMFS6
2024-12-06,65.667,18.03,1736,16.77,SU26218RMFS6
2024-12-09,65.486,18.1,1735,17.46,SU26218RMFS6
2024-12-10,65.505,18.1,1733,17.7,SU26218RMFS6
2024-12-11,65.333,18.16,1732,17.93,SU26218RMFS6
2024-12-12,65.01,18.29,1729,18.16,SU26218RMFS6
2024-12-13,65.082,18.27,1725,18.4,SU26218RMFS6
2024-12-16,64.806,18.37,1723,19.09,SU26218RMFS6
2024-12-17,64.696,18.42,1722,19.33,SU26218RMFS6
2024-12-18,65.142,18.25,1721,19.56,SU26218RMFS6
2024-12-19,65.043,18.29,1722,19.79,SU26218RMFS6
2024-12-20,68.6,17.02,1735,20.03,SU26218RMFS6
2024-12-23,71.455,16.06,1751,20.72,SU26218RMFS6
2024-12-24,70.635,16.33,1752,20.96,SU26218RMFS6
2024-12-25,70.39,16.42,1747,21.19,SU26218RMFS6
2024-12-26,70.68,16.32,1748,21.42,SU26218RMFS6
2024-12-27,70.497,16.38,1747,21.66,SU26218RMFS6
2024-12-28,71.178,16.16,1747,21.89,SU26218RMFS6
2024-12-30,71.076,16.21,1745,22.35,SU26218RMFS6
2025-01-03,70.598,16.37,1739,23.29,SU26218RMFS6
2025-01-06,70.629,16.37,1736,23.98,SU26218RMFS6
2025-01-08,70.15,16.53,1733,24.45,SU26218RMFS6
2025-01-09,70.073,16.56,1732,24.68,SU26218RMFS6
2025-01-10,70.109,16.55,1728,24.92,SU26218RMFS6
2025-01-13,70.253,16.51,1727,25.61,SU26218RMFS6
2025-01-14,70.215,16.52,1727,25.85,SU26218RMFS6
2025-01-15,70.13,16.55,1725,26.08,SU26218RMFS6
2025-01-16,70.042,16.59,1724,26.31,SU26218RMFS6
2025-01-17,69.784,16.68,1719,26.55,SU26218RMFS6
2025-01-20,70.103,16.57,1719,27.24,SU26218RMFS6
2025-01-21,69.997,16.61,1718,27.48,SU26218RMFS6
2025-01-22,69.995,16.62,1716,27.71,SU26218RMFS6
2025-01-23,69.83,16.68,1715,27.94,SU26218RMFS6
2025-01-24,69.929,16.65,1712,28.18,SU26218RMFS6
2025-01-27,69.855,16.68,1711,28.87,SU26218RMFS6
2025-01-28,69.412,16.83,1707,29.11,SU26218RMFS6
2025-01-29,69.26,16.89,1704,29.34,SU26218RMFS6
2025-01-30,69.36,16.85,1705,29.57,SU26218RMFS6
2025-01-31,69.395,16.85,1702,29.81,SU26218RMFS6
2025-02-03,68.7,17.1,1699,30.5,SU26218RMFS6
2025-02-04,68.294,17.24,1693,30.74,SU26218RMFS6
2025-02-05,69.077,16.97,1692,30.97,SU26218RMFS6
2025-02-06,69.2,16.93,1697,31.2,SU26218RMFS6
2025-02-07,69.213,16.93,1694,31.44,SU26218RMFS6
2025-02-10,69.036,17.0,1693,32.13,SU26218RMFS6
2025-02-11,68.879,17.05,1690,32.37,SU26218RMFS6
2025-02-12,70.78,16.4,1692,32.6,SU26218RMFS6
2025-02-13,71.8,16.07,1699,32.83,SU26218RMFS6
2025-02-14,70.545,16.49,1702,33.07,SU26218RMFS6
2025-02-17,70.997,16.34,1694,33.76,SU26218RMFS6
2025-02-18,70.752,16.43,1694,34.0,SU26218RMFS6
2025-02-19,71.3,16.25,1694,34.23,SU26218RMFS6
2025-02-20,71.518,16.18,1696,34.46,SU26218RMFS6
2025-02-21,71.614,16.15,1695,34.7,SU26218RMFS6
2025-02-24,71.679,16.13,1691,35.39,SU26218RMFS6
2025-02-25,72.139,15.98,1692,35.63,SU26218RMFS6
2025-02-26,71.927,16.06,1693,35.86,SU26218RMFS6
2025-02-27,72.39,15.9,1691,36.09,SU26218RMFS6
2025-02-28,72.318,15.94,1690,36.33,SU26218RMFS6
2025-03-03,72.499,15.88,1689,37.02,SU26218RMFS6
2025-03-04,73.276,15.63,1692,37.26,SU26218RMFS6
2025-03-05,73.6,15.53,1694,37.49,SU26218RMFS6
2025-03-06,74.09,15.37,1696,37.72,SU26218RMFS6
2025-03-07,74.956,15.1,1697,37.96,SU26218RMFS6
2025-03-10,74.768,15.17,1697,38.65,SU26218RMFS6
2025-03-11,74.528,15.24,1693,38.89,SU26218RMFS6
2025-03-12,74.916,15.12,1692,39.12,SU26218RMFS6
2025-03-13,74.742,15.18,1690,39.35,SU26218RMFS6
2025-03-14,74.975,15.11,1689,39.59,SU26218RMFS6
2025-03-17,75.63,14.91,1692,40.28,SU26218RMFS6
2025-03-18,75.665,14.9,1692,40.52,SU26218RMFS6
2025-03-19,76.095,14.77,1691,40.75,SU26218RMFS6
2025-03-20,75.618,14.92,1692,40.98,SU26218RMFS6
2025-03-21,75.168,15.07,1684,41.22,SU26218RMFS6
2025-03-24,74.352,15.33,1680,41.91,SU26218RMFS6
2025-03-25,74.7,15.22,1773,42.15,SU26218RMFS6
2025-03-26,73.883,15.48,1772,0.0,SU26218RMFS6
2025-03-27,73.863,15.49,1769,0.23,SU26218RMFS6
2025-03-28,73.508,15.61,1766,0.47,SU26218RMFS6
2025-03-31,73.175,15.72,1761,1.16,SU26218RMFS6
2025-04-01,72.96,15.8,1760,1.4,SU26218RMFS6
2025-04-02,72.979,15.79,1759,1.63,SU26218RMFS6
2025-04-03,72.342,16.0,1756,1.86,SU26218RMFS6
2025-04-04,71.742,16.21,1749,2.1,SU26218RMFS6
2025-04-07,71.189,16.4,1742,2.79,SU26218RMFS6
2025-04-08,71.499,16.3,1746,3.03,SU26218RMFS6
2025-04-09,71.579,16.27,1741,3.26,SU26218RMFS6
2025-04-10,71.51,16.3,1743,3.49,SU26218RMFS6
2025-04-11,72.619,15.93,1744,3.73,SU26218RMFS6
2025-04-14,72.416,16.0,1744,4.42,SU26218RMFS6
2025-04-15,72.36,16.02,1742,4.66,SU26218RMFS6
2025-04-16,72.957,15.83,1743,4.89,SU26218RMFS6
2025-04-17,73.241,15.74,1745,5.12,SU26218RMFS6
2025-04-18,72.64,15.94,1738,5.36,SU26218RMFS6
2025-04-21,72.852,15.87,1738,6.05,SU26218RMFS6
2025-04-22,73.3,15.73,1738,6.29,SU26218RMFS6
2025-04-23,73.078,15.8,1737,6.52,SU26218RMFS6
2025-04-24,73.079,15.8,1737,6.75,SU26218RMFS6
2025-04-25,73.381,15.71,1734,6.99,SU26218RMFS6
2025-04-28,73.047,15.82,1732,7.68,SU26218RMFS6
2025-04-29,72.449,16.02,1730,7.92,SU26218RMFS6
2025-04-30,72.35,16.06,1725,8.15,SU26218RMFS6
2025-05-02,71.614,16.32,1719,8.62,SU26218RMFS6
2025-05-05,71.189,16.46,1716,9.31,SU26218RMFS6
2025-05-06,71.758,16.27,1715,9.55,SU26218RMFS6
2025-05-07,72.401,16.06,1717,9.78,SU26218RMFS6
2025-05-08,72.676,15.98,1717,10.01,SU26218RMFS6
2025-05-12,72.77,15.95,1717,10.94,SU26218RMFS6
2025-05-13,72.404,16.07,1714,11.18,SU26218RMFS6
2025-05-14,72.302,16.11,1712,11.41,SU26218RMFS6
2025-05-15,72.473,16.05,1712,11.64,SU26218RMFS6
2025-05-16,72.487,16.05,1709,11.88,SU26218RMFS6
2025-05-19,72.935,15.91,1710,12.57,SU26218RMFS6
2025-05-20,72.786,15.96,1709,12.81,SU26218RMFS6
2025-05-21,72.92,15.92,1708,13.04,SU26218RMFS6
2025-05-22,72.82,15.95,1706,13.27,SU26218RMFS6
2025-05-23,72.975,15.91,1703,13.51,SU26218RMFS6
2025-05-26,72.544,16.05,1702,14.2,SU26218RMFS6
2025-05-27,72.491,16.07,1700,14.44,SU26218RMFS6
2025-05-28,73.009,15.9,1699,14.67,SU26218RMFS6
2025-05-29,73.409,15.77,1701,14.9,SU26218RMFS6
2025-05-30,73.948,15.6,1701,15.14,SU26218RMFS6
2025-06-02,74.449,15.44,1701,15.83,SU26218RMFS6
2025-06-03,75.124,15.22,1704,16.07,SU26218RMFS6
2025-06-04,75.932,14.97,1706,16.3,SU26218RMFS6
2025-06-05,75.683,15.05,1705,16.53,SU26218RMFS6
2025-06-06,74.713,15.37,1699,16.77,SU26218RMFS6
2025-06-09,74.948,15.29,1696,17.46,SU26218RMFS6
2025-06-10,75.561,15.1,1699,17.7,SU26218RMFS6
2025-06-11,75.931,14.98,1699,17.93,SU26218RMFS6
2025-06-13,75.844,15.02,1696,18.4,SU26218RMFS6
2025-06-16,75.594,15.1,1694,19.09,SU26218RMFS6
2025-06-17,75.213,15.22,1691,19.33,SU26218RMFS6
2025-06-18,75.761,15.05,1691,19.56,SU26218RMFS6
2025-06-19,76.288,14.88,1693,19.79,SU26218RMFS6
2025-06-20,76.5,14.82,1690,20.03,SU26218RMFS6
2025-06-23,76.161,14.93,1689,20.72,SU26218RMFS6
2025-06-24,76.224,14.92,1687,20.96,SU26218RMFS6
2025-06-25,76.881,14.71,1689,21.19,SU26218RMFS6
2025-06-26,77.108,14.64,1690,21.42,SU26218RMFS6
2025-06-27,77.131,14.64,1688,21.66,SU26218RMFS6
2025-06-30,77.707,14.46,1688,22.35,SU26218RMFS6
2025-07-01,77.648,14.48,1688,22.59,SU26218RMFS6
2025-07-02,78.058,14.36,1687,22.82,SU26218RMFS6
2025-07-03,77.88,14.41,1687,23.05,SU26218RMFS6
2025-07-04,77.635,14.5,1682,23.29,SU26218RMFS6
2025-07-07,77.575,14.52,1681,23.98,SU26218RMFS6
2025-07-08,77.512,14.54,1680,24.22,SU26218RMFS6
2025-07-09,77.306,14.61,1679,24.45,SU26218RMFS6
2025-07-10,77.79,14.46,1679,24.68,SU26218RMFS6
2025-07-11,77.57,14.53,1676,24.92,SU26218RMFS6
2025-07-14,77.861,14.44,1674,25.61,SU26218RMFS6
2025-07-15,78.403,14.28,1676,25.85,SU26218RMFS6
2025-07-16,78.899,14.13,1677,26.08,SU26218RMFS6
2025-07-17,79.246,14.02,1678,26.31,SU26218RMFS6
2025-07-18,79.281,14.02,1675,26.55,SU26218RMFS6
2025-07-21,79.264,14.03,1675,27.24,SU26218RMFS6
2025-07-22,79.14,14.07,1673,27.48,SU26218RMFS6
2025-07-23,79.512,13.95,1673,27.71,SU26218RMFS6
2025-07-24,79.457,13.97,1672,27.94,SU26218RMFS6
2025-07-25,79.864,13.86,1670,28.18,SU26218RMFS6
2025-07-28,79.851,13.86,1670,28.87,SU26218RMFS6
2025-07-29,79.849,13.86,1668,29.11,SU26218RMFS6
2025-07-30,80.286,13.74,1668,29.34,SU26218RMFS6
2025-07-31,80.134,13.78,1668,29.57,SU26218RMFS6
2025-08-01,79.971,13.84,1664,29.81,SU26218RMFS6
2025-08-04,79.925,13.85,1663,30.5,SU26218RMFS6
2025-08-05,80.059,13.81,1662,30.74,SU26218RMFS6
2025-08-06,80.298,13.74,1661,30.97,SU26218RMFS6
2025-08-07,81.024,13.53,1663,31.2,SU26218RMFS6
2025-08-08,81.932,13.27,1663,31.44,SU26218RMFS6
2025-08-11,81.809,13.31,1664,32.13,SU26218RMFS6
2025-08-12,81.873,13.29,1663,32.37,SU26218RMFS6
2025-08-13,81.995,13.26,1661,32.6,SU26218RMFS6
2025-08-14,81.86,13.3,1661,32.83,SU26218RMFS6
2025-08-15,82.12,13.23,1659,33.07,SU26218RMFS6
2025-08-18,82.18,13.21,1658,33.76,SU26218RMFS6
2025-08-19,82.049,13.25,1657,34.0,SU26218RMFS6
2025-08-20,81.179,13.51,1652,34.23,SU26218RMFS6
2025-08-21,80.619,13.68,1648,34.46,SU26218RMFS6
2025-08-22,80.884,13.6,1645,34.7,SU26218RMFS6
2025-08-25,80.349,13.76,1644,35.39,SU26218RMFS6
2025-08-26,80.431,13.74,1643,35.63,SU26218RMFS6
2025-08-27,80.398,13.75,1641,35.86,SU26218RMFS6
2025-08-28,80.078,13.85,1639,36.09,SU26218RMFS6
2025-08-29,79.634,13.99,1634,36.33,SU26218RMFS6
2025-09-01,79.846,13.93,1633,37.02,SU26218RMFS6
2025-09-02,79.971,13.89,1633,37.26,SU26218RMFS6
2025-09-03,80.859,13.63,1632,37.49,SU26218RMFS6
2025-09-04,81.319,13.49,1636,37.72,SU26218RMFS6
2025-09-05,81.233,13.52,1633,37.96,SU26218RMFS6
2025-09-08,81.42,13.47,1633,38.65,SU26218RMFS6
2025-09-09,80.736,13.68,1630,38.89,SU26218RMFS6
2025-09-10,80.202,13.84,1626,39.12,SU26218RMFS6
2025-09-11,80.494,13.75,1624,39.35,SU26218RMFS6
2025-09-12,79.917,13.94,1619,39.59,SU26218RMFS6
2025-09-15,79.912,13.94,1619,40.28,SU26218RMFS6
2025-09-16,79.877,13.95,1618,40.52,SU26218RMFS6
2025-09-17,80.356,13.81,1617,40.75,SU26218RMFS6
2025-09-18,79.699,14.01,1617,40.98,SU26218RMFS6
2025-09-19,78.94,14.25,1610,41.22,SU26218RMFS6
2025-09-22,78.91,14.26,1608,41.91,SU26218RMFS6
2025-09-23,78.786,14.3,1693,42.15,SU26218RMFS6
2025-09-24,79.1,14.21,1692,0.0,SU26218RMFS6
2025-09-25,78.449,14.41,1690,0.23,SU26218RMFS6
2025-09-26,78.728,14.33,1687,0.47,SU26218RMFS6
2025-09-29,77.923,14.59,1684,1.16,SU26218RMFS6
2025-09-30,77.646,14.68,1681,1.4,SU26218RMFS6
2025-10-01,77.65,14.68,1681,1.63,SU26218RMFS6
2025-10-02,77.151,14.84,1678,1.86,SU26218RMFS6
2025-10-03,77.285,14.8,1675,2.1,SU26218RMFS6
2025-10-06,77.216,14.83,1674,2.79,SU26218RMFS6
2025-10-07,77.299,14.8,1673,3.03,SU26218RMFS6
2025-10-08,75.971,15.24,1669,3.26,SU26218RMFS6
2025-10-09,76.635,15.02,1666,3.49,SU26218RMFS6
2025-10-10,76.202,15.17,1663,3.73,SU26218RMFS6
2025-10-13,76.041,15.23,1662,4.42,SU26218RMFS6
2025-10-14,75.806,15.31,1660,4.66,SU26218RMFS6
2025-10-15,76.093,15.21,1659,4.89,SU26218RMFS6
2025-10-16,77.7,14.69,1661,5.12,SU26218RMFS6
2025-10-17,77.9,14.63,1661,5.36,SU26218RMFS6
2025-10-20,77.119,14.89,1659,6.05,SU26218RMFS6
2025-10-21,76.77,15.0,1656,6.29,SU26218RMFS6
2025-10-22,76.524,15.09,1655,6.52,SU26218RMFS6
2025-10-23,76.595,15.06,1654,6.75,SU26218RMFS6
2025-10-24,76.667,15.05,1651,6.99,SU26218RMFS6
2025-10-27,75.856,15.32,1647,7.68,SU26218RMFS6
2025-10-28,76.172,15.22,1647,7.92,SU26218RMFS6
2025-10-29,76.629,15.07,1647,8.15,SU26218RMFS6
2025-10-30,77.255,14.86,1648,8.38,SU26218RMFS6
2025-10-31,76.902,14.98,1647,8.62,SU26218RMFS6
2025-11-01,77.056,14.94,1645,8.85,SU26218RMFS6
2025-11-03,77.358,14.84,1644,9.31,SU26218RMFS6
2025-11-05,77.435,14.82,1643,9.78,SU26218RMFS6
2025-11-06,77.354,14.85,1642,10.01,SU26218RMFS6
2025-11-07,77.67,14.75,1639,10.25,SU26218RMFS6
2025-11-10,77.802,14.71,1640,10.94,SU26218RMFS6
2025-11-11,77.907,14.68,1638,11.18,SU26218RMFS6
2025-11-12,78.35,14.54,1639,11.41,SU26218RMFS6
2025-11-13,78.42,14.52,1639,11.64,SU26218RMFS6
2025-11-14,78.449,14.51,1635,11.88,SU26218RMFS6
2025-11-17,78.164,14.61,1634,12.57,SU26218RMFS6
2025-11-18,78.22,14.59,1633,12.81,SU26218RMFS6
2025-11-19,78.473,14.51,1632,13.04,SU26218RMFS6
2025-11-20,78.722,14.43,1633,13.27,SU26218RMFS6
2025-11-21,78.788,14.42,1630,13.51,SU26218RMFS6
2025-11-24,78.502,14.51,1628,14.2,SU26218RMFS6
2025-11-25,78.379,14.55,1627,14.44,SU26218RMFS6
2025-11-26,78.004,14.68,1625,14.67,SU26218RMFS6
2025-11-27,77.902,14.71,1623,14.9,SU26218RMFS6
2025-11-28,78.202,14.62,1621,15.14,SU26218RMFS6
2025-12-01,78.002,14.69,1618,15.83,SU26218RMFS6
2025-12-02,78.174,14.63,1619,16.07,SU26218RMFS6
2025-12-03,78.495,14.53,1617,16.3,SU26218RMFS6
2025-12-04,78.764,14.45,1618,16.53,SU26218RMFS6
2025-12-05,79.103,14.35,1616,16.77,SU26218RMFS6
2025-12-08,78.896,14.41,1615,17.46,SU26218RMFS6
2025-12-09,78.963,14.4,1614,17.7,SU26218RMFS6
2025-12-10,79.015,14.38,1613,17.93,SU26218RMFS6
2025-12-11,79.491,14.23,1614,18.16,SU26218RMFS6
2025-12-12,79.695,14.17,1611,18.4,SU26218RMFS6
2025-12-15,79.985,14.08,1612,19.09,SU26218RMFS6
2025-12-16,79.92,14.11,1611,19.33,SU26218RMFS6
2025-12-17,80.417,13.95,1610,19.56,SU26218RMFS6
2025-12-18,80.241,14.01,1610,19.79,SU26218RMFS6
2025-12-19,79.505,14.25,1605,20.03,SU26218RMFS6
2025-12-22,79.112,14.37,1602,20.72,SU26218RMFS6
2025-12-23,78.696,14.51,1600,20.96,SU26218RMFS6
2025-12-24,78.619,14.54,1599,21.19,SU26218RMFS6
2025-12-25,78.55,14.56,1597,21.42,SU26218RMFS6
2025-12-26,78.762,14.5,1594,21.66,SU26218RMFS6
2025-12-29,79.525,14.26,1595,22.35,SU26218RMFS6
2025-12-30,79.299,14.34,1589,22.59,SU26218RMFS6
2021-01-04,114.898,6.41,3816,18.77,SU26230RMFS1
2021-01-05,114.95,6.4,3818,18.98,SU26230RMFS1
2021-01-06,114.947,6.4,3816,19.2,SU26230RMFS1
2021-01-08,114.5,6.44,3811,19.62,SU26230RMFS1
2021-01-11,113.39,6.54,3795,20.25,SU26230RMFS1
2021-01-12,113.571,6.53,3792,20.46,SU26230RMFS1
2021-01-13,113.08,6.57,3791,20.67,SU26230RMFS1
2021-01-14,112.65,6.61,3784,20.88,SU26230RMFS1
2021-01-15,111.8,6.68,3769,21.09,SU26230RMFS1
2021-01-18,111.729,6.69,3763,21.73,SU26230RMFS1
2021-01-19,112.1,6.66,3768,21.94,SU26230RMFS1
2021-01-20,112.198,6.65,3768,22.15,SU26230RMFS1
2021-01-21,111.65,6.7,3762,22.36,SU26230RMFS1
2021-01-22,110.25,6.83,3745,22.57,SU26230RMFS1
2021-01-25,110.5,6.8,3742,23.2,SU26230RMFS1
2021-01-26,111.119,6.75,3744,23.41,SU26230RMFS1
2021-01-27,110.65,6.79,3743,23.62,SU26230RMFS1
2021-01-28,110.699,6.78,3736,23.84,SU26230RMFS1
2021-01-29,110.6,6.79,3739,24.05,SU26230RMFS1
2021-02-01,110.976,6.76,3739,24.68,SU26230RMFS1
2021-02-02,110.48,6.8,3735,24.89,SU26230RMFS1
2021-02-03,109.947,6.85,3721,25.1,SU26230RMFS1
2021-02-04,110.001,6.85,3729,25.31,SU26230RMFS1
2021-02-05,111.199,6.74,3734,25.52,SU26230RMFS1
2021-02-08,111.102,6.75,3739,26.16,SU26230RMFS1
2021-02-09,110.302,6.82,3728,26.37,SU26230RMFS1
2021-02-10,110.108,6.84,3723,26.58,SU26230RMFS1
2021-02-11,109.4,6.9,3713,26.79,SU26230RMFS1
2021-02-12,108.56,6.98,3701,27.0,SU26230RMFS1
2021-02-15,108.099,7.03,3696,27.63,SU26230RMFS1
2021-02-16,107.659,7.07,3684,27.84,SU26230RMFS1
2021-02-17,108.249,7.01,3684,28.05,SU26230RMFS1
2021-02-18,108.139,7.02,3689,28.27,SU26230RMFS1
2021-02-19,107.697,7.06,3678,28.48,SU26230RMFS1
2021-02-20,107.87,7.05,3680,28.69,SU26230RMFS1
2021-02-22,107.49,7.08,3673,29.11,SU26230RMFS1
2021-02-24,107.898,7.05,3679,29.53,SU26230RMFS1
2021-02-25,107.399,7.09,3676,29.74,SU26230RMFS1
2021-02-26,107.05,7.13,3662,29.95,SU26230RMFS1
2021-03-01,107.56,7.08,3668,30.59,SU26230RMFS1
2021-03-02,108.4,7.0,3673,30.8,SU26230RMFS1
2021-03-03,109.2,6.92,3683,31.01,SU26230RMFS1
2021-03-04,109.9,6.86,3695,31.22,SU26230RMFS1
2021-03-05,108.883,6.95,3680,31.43,SU26230RMFS1
2021-03-09,108.579,6.98,3680,32.27,SU26230RMFS1
2021-03-10,108.345,7.0,3666,32.48,SU26230RMFS1
2021-03-11,108.099,7.03,3661,32.69,SU26230RMFS1
2021-03-12,107.88,7.05,3658,32.91,SU26230RMFS1
2021-03-15,107.401,7.09,3657,33.54,SU26230RMFS1
2021-03-16,107.51,7.08,3653,33.75,SU26230RMFS1
2021-03-17,107.098,7.12,3646,33.96,SU26230RMFS1
2021-03-18,106.3,7.2,3642,34.17,SU26230RMFS1
2021-03-19,106.0,7.23,3630,34.38,SU26230RMFS1
2021-03-22,105.4,7.29,3618,35.02,SU26230RMFS1
2021-03-23,104.5,7.38,3601,35.23,SU26230RMFS1
2021-03-24,105.099,7.32,3609,35.44,SU26230RMFS1
2021-03-25,105.665,7.26,3618,35.65,SU26230RMFS1
2021-03-26,106.748,7.16,3624,35.86,SU26230RMFS1
2021-03-29,106.751,7.16,3627,36.49,SU26230RMFS1
2021-03-30,105.88,7.24,3620,36.7,SU26230RMFS1
2021-03-31,106.304,7.2,3618,36.91,SU26230RMFS1
2021-04-01,105.85,7.24,3614,37.12,SU26230RMFS1
2021-04-02,105.9,7.24,3613,37.34,SU26230RMFS1
2021-04-05,105.817,7.25,3607,37.97,SU26230RMFS1
2021-04-06,104.992,7.33,3606,38.18,SU26230RMFS1
2021-04-07,104.569,7.37,3714,0.0,SU26230RMFS1
2021-04-08,104.401,7.39,3716,0.21,SU26230RMFS1
2021-04-09,104.162,7.41,3711,0.42,SU26230RMFS1
2021-04-12,104.498,7.38,3714,1.05,SU26230RMFS1
2021-04-13,105.0,7.33,3711,1.27,SU26230RMFS1
2021-04-14,106.5,7.18,3733,1.48,SU26230RMFS1
2021-04-15,105.999,7.23,3716,1.69,SU26230RMFS1
2021-04-16,106.972,7.13,3746,1.9,SU26230RMFS1
2021-04-19,106.17,7.21,3729,2.53,SU26230RMFS1
2021-04-20,106.101,7.22,3726,2.74,SU26230RMFS1
2021-04-21,106.3,7.2,3727,2.95,SU26230RMFS1
2021-04-22,107.054,7.12,3733,3.16,SU26230RMFS1
2021-04-23,107.0,7.13,3735,3.37,SU26230RMFS1
2021-04-26,107.071,7.12,3736,4.01,SU26230RMFS1
2021-04-27,106.586,7.17,3731,4.22,SU26230RMFS1
2021-04-28,106.349,7.19,3723,4.43,SU26230RMFS1
2021-04-29,106.12,7.22,3719,4.64,SU26230RMFS1
2021-04-30,106.002,7.23,3716,4.85,SU26230RMFS1
2021-05-04,106.314,7.2,3713,5.7,SU26230RMFS1
2021-05-05,106.592,7.17,3719,5.91,SU26230RMFS1
2021-05-06,106.648,7.16,3718,6.12,SU26230RMFS1
2021-05-07,106.424,7.18,3717,6.33,SU26230RMFS1
2021-05-10,106.644,7.16,3714,6.96,SU26230RMFS1
2021-05-11,106.068,7.22,3707,7.17,SU26230RMFS1
2021-05-12,105.499,7.28,3699,7.38,SU26230RMFS1
2021-05-13,105.2,7.31,3690,7.59,SU26230RMFS1
2021-05-14,105.7,7.26,3696,7.8,SU26230RMFS1
2021-05-17,105.599,7.27,3694,8.44,SU26230RMFS1
2021-05-18,105.499,7.28,3691,8.65,SU26230RMFS1
2021-05-19,105.35,7.29,3687,8.86,SU26230RMFS1
2021-05-20,105.7,7.26,3690,9.07,SU26230RMFS1
2021-05-21,105.748,7.25,3692,9.28,SU26230RMFS1
2021-05-24,105.55,7.27,3686,9.91,SU26230RMFS1
2021-05-25,105.45,7.28,3684,10.12,SU26230RMFS1
2021-05-26,105.844,7.24,3684,10.34,SU26230RMFS1
2021-05-27,105.882,7.24,3687,10.55,SU26230RMFS1
2021-05-28,105.735,7.25,3685,10.76,SU26230RMFS1
2021-05-31,105.629,7.26,3678,11.39,SU26230RMFS1
2021-06-01,105.552,7.27,3678,11.6,SU26230RMFS1
2021-06-02,105.507,7.27,3677,11.81,SU26230RMFS1
2021-06-03,105.498,7.27,3677,12.02,SU26230RMFS1
2021-06-04,105.429,7.28,3672,12.23,SU26230RMFS1
2021-06-07,105.021,7.32,3665,12.87,SU26230RMFS1
2021-06-08,104.45,7.38,3659,13.08,SU26230RMFS1
2021-06-09,104.699,7.35,3655,13.29,SU26230RMFS1
2021-06-10,105.1,7.31,3658,13.5,SU26230RMFS1
2021-06-11,105.799,7.24,3671,13.71,SU26230RMFS1
2021-06-14,105.818,7.24,3666,14.34,SU26230RMFS1
2021-06-15,105.249,7.3,3664,14.55,SU26230RMFS1
2021-06-16,105.499,7.27,3660,14.77,SU26230RMFS1
2021-06-17,105.924,7.23,3665,14.98,SU26230RMFS1
2021-06-18,106.404,7.18,3673,15.19,SU26230RMFS1
2021-06-21,106.311,7.19,3666,15.82,SU26230RMFS1
2021-06-22,105.953,7.23,3667,16.03,SU26230RMFS1
2021-06-23,106.137,7.21,3664,16.24,SU26230RMFS1
2021-06-24,106.51,7.17,3669,16.45,SU26230RMFS1
2021-06-25,106.3,7.19,3665,16.66,SU26230RMFS1
2021-06-28,106.0,7.22,3658,17.3,SU26230RMFS1
2021-06-29,105.651,7.26,3654,17.51,SU26230RMFS1
2021-06-30,105.85,7.24,3653,17.72,SU26230RMFS1
2021-07-01,105.849,7.24,3652,17.93,SU26230RMFS1
2021-07-02,105.765,7.25,3651,18.14,SU26230RMFS1
2021-07-05,105.79,7.24,3648,18.77,SU26230RMFS1
2021-07-06,105.622,7.26,3646,18.98,SU26230RMFS1
2021-07-07,105.4,7.28,3643,19.2,SU26230RMFS1
2021-07-08,105.252,7.3,3636,19.41,SU26230RMFS1
2021-07-09,105.45,7.28,3637,19.62,SU26230RMFS1
2021-07-12,105.3,7.29,3634,20.25,SU26230RMFS1
2021-07-13,105.211,7.3,3631,20.46,SU26230RMFS1
2021-07-14,105.21,7.3,3631,20.67,SU26230RMFS1
2021-07-15,105.29,7.29,3631,20.88,SU26230RMFS1
2021-07-16,105.053,7.32,3628,21.09,SU26230RMFS1
2021-07-19,104.999,7.32,3622,21.73,SU26230RMFS1
2021-07-20,105.252,7.3,3625,21.94,SU26230RMFS1
2021-07-21,105.82,7.24,3628,22.15,SU26230RMFS1
2021-07-22,106.812,7.14,3645,22.36,SU26230RMFS1
2021-07-23,107.01,7.12,3645,22.57,SU26230RMFS1
2021-07-26,107.34,7.09,3644,23.2,SU26230RMFS1
2021-07-27,107.36,7.09,3648,23.41,SU26230RMFS1
2021-07-28,107.452,7.08,3651,23.62,SU26230RMFS1
2021-07-29,107.551,7.07,3650,23.84,SU26230RMFS1
2021-07-30,107.81,7.04,3652,24.05,SU26230RMFS1
2021-08-02,107.328,7.09,3643,24.68,SU26230RMFS1
2021-08-03,107.1,7.11,3638,24.89,SU26230RMFS1
2021-08-04,106.953,7.13,3636,25.1,SU26230RMFS1
2021-08-05,106.979,7.13,3634,25.31,SU26230RMFS1
2021-08-06,106.85,7.14,3631,25.52,SU26230RMFS1
2021-08-09,106.5,7.17,3623,26.16,SU26230RMFS1
2021-08-10,106.251,7.2,3619,26.37,SU26230RMFS1
2021-08-11,106.189,7.2,3615,26.58,SU26230RMFS1
2021-08-12,106.011,7.22,3614,26.79,SU26230RMFS1
2021-08-13,106.113,7.21,3615,27.0,SU26230RMFS1
2021-08-16,106.65,7.16,3617,27.63,SU26230RMFS1
2021-08-17,106.501,7.17,3616,27.84,SU26230RMFS1
2021-08-18,106.45,7.18,3614,28.05,SU26230RMFS1
2021-08-19,105.901,7.23,3607,28.27,SU26230RMFS1
2021-08-20,105.924,7.23,3605,28.48,SU26230RMFS1
2021-08-23,105.762,7.25,3602,29.11,SU26230RMFS1
2021-08-24,105.754,7.25,3598,29.32,SU26230RMFS1
2021-08-25,105.501,7.27,3593,29.53,SU26230RMFS1
2021-08-26,105.2,7.3,3588,29.74,SU26230RMFS1
2021-08-27,105.838,7.24,3590,29.95,SU26230RMFS1
2021-08-30,105.506,7.27,3588,30.59,SU26230RMFS1
2021-08-31,105.528,7.27,3591,30.8,SU26230RMFS1
2021-09-01,105.749,7.25,3590,31.01,SU26230RMFS1
2021-09-02,105.47,7.27,3584,31.22,SU26230RMFS1
2021-09-03,105.552,7.27,3584,31.43,SU26230RMFS1
2021-09-06,105.439,7.28,3581,32.06,SU26230RMFS1
2021-09-07,105.264,7.29,3576,32.27,SU26230RMFS1
2021-09-08,105.168,7.3,3575,32.48,SU26230RMFS1
2021-09-09,105.268,7.29,3574,32.69,SU26230RMFS1
2021-09-10,105.428,7.28,3576,32.91,SU26230RMFS1
2021-09-13,105.601,7.26,3574,33.54,SU26230RMFS1
2021-09-14,105.106,7.31,3569,33.75,SU26230RMFS1
2021-09-15,105.054,7.32,3567,33.96,SU26230RMFS1
2021-09-16,105.053,7.32,3566,34.17,SU26230RMFS1
2021-09-17,104.95,7.33,3563,34.38,SU26230RMFS1
2021-09-20,104.138,7.41,3551,35.02,SU26230RMFS1
2021-09-21,104.496,7.37,3551,35.23,SU26230RMFS1
2021-09-22,104.499,7.37,3551,35.44,SU26230RMFS1
2021-09-23,103.799,7.44,3541,35.65,SU26230RMFS1
2021-09-24,103.196,7.51,3532,35.86,SU26230RMFS1
2021-09-27,103.249,7.5,3523,36.49,SU26230RMFS1
2021-09-28,103.349,7.49,3528,36.7,SU26230RMFS1
2021-09-29,102.897,7.54,3527,36.91,SU26230RMFS1
2021-09-30,103.299,7.5,3522,37.12,SU26230RMFS1
2021-10-01,102.915,7.54,3518,37.34,SU26230RMFS1
2021-10-04,101.913,7.64,3509,37.97,SU26230RMFS1
2021-10-05,101.103,7.73,3489,38.18,SU26230RMFS1
2021-10-06,101.035,7.74,3612,0.0,SU26230RMFS1
2021-10-07,102.048,7.63,3625,0.21,SU26230RMFS1
2021-10-08,102.423,7.59,3633,0.42,SU26230RMFS1
2021-10-11,101.902,7.64,3629,1.05,SU26230RMFS1
2021-10-12,101.318,7.7,3620,1.27,SU26230RMFS1
2021-10-13,102.493,7.58,3626,1.48,SU26230RMFS1
2021-10-14,102.64,7.56,3630,1.69,SU26230RMFS1
2021-10-15,102.298,7.6,3630,1.9,SU26230RMFS1
2021-10-18,101.73,7.66,3615,2.53,SU26230RMFS1
2021-10-19,101.7,7.66,3617,2.74,SU26230RMFS1
2021-10-20,101.604,7.67,3612,2.95,SU26230RMFS1
2021-10-21,100.805,7.76,3605,3.16,SU26230RMFS1
2021-10-22,100.038,7.84,3586,3.37,SU26230RMFS1
2021-10-25,98.827,7.98,3572,4.01,SU26230RMFS1
2021-10-26,98.621,8.0,3561,4.22,SU26230RMFS1
2021-10-27,98.5,8.01,3563,4.43,SU26230RMFS1
2021-10-28,97.564,8.12,3546,4.64,SU26230RMFS1
2021-10-29,97.403,8.14,3548,4.85,SU26230RMFS1
2021-11-01,96.275,8.27,3536,5.48,SU26230RMFS1
2021-11-02,96.355,8.26,3522,5.7,SU26230RMFS1
2021-11-03,96.59,8.23,3527,5.91,SU26230RMFS1
2021-11-05,96.505,8.24,3527,6.33,SU26230RMFS1
2021-11-08,97.499,8.13,3533,6.96,SU26230RMFS1
2021-11-09,98.398,8.02,3542,7.17,SU26230RMFS1
2021-11-10,99.136,7.94,3549,7.38,SU26230RMFS1
2021-11-11,98.67,7.99,3549,7.59,SU26230RMFS1
2021-11-12,97.635,8.11,3540,7.8,SU26230RMFS1
2021-11-15,97.102,8.17,3531,8.44,SU26230RMFS1
2021-11-16,96.752,8.21,3521,8.65,SU26230RMFS1
2021-11-17,97.229,8.16,3519,8.86,SU26230RMFS1
2021-11-18,96.643,8.22,3511,9.07,SU26230RMFS1
2021-11-19,96.313,8.26,3506,9.28,SU26230RMFS1
2021-11-22,94.547,8.47,3478,9.91,SU26230RMFS1
2021-11-23,95.32,8.38,3473,10.12,SU26230RMFS1
2021-11-24,95.332,8.38,3485,10.34,SU26230RMFS1
2021-11-25,95.921,8.31,3494,10.55,SU26230RMFS1
2021-11-26,95.742,8.33,3486,10.76,SU26230RMFS1
2021-11-29,96.247,8.27,3501,11.39,SU26230RMFS1
2021-11-30,96.265,8.27,3497,11.6,SU26230RMFS1
2021-12-01,95.24,8.39,3489,11.81,SU26230RMFS1
2021-12-02,95.685,8.33,3477,12.02,SU26230RMFS1
2021-12-03,95.438,8.36,3482,12.23,SU26230RMFS1
2021-12-06,94.729,8.45,3466,12.87,SU26230RMFS1
2021-12-07,94.71,8.45,3463,13.08,SU26230RMFS1
2021-12-08,94.489,8.48,3462,13.29,SU26230RMFS1
2021-12-09,94.9,8.43,3465,13.5,SU26230RMFS1
2021-12-10,94.579,8.47,3465,13.71,SU26230RMFS1
2021-12-13,93.98,8.54,3459,14.34,SU26230RMFS1
2021-12-14,93.8,8.56,3452,14.55,SU26230RMFS1
2021-12-15,94.59,8.46,3452,14.77,SU26230RMFS1
2021-12-16,94.665,8.46,3459,14.98,SU26230RMFS1
2021-12-17,95.263,8.38,3462,15.19,SU26230RMFS1
2021-12-20,95.429,8.37,3469,15.82,SU26230RMFS1
2021-12-21,94.936,8.42,3463,16.03,SU26230RMFS1
2021-12-22,95.099,8.4,3458,16.24,SU26230RMFS1
2021-12-23,94.94,8.42,3453,16.45,SU26230RMFS1
2021-12-24,95.047,8.41,3452,16.66,SU26230RMFS1
2021-12-27,94.95,8.42,3449,17.3,SU26230RMFS1
2021-12-28,95.0,8.42,3449,17.51,SU26230RMFS1
2021-12-29,94.901,8.43,3447,17.72,SU26230RMFS1
2021-12-30,95.281,8.38,3449,17.93,SU26230RMFS1
2022-01-03,95.5,8.36,3452,18.77,SU26230RMFS1
2022-01-04,95.4,8.37,3450,18.98,SU26230RMFS1
2022-01-05,95.159,8.4,3443,19.2,SU26230RMFS1
2022-01-06,94.844,8.44,3437,19.41,SU26230RMFS1
2022-01-07,,8.44,3436,19.62,SU26230RMFS1
2022-01-10,94.255,8.51,3427,20.25,SU26230RMFS1
2022-01-11,93.5,8.6,3416,20.46,SU26230RMFS1
2022-01-12,93.1,8.65,3408,20.67,SU26230RMFS1
2022-01-13,90.81,8.93,3385,20.88,SU26230RMFS1
2022-01-14,89.385,9.11,3346,21.09,SU26230RMFS1
2022-01-17,87.9,9.31,3312,21.73,SU26230RMFS1
2022-01-18,88.18,9.27,3308,21.94,SU26230RMFS1
2022-01-19,89.649,9.08,3341,22.15,SU26230RMFS1
2022-01-20,88.7,9.21,3326,22.36,SU26230RMFS1
2022-01-21,88.494,9.23,3324,22.57,SU26230RMFS1
2022-01-24,85.95,9.58,3273,23.2,SU26230RMFS1
2022-01-25,85.998,9.57,3275,23.41,SU26230RMFS1
2022-01-26,85.473,9.64,3267,23.62,SU26230RMFS1
2022-01-27,87.41,9.38,3280,23.84,SU26230RMFS1
2022-01-28,87.472,9.37,3300,24.05,SU26230RMFS1
2022-01-31,87.7,9.34,3302,24.68,SU26230RMFS1
2022-02-01,88.011,9.3,3300,24.89,SU26230RMFS1
2022-02-02,88.4,9.25,3303,25.1,SU26230RMFS1
2022-02-03,88.079,9.29,3299,25.31,SU26230RMFS1
2022-02-04,88.312,9.26,3302,25.52,SU26230RMFS1
2022-02-07,87.9,9.31,3294,26.16,SU26230RMFS1
2022-02-08,87.969,9.3,3290,26.37,SU26230RMFS1
2022-02-09,88.146,9.28,3294,26.58,SU26230RMFS1
2022-02-10,87.5,9.37,3287,26.79,SU26230RMFS1
2022-02-11,84.901,9.73,3255,27.0,SU26230RMFS1
2022-02-14,83.922,9.87,3229,27.63,SU26230RMFS1
2022-02-15,85.223,9.68,3234,27.84,SU26230RMFS1
2022-02-16,86.15,9.55,3246,28.05,SU26230RMFS1
2022-02-17,85.2,9.69,3244,28.27,SU26230RMFS1
2022-02-18,84.701,9.76,3235,28.48,SU26230RMFS1
2022-02-21,80.058,10.44,3214,29.11,SU26230RMFS1
2022-02-22,78.717,10.65,3113,29.32,SU26230RMFS1
2022-02-23,,10.65,3115,29.53,SU26230RMFS1
2022-02-24,66.82,12.81,2629,29.74,SU26230RMFS1
2022-02-25,70.965,11.99,2786,29.95,SU26230RMFS1
2022-02-28,,11.99,2850,30.59,SU26230RMFS1
2022-03-01,,11.99,2937,30.8,SU26230RMFS1
2022-03-02,,12.0,2936,31.01,SU26230RMFS1
2022-03-03,,12.0,2934,31.22,SU26230RMFS1
2022-03-04,,12.0,2933,31.43,SU26230RMFS1
2022-03-09,,12.0,2928,32.48,SU26230RMFS1
2022-03-10,,12.0,2927,32.69,SU26230RMFS1
2022-03-11,,12.0,2926,32.91,SU26230RMFS1
2022-03-14,,12.0,2923,33.54,SU26230RMFS1
2022-03-15,,12.0,2922,33.75,SU26230RMFS1
2022-03-16,,12.0,2921,33.96,SU26230RMFS1
2022-03-17,,12.0,2920,34.17,SU26230RMFS1
2022-03-18,,12.0,2919,34.38,SU26230RMFS1
2022-03-21,62.5,13.77,2495,35.02,SU26230RMFS1
2022-03-22,65.661,13.06,2785,35.23,SU26230RMFS1
2022-03-23,63.9,13.45,2736,35.44,SU26230RMFS1
2022-03-24,64.629,13.29,2757,35.65,SU26230RMFS1
2022-03-25,64.768,13.26,2767,35.86,SU26230RMFS1
2022-03-28,64.541,13.31,2756,36.49,SU26230RMFS1
2022-03-29,68.09,12.56,2787,36.7,SU26230RMFS1
2022-03-30,72.449,11.73,2914,36.91,SU26230RMFS1
2022-03-31,73.548,11.53,2948,37.12,SU26230RMFS1
2022-04-01,73.0,11.63,2958,37.34,SU26230RMFS1
2022-04-04,71.599,11.89,2937,37.97,SU26230RMFS1
2022-04-05,71.59,11.89,2915,38.18,SU26230RMFS1
2022-04-06,70.415,12.11,3050,0.0,SU26230RMFS1
2022-04-07,72.349,11.75,3096,0.21,SU26230RMFS1
2022-04-08,77.75,10.82,3144,0.42,SU26230RMFS1
2022-04-11,78.5,10.7,3210,1.05,SU26230RMFS1
2022-04-12,78.412,10.72,3207,1.27,SU26230RMFS1
2022-04-13,79.894,10.48,3200,1.48,SU26230RMFS1
2022-04-14,79.001,10.62,3230,1.69,SU26230RMFS1
2022-04-15,78.945,10.63,3194,1.9,SU26230RMFS1
2022-04-18,79.999,10.47,3218,2.53,SU26230RMFS1
2022-04-19,82.11,10.14,3255,2.74,SU26230RMFS1
2022-04-20,83.05,10.0,3274,2.95,SU26230RMFS1
2022-04-21,84.26,9.83,3301,3.16,SU26230RMFS1
2022-04-22,83.448,9.95,3292,3.37,SU26230RMFS1
2022-04-25,82.5,10.09,3265,4.01,SU26230RMFS1
2022-04-26,82.514,10.08,3277,4.22,SU26230RMFS1
2022-04-27,83.18,9.99,3282,4.43,SU26230RMFS1
2022-04-28,83.199,9.98,3273,4.64,SU26230RMFS1
2022-04-29,83.0,10.01,3279,4.85,SU26230RMFS1
2022-05-04,82.305,10.12,3257,5.91,SU26230RMFS1
2022-05-05,82.02,10.16,3273,6.12,SU26230RMFS1
2022-05-06,82.11,10.15,3247,6.33,SU26230RMFS1
2022-05-11,81.788,10.19,3237,7.38,SU26230RMFS1
2022-05-12,81.795,10.19,3237,7.59,SU26230RMFS1
2022-05-13,81.794,10.19,3236,7.8,SU26230RMFS1
2022-05-16,81.899,10.18,3230,8.44,SU26230RMFS1
2022-05-17,81.403,10.25,3227,8.65,SU26230RMFS1
2022-05-18,81.65,10.22,3227,8.86,SU26230RMFS1
2022-05-19,82.385,10.11,3238,9.07,SU26230RMFS1
2022-05-20,82.647,10.07,3245,9.28,SU26230RMFS1
2022-05-23,82.778,10.05,3238,9.91,SU26230RMFS1
2022-05-24,82.997,10.02,3246,10.12,SU26230RMFS1
2022-05-25,86.948,9.46,3301,10.34,SU26230RMFS1
2022-05-26,88.355,9.26,3331,10.55,SU26230RMFS1
2022-05-27,87.52,9.38,3329,10.76,SU26230RMFS1
2022-05-30,86.617,9.5,3309,11.39,SU26230RMFS1
2022-05-31,87.242,9.42,3307,11.6,SU26230RMFS1
2022-06-01,88.847,9.2,3328,11.81,SU26230RMFS1
2022-06-02,89.4,9.13,3344,12.02,SU26230RMFS1
2022-06-03,89.774,9.08,3347,12.23,SU26230RMFS1
2022-06-06,90.186,9.02,3349,12.87,SU26230RMFS1
2022-06-07,90.249,9.02,3351,13.08,SU26230RMFS1
2022-06-08,90.0,9.05,3347,13.29,SU26230RMFS1
2022-06-09,90.25,9.02,3353,13.5,SU26230RMFS1
2022-06-10,89.58,9.1,3348,13.71,SU26230RMFS1
2022-06-14,89.04,9.18,3329,14.55,SU26230RMFS1
2022-06-15,89.459,9.12,3324,14.77,SU26230RMFS1
2022-06-16,90.444,8.99,3345,14.98,SU26230RMFS1
2022-06-17,90.7,8.96,3344,15.19,SU26230RMFS1
2022-06-20,90.8,8.95,3348,15.82,SU26230RMFS1
2022-06-21,91.049,8.91,3348,16.03,SU26230RMFS1
2022-06-22,91.09,8.91,3348,16.24,SU26230RMFS1
2022-06-23,91.55,8.85,3353,16.45,SU26230RMFS1
2022-06-24,91.998,8.79,3360,16.66,SU26230RMFS1
2022-06-27,92.329,8.75,3366,17.3,SU26230RMFS1
2022-06-28,92.456,8.74,3365,17.51,SU26230RMFS1
2022-06-29,92.486,8.73,3367,17.72,SU26230RMFS1
2022-06-30,91.61,8.84,3351,17.93,SU26230RMFS1
2022-07-01,91.22,8.89,3347,18.14,SU26230RMFS1
2022-07-04,90.514,8.98,3333,18.77,SU26230RMFS1
2022-07-05,90.2,9.02,3326,18.98,SU26230RMFS1
2022-07-06,90.44,8.99,3320,19.2,SU26230RMFS1
2022-07-07,90.222,9.02,3325,19.41,SU26230RMFS1
2022-07-08,90.297,9.01,3321,19.62,SU26230RMFS1
2022-07-11,89.998,9.05,3318,20.25,SU26230RMFS1
2022-07-12,89.846,9.07,3315,20.46,SU26230RMFS1
2022-07-13,89.449,9.12,3306,20.67,SU26230RMFS1
2022-07-14,89.572,9.11,3305,20.88,SU26230RMFS1
2022-07-15,89.85,9.07,3305,21.09,SU26230RMFS1
2022-07-18,89.65,9.1,3302,21.73,SU26230RMFS1
2022-07-19,89.512,9.12,3300,21.94,SU26230RMFS1
2022-07-20,89.849,9.07,3302,22.15,SU26230RMFS1
2022-07-21,90.7,8.96,3310,22.36,SU26230RMFS1
2022-07-22,92.0,8.8,3336,22.57,SU26230RMFS1
2022-07-25,91.73,8.83,3329,23.2,SU26230RMFS1
2022-07-26,91.48,8.86,3320,23.41,SU26230RMFS1
2022-07-27,91.626,8.84,3322,23.62,SU26230RMFS1
2022-07-28,91.548,8.85,3318,23.84,SU26230RMFS1
2022-07-29,91.627,8.84,3317,24.05,SU26230RMFS1
2022-08-01,91.67,8.84,3319,24.68,SU26230RMFS1
2022-08-02,91.699,8.83,3322,24.89,SU26230RMFS1
2022-08-03,91.439,8.87,3315,25.1,SU26230RMFS1
2022-08-04,91.699,8.84,3313,25.31,SU26230RMFS1
2022-08-05,91.27,8.89,3307,25.52,SU26230RMFS1
2022-08-08,91.513,8.86,3309,26.16,SU26230RMFS1
2022-08-09,91.418,8.87,3304,26.37,SU26230RMFS1
2022-08-10,91.1,8.91,3302,26.58,SU26230RMFS1
2022-08-11,90.5,8.99,3290,26.79,SU26230RMFS1
2022-08-12,90.45,9.0,3286,27.0,SU26230RMFS1
2022-08-15,90.386,9.01,3285,27.63,SU26230RMFS1
2022-08-16,90.655,8.97,3284,27.84,SU26230RMFS1
2022-08-17,90.822,8.95,3287,28.05,SU26230RMFS1
2022-08-18,90.66,8.97,3286,28.27,SU26230RMFS1
2022-08-19,90.8,8.95,3284,28.48,SU26230RMFS1
2022-08-22,90.398,9.0,3290,29.11,SU26230RMFS1
2022-08-23,90.192,9.03,3275,29.32,SU26230RMFS1
2022-08-24,90.1,9.04,3270,29.53,SU26230RMFS1
2022-08-25,90.698,8.97,3276,29.74,SU26230RMFS1
2022-08-26,90.75,8.96,3281,29.95,SU26230RMFS1
2022-08-29,90.244,9.03,3268,30.59,SU26230RMFS1
2022-08-30,90.367,9.01,3268,30.8,SU26230RMFS1
2022-08-31,89.9,9.07,3260,31.01,SU26230RMFS1
2022-09-01,90.1,9.04,3260,31.22,SU26230RMFS1
2022-09-02,90.2,9.03,3262,31.43,SU26230RMFS1
2022-09-05,90.402,9.01,3261,32.06,SU26230RMFS1
2022-09-06,90.65,8.97,3265,32.27,SU26230RMFS1
2022-09-07,90.499,8.99,3258,32.48,SU26230RMFS1
2022-09-08,90.099,9.05,3256,32.69,SU26230RMFS1
2022-09-09,90.2,9.03,3256,32.91,SU26230RMFS1
2022-09-12,90.497,8.99,3254,33.54,SU26230RMFS1
2022-09-13,90.153,9.04,3250,33.75,SU26230RMFS1
2022-09-14,90.26,9.03,3247,33.96,SU26230RMFS1
2022-09-15,90.362,9.01,3246,34.17,SU26230RMFS1
2022-09-16,89.318,9.15,3249,34.38,SU26230RMFS1
2022-09-19,87.74,9.36,3209,35.02,SU26230RMFS1
2022-09-20,84.302,9.85,3171,35.23,SU26230RMFS1
2022-09-21,85.226,9.71,3124,35.44,SU26230RMFS1
2022-09-22,82.999,10.04,3135,35.65,SU26230RMFS1
2022-09-23,82.283,10.15,3109,35.86,SU26230RMFS1
2022-09-26,80.383,10.44,3050,36.49,SU26230RMFS1
2022-09-27,80.777,10.38,3081,36.7,SU26230RMFS1
2022-09-28,79.8,10.53,3072,36.91,SU26230RMFS1
2022-09-29,78.628,10.72,3046,37.12,SU26230RMFS1
2022-09-30,78.409,10.75,3019,37.34,SU26230RMFS1
2022-10-03,80.22,10.47,3035,37.97,SU26230RMFS1
2022-10-04,81.399,10.28,3079,38.18,SU26230RMFS1
2022-10-05,81.43,10.28,3220,0.0,SU26230RMFS1
2022-10-06,82.143,10.17,3233,0.21,SU26230RMFS1
2022-10-07,80.041,10.49,3224,0.42,SU26230RMFS1
2022-10-10,80.5,10.42,3200,1.05,SU26230RMFS1
2022-10-11,82.299,10.15,3226,1.27,SU26230RMFS1
2022-10-12,82.2,10.16,3234,1.48,SU26230RMFS1
2022-10-13,82.3,10.15,3232,1.69,SU26230RMFS1
2022-10-14,82.501,10.12,3234,1.9,SU26230RMFS1
2022-10-17,83.104,10.03,3237,2.53,SU26230RMFS1
2022-10-18,82.9,10.06,3236,2.74,SU26230RMFS1
2022-10-19,83.032,10.04,3238,2.95,SU26230RMFS1
2022-10-20,83.251,10.01,3238,3.16,SU26230RMFS1
2022-10-21,83.494,9.97,3237,3.37,SU26230RMFS1
2022-10-24,83.529,9.96,3242,4.01,SU26230RMFS1
2022-10-25,83.62,9.95,3239,4.22,SU26230RMFS1
2022-10-26,83.795,9.93,3242,4.43,SU26230RMFS1
2022-10-27,83.789,9.93,3241,4.64,SU26230RMFS1
2022-10-28,83.592,9.96,3239,4.85,SU26230RMFS1
2022-10-31,83.293,10.0,3233,5.48,SU26230RMFS1
2022-11-01,83.47,9.97,3228,5.7,SU26230RMFS1
2022-11-02,82.277,10.15,3212,5.91,SU26230RMFS1
2022-11-03,82.238,10.16,3205,6.12,SU26230RMFS1
2022-11-07,81.912,10.21,3199,6.96,SU26230RMFS1
2022-11-08,80.996,10.35,3189,7.17,SU26230RMFS1
2022-11-09,81.35,10.3,3185,7.38,SU26230RMFS1
2022-11-10,81.75,10.23,3193,7.59,SU26230RMFS1
2022-11-11,81.959,10.2,3192,7.8,SU26230RMFS1
2022-11-14,81.949,10.2,3192,8.44,SU26230RMFS1
2022-11-15,81.7,10.24,3193,8.65,SU26230RMFS1
2022-11-16,83.285,10.0,3209,8.86,SU26230RMFS1
2022-11-17,82.901,10.06,3211,9.07,SU26230RMFS1
2022-11-18,82.95,10.05,3208,9.28,SU26230RMFS1
2022-11-21,82.602,10.11,3204,9.91,SU26230RMFS1
2022-11-22,82.28,10.16,3188,10.12,SU26230RMFS1
2022-11-23,82.641,10.1,3191,10.34,SU26230RMFS1
2022-11-24,82.795,10.08,3196,10.55,SU26230RMFS1
2022-11-25,82.836,10.07,3196,10.76,SU26230RMFS1
2022-11-28,82.67,10.1,3193,11.39,SU26230RMFS1
2022-11-29,82.882,10.07,3192,11.6,SU26230RMFS1
2022-11-30,82.75,10.09,3191,11.81,SU26230RMFS1
2022-12-01,82.447,10.13,3188,12.02,SU26230RMFS1
2022-12-02,82.34,10.15,3179,12.23,SU26230RMFS1
2022-12-05,82.15,10.18,3175,12.87,SU26230RMFS1
2022-12-06,82.051,10.19,3172,13.08,SU26230RMFS1
2022-12-07,82.26,10.16,3171,13.29,SU26230RMFS1
2022-12-08,82.457,10.13,3180,13.5,SU26230RMFS1
2022-12-09,82.654,10.1,3178,13.71,SU26230RMFS1
2022-12-12,82.449,10.13,3172,14.34,SU26230RMFS1
2022-12-13,82.399,10.14,3171,14.55,SU26230RMFS1
2022-12-14,82.3,10.16,3171,14.77,SU26230RMFS1
2022-12-15,82.38,10.14,3169,14.98,SU26230RMFS1
2022-12-16,82.405,10.14,3168,15.19,SU26230RMFS1
2022-12-19,81.56,10.27,3153,15.82,SU26230RMFS1
2022-12-20,81.383,10.3,3148,16.03,SU26230RMFS1
2022-12-21,81.31,10.31,3145,16.24,SU26230RMFS1
2022-12-22,81.605,10.26,3147,16.45,SU26230RMFS1
2022-12-23,81.886,10.22,3149,16.66,SU26230RMFS1
2022-12-26,81.728,10.24,3143,17.3,SU26230RMFS1
2022-12-27,81.711,10.25,3148,17.51,SU26230RMFS1
2022-12-28,81.8,10.23,3147,17.72,SU26230RMFS1
2022-12-29,81.799,10.23,3147,17.93,SU26230RMFS1
2022-12-30,82.2,10.17,3148,18.14,SU26230RMFS1
2023-01-03,82.597,10.11,3153,18.98,SU26230RMFS1
2023-01-04,82.599,10.11,3154,19.2,SU26230RMFS1
2023-01-05,82.7,10.1,3154,19.41,SU26230RMFS1
2023-01-06,82.649,10.11,3153,19.62,SU26230RMFS1
2023-01-09,82.29,10.16,3141,20.25,SU26230RMFS1
2023-01-10,82.039,10.2,3138,20.46,SU26230RMFS1
2023-01-11,82.044,10.2,3135,20.67,SU26230RMFS1
2023-01-12,82.133,10.19,3135,20.88,SU26230RMFS1
2023-01-13,81.995,10.21,3134,21.09,SU26230RMFS1
2023-01-16,82.137,10.19,3131,21.73,SU26230RMFS1
2023-01-17,81.7,10.25,3129,21.94,SU26230RMFS1
2023-01-18,81.581,10.27,3121,22.15,SU26230RMFS1
2023-01-19,81.849,10.23,3121,22.36,SU26230RMFS1
2023-01-20,81.439,10.29,3116,22.57,SU26230RMFS1
2023-01-23,81.232,10.33,3109,23.2,SU26230RMFS1
2023-01-24,81.18,10.34,3106,23.41,SU26230RMFS1
2023-01-25,81.073,10.35,3104,23.62,SU26230RMFS1
2023-01-26,81.303,10.32,3106,23.84,SU26230RMFS1
2023-01-27,81.306,10.32,3104,24.05,SU26230RMFS1
2023-01-30,81.299,10.32,3102,24.68,SU26230RMFS1
2023-01-31,80.7,10.41,3096,24.89,SU26230RMFS1
2023-02-01,80.56,10.43,3090,25.1,SU26230RMFS1
2023-02-02,80.451,10.45,3088,25.31,SU26230RMFS1
2023-02-03,80.2,10.49,3083,25.52,SU26230RMFS1
2023-02-06,80.194,10.49,3077,26.16,SU26230RMFS1
2023-02-07,80.254,10.48,3076,26.37,SU26230RMFS1
2023-02-08,80.19,10.49,3072,26.58,SU26230RMFS1
2023-02-09,80.149,10.5,3072,26.79,SU26230RMFS1
2023-02-10,80.098,10.51,3070,27.0,SU26230RMFS1
2023-02-13,79.765,10.56,3065,27.63,SU26230RMFS1
2023-02-14,79.5,10.61,3058,27.84,SU26230RMFS1
2023-02-15,79.315,10.64,3051,28.05,SU26230RMFS1
2023-02-16,79.0,10.69,3046,28.27,SU26230RMFS1
2023-02-17,78.981,10.69,3044,28.48,SU26230RMFS1
2023-02-20,78.815,10.72,3040,29.11,SU26230RMFS1
2023-02-21,79.045,10.68,3039,29.32,SU26230RMFS1
2023-02-22,78.972,10.69,3038,29.53,SU26230RMFS1
2023-02-24,78.95,10.7,3038,29.95,SU26230RMFS1
2023-02-27,79.098,10.67,3035,30.59,SU26230RMFS1
2023-02-28,78.538,10.77,3020,30.8,SU26230RMFS1
2023-03-01,78.895,10.71,3027,31.01,SU26230RMFS1
2023-03-02,78.888,10.71,3030,31.22,SU26230RMFS1
2023-03-03,79.164,10.66,3031,31.43,SU26230RMFS1
2023-03-06,79.37,10.63,3033,32.06,SU26230RMFS1
2023-03-07,79.685,10.58,3037,32.27,SU26230RMFS1
2023-03-09,79.688,10.58,3034,32.69,SU26230RMFS1
2023-03-10,79.88,10.55,3035,32.91,SU26230RMFS1
2023-03-13,79.882,10.55,3032,33.54,SU26230RMFS1
2023-03-14,79.654,10.59,3031,33.75,SU26230RMFS1
2023-03-15,79.262,10.65,3024,33.96,SU26230RMFS1
2023-03-16,79.394,10.63,3023,34.17,SU26230RMFS1
2023-03-17,79.072,10.68,3019,34.38,SU26230RMFS1
2023-03-20,79.155,10.67,3010,35.02,SU26230RMFS1
2023-03-21,79.497,10.62,3014,35.23,SU26230RMFS1
2023-03-22,79.587,10.6,3021,35.44,SU26230RMFS1
2023-03-23,79.7,10.58,3020,35.65,SU26230RMFS1
2023-03-24,79.703,10.58,3023,35.86,SU26230RMFS1
2023-03-27,79.65,10.59,3020,36.49,SU26230RMFS1
2023-03-28,79.098,10.68,3013,36.7,SU26230RMFS1
2023-03-29,79.344,10.64,3006,36.91,SU26230RMFS1
2023-03-30,79.343,10.64,3006,37.12,SU26230RMFS1
2023-03-31,79.11,10.68,3005,37.34,SU26230RMFS1
2023-04-03,79.012,10.7,2999,37.97,SU26230RMFS1
2023-04-04,79.046,10.69,2998,38.18,SU26230RMFS1
2023-04-05,78.987,10.7,3141,0.0,SU26230RMFS1
2023-04-06,78.62,10.76,3138,0.21,SU26230RMFS1
2023-04-07,78.68,10.75,3127,0.42,SU26230RMFS1
2023-04-10,78.945,10.71,3135,1.05,SU26230RMFS1
2023-04-11,78.799,10.73,3134,1.27,SU26230RMFS1
2023-04-12,78.395,10.8,3125,1.48,SU26230RMFS1
2023-04-13,78.401,10.8,3122,1.69,SU26230RMFS1
2023-04-14,78.439,10.79,3121,1.9,SU26230RMFS1
2023-04-17,78.4,10.8,3119,2.53,SU26230RMFS1
2023-04-18,78.458,10.79,3116,2.74,SU26230RMFS1
2023-04-19,78.372,10.81,3115,2.95,SU26230RMFS1
2023-04-20,78.443,10.79,3117,3.16,SU26230RMFS1
2023-04-21,78.568,10.77,3117,3.37,SU26230RMFS1
2023-04-24,78.8,10.74,3118,4.01,SU26230RMFS1
2023-04-25,78.772,10.74,3119,4.22,SU26230RMFS1
2023-04-26,78.85,10.73,3118,4.43,SU26230RMFS1
2023-04-27,79.098,10.69,3120,4.64,SU26230RMFS1
2023-04-28,79.458,10.63,3123,4.85,SU26230RMFS1
2023-05-02,79.363,10.65,3124,5.7,SU26230RMFS1
2023-05-03,79.18,10.68,3117,5.91,SU26230RMFS1
2023-05-04,79.219,10.67,3117,6.12,SU26230RMFS1
2023-05-05,79.171,10.68,3115,6.33,SU26230RMFS1
2023-05-08,79.2,10.67,3113,6.96,SU26230RMFS1
2023-05-10,79.348,10.65,3110,7.38,SU26230RMFS1
2023-05-11,79.299,10.66,3111,7.59,SU26230RMFS1
2023-05-12,79.281,10.66,3108,7.8,SU26230RMFS1
2023-05-15,79.239,10.67,3106,8.44,SU26230RMFS1
2023-05-16,79.21,10.67,3103,8.65,SU26230RMFS1
2023-05-17,79.1,10.69,3102,8.86,SU26230RMFS1
2023-05-18,79.115,10.69,3101,9.07,SU26230RMFS1
2023-05-19,79.2,10.68,3100,9.28,SU26230RMFS1
2023-05-22,79.277,10.66,3098,9.91,SU26230RMFS1
2023-05-23,79.089,10.69,3095,10.12,SU26230RMFS1
2023-05-24,79.101,10.69,3093,10.34,SU26230RMFS1
2023-05-25,79.075,10.7,3093,10.55,SU26230RMFS1
2023-05-26,79.167,10.68,3093,10.76,SU26230RMFS1
2023-05-29,79.117,10.69,3089,11.39,SU26230RMFS1
2023-05-30,79.044,10.7,3085,11.6,SU26230RMFS1
2023-05-31,79.0,10.71,3083,11.81,SU26230RMFS1
2023-06-01,79.019,10.71,3080,12.02,SU26230RMFS1
2023-06-02,78.852,10.74,3081,12.23,SU26230RMFS1
2023-06-05,78.896,10.73,3078,12.87,SU26230RMFS1
2023-06-06,78.73,10.76,3076,13.08,SU26230RMFS1
2023-06-07,78.856,10.74,3075,13.29,SU26230RMFS1
2023-06-08,78.799,10.75,3072,13.5,SU26230RMFS1
2023-06-09,78.676,10.77,3067,13.71,SU26230RMFS1
2023-06-13,78.608,10.78,3062,14.55,SU26230RMFS1
2023-06-14,78.402,10.81,3061,14.77,SU26230RMFS1
2023-06-15,78.46,10.8,3059,14.98,SU26230RMFS1
2023-06-16,78.414,10.81,3056,15.19,SU26230RMFS1
2023-06-19,78.4,10.81,3054,15.82,SU26230RMFS1
2023-06-20,78.04,10.87,3049,16.03,SU26230RMFS1
2023-06-21,77.999,10.88,3045,16.24,SU26230RMFS1
2023-06-22,77.908,10.9,3044,16.45,SU26230RMFS1
2023-06-23,77.766,10.92,3040,16.66,SU26230RMFS1
2023-06-26,77.601,10.95,3036,17.3,SU26230RMFS1
2023-06-27,77.804,10.91,3036,17.51,SU26230RMFS1
2023-06-28,77.687,10.93,3032,17.72,SU26230RMFS1
2023-06-29,77.651,10.94,3030,17.93,SU26230RMFS1
2023-06-30,77.5,10.97,3026,18.14,SU26230RMFS1
2023-07-03,77.429,10.98,3021,18.77,SU26230RMFS1
2023-07-04,77.454,10.98,3021,18.98,SU26230RMFS1
2023-07-05,77.359,10.99,3019,19.2,SU26230RMFS1
2023-07-06,77.195,11.02,3016,19.41,SU26230RMFS1
2023-07-07,77.162,11.03,3012,19.62,SU26230RMFS1
2023-07-10,77.093,11.04,3010,20.25,SU26230RMFS1
2023-07-11,76.968,11.06,3005,20.46,SU26230RMFS1
2023-07-12,76.749,11.1,3003,20.67,SU26230RMFS1
2023-07-13,76.664,11.11,3000,20.88,SU26230RMFS1
2023-07-14,76.651,11.12,2996,21.09,SU26230RMFS1
2023-07-17,76.383,11.16,2993,21.73,SU26230RMFS1
2023-07-18,76.27,11.18,2987,21.94,SU26230RMFS1
2023-07-19,76.445,11.15,2986,22.15,SU26230RMFS1
2023-07-20,76.387,11.16,2985,22.36,SU26230RMFS1
2023-07-21,76.41,11.16,2983,22.57,SU26230RMFS1
2023-07-24,76.591,11.13,2984,23.2,SU26230RMFS1
2023-07-25,76.804,11.09,2989,23.41,SU26230RMFS1
2023-07-26,76.9,11.08,2989,23.62,SU26230RMFS1
2023-07-27,76.6,11.13,2985,23.84,SU26230RMFS1
2023-07-28,76.644,11.12,2980,24.05,SU26230RMFS1
2023-07-31,76.67,11.12,2980,24.68,SU26230RMFS1
2023-08-01,76.708,11.11,2979,24.89,SU26230RMFS1
2023-08-02,76.679,11.12,2977,25.1,SU26230RMFS1
2023-08-03,76.45,11.16,2974,25.31,SU26230RMFS1
2023-08-04,76.432,11.16,2970,25.52,SU26230RMFS1
2023-08-07,76.25,11.19,2966,26.16,SU26230RMFS1
2023-08-08,76.213,11.2,2965,26.37,SU26230RMFS1
2023-08-09,76.053,11.23,2960,26.58,SU26230RMFS1
2023-08-10,75.952,11.24,2956,26.79,SU26230RMFS1
2023-08-11,75.881,11.26,2953,27.0,SU26230RMFS1
2023-08-14,75.008,11.41,2943,27.63,SU26230RMFS1
2023-08-15,75.648,11.3,2937,27.84,SU26230RMFS1
2023-08-16,76.005,11.24,2948,28.05,SU26230RMFS1
2023-08-17,76.5,11.15,2956,28.27,SU26230RMFS1
2023-08-18,76.52,11.15,2955,28.48,SU26230RMFS1
2023-08-21,76.5,11.15,2955,29.11,SU26230RMFS1
2023-08-22,76.3,11.19,2952,29.32,SU26230RMFS1
2023-08-23,75.9,11.26,2944,29.53,SU26230RMFS1
2023-08-24,75.58,11.31,2938,29.74,SU26230RMFS1
2023-08-25,75.569,11.32,2932,29.95,SU26230RMFS1
2023-08-28,75.379,11.35,2927,30.59,SU26230RMFS1
2023-08-29,75.298,11.37,2926,30.8,SU26230RMFS1
2023-08-30,75.389,11.35,2923,31.01,SU26230RMFS1
2023-08-31,75.293,11.37,2923,31.22,SU26230RMFS1
2023-09-01,75.301,11.37,2921,31.43,SU26230RMFS1
2023-09-04,75.243,11.38,2917,32.06,SU26230RMFS1
2023-09-05,75.0,11.42,2913,32.27,SU26230RMFS1
2023-09-06,74.0,11.6,2902,32.48,SU26230RMFS1
2023-09-07,73.266,11.74,2876,32.69,SU26230RMFS1
2023-09-08,72.801,11.82,2869,32.91,SU26230RMFS1
2023-09-11,72.771,11.83,2869,33.54,SU26230RMFS1
2023-09-12,74.166,11.57,2879,33.75,SU26230RMFS1
2023-09-13,73.9,11.62,2882,33.96,SU26230RMFS1
2023-09-14,73.49,11.7,2876,34.17,SU26230RMFS1
2023-09-15,73.948,11.62,2872,34.38,SU26230RMFS1
2023-09-18,74.046,11.6,2878,35.02,SU26230RMFS1
2023-09-19,73.607,11.68,2875,35.23,SU26230RMFS1
2023-09-20,73.275,11.74,2863,35.44,SU26230RMFS1
2023-09-21,73.3,11.74,2864,35.65,SU26230RMFS1
2023-09-22,73.37,11.72,2858,35.86,SU26230RMFS1
2023-09-25,73.0,11.79,2853,36.49,SU26230RMFS1
2023-09-26,72.965,11.8,2851,36.7,SU26230RMFS1
2023-09-27,72.609,11.87,2848,36.91,SU26230RMFS1
2023-09-28,72.499,11.89,2838,37.12,SU26230RMFS1
2023-09-29,71.707,12.04,2824,37.34,SU26230RMFS1
2023-10-02,71.0,12.18,2810,37.97,SU26230RMFS1
2023-10-03,71.449,12.09,2962,38.18,SU26230RMFS1
2023-10-04,71.29,12.12,2961,0.0,SU26230RMFS1
2023-10-05,71.199,12.14,2961,0.21,SU26230RMFS1
2023-10-06,71.061,12.17,2953,0.42,SU26230RMFS1
2023-10-09,70.339,12.31,2944,1.05,SU26230RMFS1
2023-10-10,70.293,12.32,2938,1.27,SU26230RMFS1
2023-10-11,71.4,12.1,2938,1.48,SU26230RMFS1
2023-10-12,71.0,12.18,2945,1.69,SU26230RMFS1
2023-10-13,70.999,12.18,2944,1.9,SU26230RMFS1
2023-10-16,71.249,12.13,2948,2.53,SU26230RMFS1
2023-10-17,70.925,12.2,2943,2.74,SU26230RMFS1
2023-10-18,70.414,12.3,2932,2.95,SU26230RMFS1
2023-10-19,70.416,12.3,2930,3.16,SU26230RMFS1
2023-10-20,70.548,12.27,2928,3.37,SU26230RMFS1
2023-10-23,70.676,12.25,2929,4.01,SU26230RMFS1
2023-10-24,70.498,12.28,2927,4.22,SU26230RMFS1
2023-10-25,70.599,12.26,2926,4.43,SU26230RMFS1
2023-10-26,70.4,12.3,2925,4.64,SU26230RMFS1
2023-10-27,70.159,12.35,2909,4.85,SU26230RMFS1
2023-10-30,69.453,12.49,2897,5.48,SU26230RMFS1
2023-10-31,69.269,12.53,2901,5.7,SU26230RMFS1
2023-11-01,70.2,12.34,2903,5.91,SU26230RMFS1
2023-11-02,70.9,12.21,2919,6.12,SU26230RMFS1
2023-11-03,72.17,11.96,2931,6.33,SU26230RMFS1
2023-11-06,72.682,11.87,2958,6.96,SU26230RMFS1
2023-11-07,71.901,12.01,2943,7.17,SU26230RMFS1
2023-11-08,72.014,11.99,2932,7.38,SU26230RMFS1
2023-11-09,72.998,11.81,2953,7.59,SU26230RMFS1
2023-11-10,72.95,11.82,2961,7.8,SU26230RMFS1
2023-11-13,72.267,11.95,2945,8.44,SU26230RMFS1
2023-11-14,72.1,11.98,2931,8.65,SU26230RMFS1
2023-11-15,72.797,11.85,2936,8.86,SU26230RMFS1
2023-11-16,72.459,11.91,2945,9.07,SU26230RMFS1
2023-11-17,72.8,11.85,2943,9.28,SU26230RMFS1
2023-11-20,72.645,11.88,2938,9.91,SU26230RMFS1
2023-11-21,72.8,11.85,2945,10.12,SU26230RMFS1
2023-11-22,73.409,11.73,2946,10.34,SU26230RMFS1
2023-11-23,73.207,11.77,2951,10.55,SU26230RMFS1
2023-11-24,73.134,11.79,2942,10.76,SU26230RMFS1
2023-11-27,72.799,11.85,2938,11.39,SU26230RMFS1
2023-11-28,72.832,11.84,2936,11.6,SU26230RMFS1
2023-11-29,73.0,11.81,2938,11.81,SU26230RMFS1
2023-11-30,72.85,11.84,2933,12.02,SU26230RMFS1
2023-12-01,72.33,11.94,2928,12.23,SU26230RMFS1
2023-12-04,71.568,12.09,2911,12.87,SU26230RMFS1
2023-12-05,71.502,12.1,2903,13.08,SU26230RMFS1
2023-12-06,71.04,12.19,2896,13.29,SU26230RMFS1
2023-12-07,71.099,12.18,2892,13.5,SU26230RMFS1
2023-12-08,71.18,12.16,2889,13.71,SU26230RMFS1
2023-12-11,70.65,12.27,2880,14.34,SU26230RMFS1
2023-12-12,70.179,12.36,2871,14.55,SU26230RMFS1
2023-12-13,69.906,12.42,2866,14.77,SU26230RMFS1
2023-12-14,69.89,12.42,2862,14.98,SU26230RMFS1
2023-12-15,70.665,12.27,2858,15.19,SU26230RMFS1
2023-12-18,71.456,12.11,2877,15.82,SU26230RMFS1
2023-12-19,71.9,12.03,2893,16.03,SU26230RMFS1
2023-12-20,72.28,11.96,2897,16.24,SU26230RMFS1
2023-12-21,72.49,11.92,2906,16.45,SU26230RMFS1
2023-12-22,72.5,11.91,2905,16.66,SU26230RMFS1
2023-12-25,72.401,11.93,2901,17.3,SU26230RMFS1
2023-12-26,72.299,11.95,2893,17.51,SU26230RMFS1
2023-12-27,72.384,11.94,2894,17.72,SU26230RMFS1
2023-12-28,72.456,11.92,2893,17.93,SU26230RMFS1
2023-12-29,72.736,11.87,2896,18.14,SU26230RMFS1
2024-01-03,72.292,11.96,2890,19.2,SU26230RMFS1
2024-01-04,72.617,11.9,2891,19.41,SU26230RMFS1
2024-01-05,72.516,11.92,2886,19.62,SU26230RMFS1
2024-01-08,72.338,11.95,2886,20.25,SU26230RMFS1
2024-01-09,72.021,12.01,2876,20.46,SU26230RMFS1
2024-01-10,71.713,12.07,2870,20.67,SU26230RMFS1
2024-01-11,71.147,12.18,2859,20.88,SU26230RMFS1
2024-01-12,70.8,12.25,2846,21.09,SU26230RMFS1
2024-01-15,70.9,12.23,2849,21.73,SU26230RMFS1
2024-01-16,71.29,12.16,2849,21.94,SU26230RMFS1
2024-01-17,71.513,12.11,2856,22.15,SU26230RMFS1
2024-01-18,72.22,11.98,2865,22.36,SU26230RMFS1
2024-01-19,72.09,12.0,2865,22.57,SU26230RMFS1
2024-01-22,72.149,11.99,2866,23.2,SU26230RMFS1
2024-01-23,72.256,11.97,2865,23.41,SU26230RMFS1
2024-01-24,72.151,11.99,2864,23.62,SU26230RMFS1
2024-01-25,72.235,11.98,2864,23.84,SU26230RMFS1
2024-01-26,72.484,11.93,2862,24.05,SU26230RMFS1
2024-01-29,72.27,11.97,2862,24.68,SU26230RMFS1
2024-01-30,72.3,11.97,2861,24.89,SU26230RMFS1
2024-01-31,72.55,11.92,2861,25.1,SU26230RMFS1
2024-02-01,72.367,11.95,2858,25.31,SU26230RMFS1
2024-02-02,72.169,11.99,2850,25.52,SU26230RMFS1
2024-02-05,72.098,12.01,2847,26.16,SU26230RMFS1
2024-02-06,71.99,12.03,2845,26.37,SU26230RMFS1
2024-02-07,71.937,12.04,2845,26.58,SU26230RMFS1
2024-02-08,71.45,12.13,2835,26.79,SU26230RMFS1
2024-02-09,71.71,12.08,2831,27.0,SU26230RMFS1
2024-02-12,71.556,12.11,2830,27.63,SU26230RMFS1
2024-02-13,71.475,12.13,2828,27.84,SU26230RMFS1
2024-02-14,71.54,12.12,2830,28.05,SU26230RMFS1
2024-02-15,70.999,12.23,2819,28.27,SU26230RMFS1
2024-02-16,70.498,12.33,2809,28.48,SU26230RMFS1
2024-02-19,70.2,12.39,2800,29.11,SU26230RMFS1
2024-02-20,69.95,12.44,2795,29.32,SU26230RMFS1
2024-02-21,69.998,12.43,2793,29.53,SU26230RMFS1
2024-02-22,70.395,12.35,2791,29.74,SU26230RMFS1
2024-02-26,70.09,12.41,2791,30.59,SU26230RMFS1
2024-02-27,70.065,12.42,2787,30.8,SU26230RMFS1
2024-02-28,70.03,12.42,2784,31.01,SU26230RMFS1
2024-02-29,69.901,12.45,2779,31.22,SU26230RMFS1
2024-03-01,69.808,12.47,2778,31.43,SU26230RMFS1
2024-03-04,69.281,12.58,2770,32.06,SU26230RMFS1
2024-03-05,68.573,12.73,2759,32.27,SU26230RMFS1
2024-03-06,68.494,12.74,2748,32.48,SU26230RMFS1
2024-03-07,68.348,12.77,2740,32.69,SU26230RMFS1
2024-03-11,68.23,12.8,2736,33.54,SU26230RMFS1
2024-03-12,68.08,12.83,2736,33.75,SU26230RMFS1
2024-03-13,67.861,12.88,2729,33.96,SU26230RMFS1
2024-03-14,67.45,12.97,2723,34.17,SU26230RMFS1
2024-03-15,67.088,13.05,2706,34.38,SU26230RMFS1
2024-03-18,66.623,13.15,2694,35.02,SU26230RMFS1
2024-03-19,66.663,13.14,2694,35.23,SU26230RMFS1
2024-03-20,66.25,13.23,2684,35.44,SU26230RMFS1
2024-03-21,66.37,13.21,2679,35.65,SU26230RMFS1
2024-03-22,65.886,13.31,2682,35.86,SU26230RMFS1
2024-03-25,65.906,13.31,2665,36.49,SU26230RMFS1
2024-03-26,65.764,13.34,2671,36.7,SU26230RMFS1
2024-03-27,66.398,13.2,2673,36.91,SU26230RMFS1
2024-03-28,66.37,13.21,2682,37.12,SU26230RMFS1
2024-03-29,66.197,13.25,2671,37.34,SU26230RMFS1
2024-04-01,65.58,13.39,2663,37.97,SU26230RMFS1
2024-04-02,65.815,13.34,2815,38.18,SU26230RMFS1
2024-04-03,65.05,13.51,2809,0.0,SU26230RMFS1
2024-04-04,64.78,13.57,2794,0.21,SU26230RMFS1
2024-04-05,64.672,13.6,2792,0.42,SU26230RMFS1
2024-04-08,64.497,13.64,2784,1.05,SU26230RMFS1
2024-04-09,64.561,13.62,2785,1.27,SU26230RMFS1
2024-04-10,64.656,13.6,2789,1.48,SU26230RMFS1
2024-04-11,64.293,13.68,2783,1.69,SU26230RMFS1
2024-04-12,64.415,13.66,2777,1.9,SU26230RMFS1
2024-04-15,64.794,13.57,2790,2.53,SU26230RMFS1
2024-04-16,64.595,13.62,2782,2.74,SU26230RMFS1
2024-04-17,65.1,13.5,2784,2.95,SU26230RMFS1
2024-04-18,65.154,13.49,2785,3.16,SU26230RMFS1
2024-04-19,65.795,13.35,2797,3.37,SU26230RMFS1
2024-04-22,65.39,13.44,2791,4.01,SU26230RMFS1
2024-04-23,65.343,13.45,2789,4.22,SU26230RMFS1
2024-04-24,65.27,13.47,2788,4.43,SU26230RMFS1
2024-04-25,65.3,13.46,2787,4.64,SU26230RMFS1
2024-04-26,64.5,13.64,2772,4.85,SU26230RMFS1
2024-04-27,64.599,13.62,2767,5.06,SU26230RMFS1
2024-04-29,64.718,13.59,2770,5.48,SU26230RMFS1
2024-04-30,64.73,13.59,2769,5.7,SU26230RMFS1
2024-05-02,64.329,13.68,2762,6.12,SU26230RMFS1
2024-05-03,64.128,13.73,2751,6.33,SU26230RMFS1
2024-05-06,63.993,13.76,2748,6.96,SU26230RMFS1
2024-05-07,64.069,13.75,2749,7.17,SU26230RMFS1
2024-05-08,64.254,13.7,2748,7.38,SU26230RMFS1
2024-05-10,64.27,13.7,2748,7.8,SU26230RMFS1
2024-05-13,63.613,13.86,2738,8.44,SU26230RMFS1
2024-05-14,62.815,14.05,2716,8.65,SU26230RMFS1
2024-05-15,63.0,14.0,2713,8.86,SU26230RMFS1
2024-05-16,63.034,13.99,2716,9.07,SU26230RMFS1
2024-05-17,62.91,14.03,2712,9.28,SU26230RMFS1
2024-05-20,62.565,14.11,2707,9.91,SU26230RMFS1
2024-05-21,62.3,14.17,2701,10.12,SU26230RMFS1
2024-05-22,62.279,14.18,2691,10.34,SU26230RMFS1
2024-05-23,61.655,14.33,2682,10.55,SU26230RMFS1
2024-05-24,60.92,14.52,2665,10.76,SU26230RMFS1
2024-05-27,60.006,14.75,2645,11.39,SU26230RMFS1
2024-05-28,60.499,14.63,2648,11.6,SU26230RMFS1
2024-05-29,60.071,14.74,2642,11.81,SU26230RMFS1
2024-05-30,59.398,14.91,2627,12.02,SU26230RMFS1
2024-05-31,58.704,15.1,2608,12.23,SU26230RMFS1
2024-06-03,59.369,14.92,2604,12.87,SU26230RMFS1
2024-06-04,60.035,14.75,2625,13.08,SU26230RMFS1
2024-06-05,60.337,14.67,2626,13.29,SU26230RMFS1
2024-06-06,60.176,14.72,2633,13.5,SU26230RMFS1
2024-06-07,60.389,14.66,2634,13.71,SU26230RMFS1
2024-06-10,59.4,14.92,2622,14.34,SU26230RMFS1
2024-06-11,59.858,14.8,2614,14.55,SU26230RMFS1
2024-06-13,59.277,14.95,2603,14.98,SU26230RMFS1
2024-06-14,59.2,14.98,2606,15.19,SU26230RMFS1
2024-06-17,58.19,15.25,2574,15.82,SU26230RMFS1
2024-06-18,57.933,15.32,2570,16.03,SU26230RMFS1
2024-06-19,57.557,15.43,2563,16.24,SU26230RMFS1
2024-06-20,57.429,15.46,2538,16.45,SU26230RMFS1
2024-06-21,57.918,15.33,2553,16.66,SU26230RMFS1
2024-06-24,58.15,15.26,2556,17.3,SU26230RMFS1
2024-06-25,58.76,15.1,2570,17.51,SU26230RMFS1
2024-06-26,58.859,15.07,2589,17.72,SU26230RMFS1
2024-06-27,59.011,15.03,2580,17.93,SU26230RMFS1
2024-06-28,58.6,15.15,2584,18.14,SU26230RMFS1
2024-07-01,58.797,15.09,2572,18.77,SU26230RMFS1
2024-07-02,58.64,15.14,2563,18.98,SU26230RMFS1
2024-07-03,58.584,15.15,2571,19.2,SU26230RMFS1
2024-07-04,58.134,15.27,2562,19.41,SU26230RMFS1
2024-07-05,57.639,15.41,2545,19.62,SU26230RMFS1
2024-07-08,57.565,15.43,2540,20.25,SU26230RMFS1
2024-07-09,57.398,15.48,2534,20.46,SU26230RMFS1
2024-07-10,57.024,15.59,2524,20.67,SU26230RMFS1
2024-07-11,57.1,15.57,2522,20.88,SU26230RMFS1
2024-07-12,56.72,15.68,2508,21.09,SU26230RMFS1
2024-07-15,56.379,15.78,2502,21.73,SU26230RMFS1
2024-07-16,56.161,15.84,2490,21.94,SU26230RMFS1
2024-07-17,55.742,15.96,2485,22.15,SU26230RMFS1
2024-07-18,56.994,15.6,2490,22.36,SU26230RMFS1
2024-07-19,56.8,15.66,2502,22.57,SU26230RMFS1
2024-07-22,57.299,15.52,2509,23.2,SU26230RMFS1
2024-07-23,56.489,15.75,2500,23.41,SU26230RMFS1
2024-07-24,57.207,15.55,2503,23.62,SU26230RMFS1
2024-07-25,57.4,15.49,2515,23.84,SU26230RMFS1
2024-07-26,56.051,15.88,2482,24.05,SU26230RMFS1
2024-07-29,55.612,16.01,2471,24.68,SU26230RMFS1
2024-07-30,56.21,15.84,2466,24.89,SU26230RMFS1
2024-07-31,56.686,15.7,2487,25.1,SU26230RMFS1
2024-08-01,57.033,15.6,2503,25.31,SU26230RMFS1
2024-08-02,56.999,15.61,2494,25.52,SU26230RMFS1
2024-08-05,56.604,15.73,2484,26.16,SU26230RMFS1
2024-08-06,57.339,15.52,2492,26.37,SU26230RMFS1
2024-08-07,58.12,15.3,2506,26.58,SU26230RMFS1
2024-08-08,58.865,15.1,2539,26.79,SU26230RMFS1
2024-08-09,59.33,14.98,2537,27.0,SU26230RMFS1
2024-08-12,58.85,15.11,2532,27.63,SU26230RMFS1
2024-08-13,59.361,14.97,2536,27.84,SU26230RMFS1
2024-08-14,58.65,15.16,2538,28.05,SU26230RMFS1
2024-08-15,57.898,15.37,2519,28.27,SU26230RMFS1
2024-08-16,58.216,15.28,2505,28.48,SU26230RMFS1
2024-08-19,57.73,15.42,2506,29.11,SU26230RMFS1
2024-08-20,57.544,15.47,2489,29.32,SU26230RMFS1
2024-08-21,57.504,15.48,2485,29.53,SU26230RMFS1
2024-08-22,57.158,15.58,2484,29.74,SU26230RMFS1
2024-08-23,56.429,15.79,2465,29.95,SU26230RMFS1
2024-08-26,57.0,15.63,2453,30.59,SU26230RMFS1
2024-08-27,56.495,15.77,2458,30.8,SU26230RMFS1
2024-08-28,56.4,15.8,2456,31.01,SU26230RMFS1
2024-08-29,56.303,15.83,2450,31.22,SU26230RMFS1
2024-08-30,55.701,16.01,2437,31.43,SU26230RMFS1
2024-09-02,55.268,16.14,2423,32.06,SU26230RMFS1
2024-09-03,55.518,16.07,2418,32.27,SU26230RMFS1
2024-09-04,56.807,15.69,2437,32.48,SU26230RMFS1
2024-09-05,57.786,15.42,2468,32.69,SU26230RMFS1
2024-09-06,58.4,15.25,2478,32.91,SU26230RMFS1
2024-09-09,58.394,15.25,2488,33.54,SU26230RMFS1
2024-09-10,57.59,15.48,2483,33.75,SU26230RMFS1
2024-09-11,57.199,15.59,2471,33.96,SU26230RMFS1
2024-09-12,56.961,15.65,2453,34.17,SU26230RMFS1
2024-09-13,56.914,15.67,2437,34.38,SU26230RMFS1
2024-09-16,57.095,15.62,2446,35.02,SU26230RMFS1
2024-09-17,56.59,15.76,2440,35.23,SU26230RMFS1
2024-09-18,56.481,15.8,2430,35.44,SU26230RMFS1
2024-09-19,55.941,15.96,2427,35.65,SU26230RMFS1
2024-09-20,56.174,15.89,2422,35.86,SU26230RMFS1
2024-09-23,55.978,15.95,2415,36.49,SU26230RMFS1
2024-09-24,56.182,15.89,2418,36.7,SU26230RMFS1
2024-09-25,56.527,15.79,2425,36.91,SU26230RMFS1
2024-09-26,56.294,15.86,2421,37.12,SU26230RMFS1
2024-09-27,56.045,15.93,2414,37.34,SU26230RMFS1
2024-09-30,55.852,15.99,2407,37.97,SU26230RMFS1
2024-10-01,55.483,16.1,2561,38.18,SU26230RMFS1
2024-10-02,55.098,16.22,2554,0.0,SU26230RMFS1
2024-10-03,55.081,16.22,2542,0.21,SU26230RMFS1
2024-10-04,55.159,16.2,2546,0.42,SU26230RMFS1
2024-10-07,54.446,16.42,2534,1.05,SU26230RMFS1
2024-10-08,54.126,16.52,2518,1.27,SU26230RMFS1
2024-10-09,53.937,16.58,2515,1.48,SU26230RMFS1
2024-10-10,54.547,16.39,2521,1.69,SU26230RMFS1
2024-10-11,54.438,16.42,2527,1.9,SU26230RMFS1
2024-10-14,54.72,16.34,2525,2.53,SU26230RMFS1
2024-10-15,54.433,16.43,2525,2.74,SU26230RMFS1
2024-10-16,54.627,16.37,2525,2.95,SU26230RMFS1
2024-10-17,54.35,16.45,2521,3.16,SU26230RMFS1
2024-10-18,54.0,16.56,2511,3.37,SU26230RMFS1
2024-10-21,54.199,16.5,2507,4.01,SU26230RMFS1
2024-10-22,54.256,16.49,2508,4.22,SU26230RMFS1
2024-10-23,54.29,16.48,2507,4.43,SU26230RMFS1
2024-10-24,54.159,16.52,2506,4.64,SU26230RMFS1
2024-10-25,53.605,16.69,2497,4.85,SU26230RMFS1
2024-10-28,52.82,16.94,2469,5.48,SU26230RMFS1
2024-10-29,52.549,17.03,2461,5.7,SU26230RMFS1
2024-10-30,52.6,17.02,2464,5.91,SU26230RMFS1
2024-10-31,52.119,17.18,2451,6.12,SU26230RMFS1
2024-11-01,52.383,17.09,2448,6.33,SU26230RMFS1
2024-11-02,52.379,17.09,2448,6.54,SU26230RMFS1
2024-11-05,52.496,17.05,2443,7.17,SU26230RMFS1
2024-11-06,53.078,16.87,2460,7.38,SU26230RMFS1
2024-11-07,54.561,16.4,2486,7.59,SU26230RMFS1
2024-11-08,54.873,16.31,2498,7.8,SU26230RMFS1
2024-11-11,55.444,16.14,2514,8.44,SU26230RMFS1
2024-11-12,55.47,16.13,2510,8.65,SU26230RMFS1
2024-11-13,55.667,16.07,2519,8.86,SU26230RMFS1
2024-11-14,56.058,15.96,2534,9.07,SU26230RMFS1
2024-11-15,56.296,15.89,2526,9.28,SU26230RMFS1
2024-11-18,55.702,16.06,2522,9.91,SU26230RMFS1
2024-11-19,54.7,16.37,2495,10.12,SU26230RMFS1
2024-11-20,54.247,16.51,2489,10.34,SU26230RMFS1
2024-11-21,54.406,16.46,2480,10.55,SU26230RMFS1
2024-11-22,54.237,16.51,2476,10.76,SU26230RMFS1
2024-11-25,53.912,16.61,2471,11.39,SU26230RMFS1
2024-11-26,53.55,16.73,2461,11.6,SU26230RMFS1
2024-11-27,53.269,16.82,2450,11.81,SU26230RMFS1
2024-11-28,53.38,16.78,2450,12.02,SU26230RMFS1
2024-11-29,53.734,16.67,2449,12.23,SU26230RMFS1
2024-12-02,54.259,16.51,2465,12.87,SU26230RMFS1
2024-12-03,54.571,16.41,2466,13.08,SU26230RMFS1
2024-12-04,54.17,16.54,2466,13.29,SU26230RMFS1
2024-12-05,54.216,16.53,2462,13.5,SU26230RMFS1
2024-12-06,54.1,16.56,2459,13.71,SU26230RMFS1
2024-12-09,54.198,16.53,2457,14.34,SU26230RMFS1
2024-12-10,53.951,16.61,2453,14.55,SU26230RMFS1
2024-12-11,54.02,16.59,2452,14.77,SU26230RMFS1
2024-12-12,53.489,16.76,2442,14.98,SU26230RMFS1
2024-12-13,53.341,16.81,2426,15.19,SU26230RMFS1
2024-12-16,52.831,16.97,2417,15.82,SU26230RMFS1
2024-12-17,52.731,17.01,2412,16.03,SU26230RMFS1
2024-12-18,53.552,16.74,2422,16.24,SU26230RMFS1
2024-12-19,54.648,16.4,2450,16.45,SU26230RMFS1
2024-12-20,57.372,15.6,2503,16.66,SU26230RMFS1
2024-12-23,59.3,15.07,2560,17.3,SU26230RMFS1
2024-12-24,58.55,15.27,2549,17.51,SU26230RMFS1
2024-12-25,57.979,15.43,2532,17.72,SU26230RMFS1
2024-12-26,58.178,15.38,2528,17.93,SU26230RMFS1
2024-12-27,58.159,15.38,2532,18.14,SU26230RMFS1
2024-12-28,58.5,15.29,2535,18.35,SU26230RMFS1
2024-12-30,58.68,15.24,2535,18.77,SU26230RMFS1
2025-01-03,58.247,15.37,2532,19.62,SU26230RMFS1
2025-01-06,58.05,15.42,2522,20.25,SU26230RMFS1
2025-01-08,58.199,15.38,2520,20.67,SU26230RMFS1
2025-01-09,57.9,15.46,2515,20.88,SU26230RMFS1
2025-01-10,57.668,15.53,2503,21.09,SU26230RMFS1
2025-01-13,57.74,15.51,2502,21.73,SU26230RMFS1
2025-01-14,57.589,15.56,2501,21.94,SU26230RMFS1
2025-01-15,56.88,15.76,2485,22.15,SU26230RMFS1
2025-01-16,56.402,15.9,2480,22.36,SU26230RMFS1
2025-01-17,55.514,16.16,2456,22.57,SU26230RMFS1
2025-01-20,55.786,16.08,2453,23.2,SU26230RMFS1
2025-01-21,55.68,16.11,2449,23.41,SU26230RMFS1
2025-01-22,55.744,16.1,2450,23.62,SU26230RMFS1
2025-01-23,55.577,16.15,2445,23.84,SU26230RMFS1
2025-01-24,55.529,16.16,2439,24.05,SU26230RMFS1
2025-01-27,54.366,16.52,2406,24.68,SU26230RMFS1
2025-01-28,53.594,16.76,2389,24.89,SU26230RMFS1
2025-01-29,53.498,16.79,2385,25.1,SU26230RMFS1
2025-01-30,53.109,16.92,2378,25.31,SU26230RMFS1
2025-01-31,52.934,16.98,2367,25.52,SU26230RMFS1
2025-02-03,52.983,16.96,2364,26.16,SU26230RMFS1
2025-02-04,52.709,17.05,2361,26.37,SU26230RMFS1
2025-02-05,53.35,16.85,2361,26.58,SU26230RMFS1
2025-02-06,53.227,16.89,2372,26.79,SU26230RMFS1
2025-02-07,53.835,16.7,2377,27.0,SU26230RMFS1
2025-02-10,53.691,16.74,2376,27.63,SU26230RMFS1
2025-02-11,53.533,16.79,2367,27.84,SU26230RMFS1
2025-02-12,55.7,16.13,2395,28.05,SU26230RMFS1
2025-02-13,57.269,15.67,2451,28.27,SU26230RMFS1
2025-02-14,55.413,16.22,2456,28.48,SU26230RMFS1
2025-02-17,56.284,15.96,2422,29.11,SU26230RMFS1
2025-02-18,55.844,16.09,2424,29.32,SU26230RMFS1
2025-02-19,56.772,15.82,2431,29.53,SU26230RMFS1
2025-02-20,57.058,15.74,2449,29.74,SU26230RMFS1
2025-02-21,57.359,15.65,2448,29.95,SU26230RMFS1
2025-02-24,57.294,15.67,2450,30.59,SU26230RMFS1
2025-02-25,57.7,15.56,2454,30.8,SU26230RMFS1
2025-02-26,57.193,15.7,2454,31.01,SU26230RMFS1
2025-02-27,57.731,15.55,2453,31.22,SU26230RMFS1
2025-02-28,57.7,15.56,2454,31.43,SU26230RMFS1
2025-03-03,57.504,15.62,2444,32.06,SU26230RMFS1
2025-03-04,57.826,15.53,2447,32.27,SU26230RMFS1
2025-03-05,58.3,15.4,2460,32.48,SU26230RMFS1
2025-03-06,59.439,15.09,2478,32.69,SU26230RMFS1
2025-03-07,59.65,15.03,2497,32.91,SU26230RMFS1
2025-03-10,59.7,15.02,2499,33.54,SU26230RMFS1
2025-03-11,59.5,15.07,2483,33.75,SU26230RMFS1
2025-03-12,59.832,14.99,2484,33.96,SU26230RMFS1
2025-03-13,59.938,14.96,2485,34.17,SU26230RMFS1
2025-03-14,59.8,15.0,2483,34.38,SU26230RMFS1
2025-03-17,60.495,14.81,2496,35.02,SU26230RMFS1
2025-03-18,60.5,14.81,2505,35.23,SU26230RMFS1
2025-03-19,61.113,14.66,2502,35.44,SU26230RMFS1
2025-03-20,60.88,14.72,2511,35.65,SU26230RMFS1
2025-03-21,60.474,14.82,2499,35.86,SU26230RMFS1
2025-03-24,59.696,15.03,2483,36.49,SU26230RMFS1
2025-03-25,59.976,14.96,2477,36.7,SU26230RMFS1
2025-03-26,59.587,15.06,2477,36.91,SU26230RMFS1
2025-03-27,59.187,15.17,2461,37.12,SU26230RMFS1
2025-03-28,58.77,15.29,2448,37.34,SU26230RMFS1
2025-03-31,58.299,15.42,2430,37.97,SU26230RMFS1
2025-04-01,58.573,15.34,2601,38.18,SU26230RMFS1
2025-04-02,58.286,15.42,2599,0.0,SU26230RMFS1
2025-04-03,57.722,15.58,2590,0.21,SU26230RMFS1
2025-04-04,56.775,15.86,2564,0.42,SU26230RMFS1
2025-04-07,55.995,16.09,2528,1.05,SU26230RMFS1
2025-04-08,56.549,15.92,2552,1.27,SU26230RMFS1
2025-04-09,56.607,15.91,2529,1.48,SU26230RMFS1
2025-04-10,57.108,15.76,2550,1.69,SU26230RMFS1
2025-04-11,58.408,15.4,2576,1.9,SU26230RMFS1
2025-04-14,57.948,15.53,2579,2.53,SU26230RMFS1
2025-04-15,57.995,15.51,2576,2.74,SU26230RMFS1
2025-04-16,58.45,15.39,2579,2.95,SU26230RMFS1
2025-04-17,58.144,15.47,2590,3.16,SU26230RMFS1
2025-04-18,58.146,15.47,2573,3.37,SU26230RMFS1
2025-04-21,58.777,15.3,2581,4.01,SU26230RMFS1
2025-04-22,59.064,15.22,2588,4.22,SU26230RMFS1
2025-04-23,58.9,15.27,2582,4.43,SU26230RMFS1
2025-04-24,58.915,15.26,2587,4.64,SU26230RMFS1
2025-04-25,58.716,15.32,2581,4.85,SU26230RMFS1
2025-04-28,58.45,15.39,2575,5.48,SU26230RMFS1
2025-04-29,57.753,15.59,2563,5.7,SU26230RMFS1
2025-04-30,57.822,15.57,2557,5.91,SU26230RMFS1
2025-05-02,57.467,15.67,2545,6.33,SU26230RMFS1
2025-05-05,57.151,15.76,2536,6.96,SU26230RMFS1
2025-05-06,57.6,15.64,2541,7.17,SU26230RMFS1
2025-05-07,58.321,15.43,2554,7.38,SU26230RMFS1
2025-05-08,58.791,15.31,2565,7.59,SU26230RMFS1
2025-05-12,58.521,15.38,2561,8.44,SU26230RMFS1
2025-05-13,57.933,15.55,2547,8.65,SU26230RMFS1
2025-05-14,57.748,15.6,2552,8.86,SU26230RMFS1
2025-05-15,57.993,15.53,2544,9.07,SU26230RMFS1
2025-05-16,58.269,15.46,2548,9.28,SU26230RMFS1
2025-05-19,58.438,15.41,2546,9.91,SU26230RMFS1
2025-05-20,58.159,15.49,2544,10.12,SU26230RMFS1
2025-05-21,58.621,15.36,2543,10.34,SU26230RMFS1
2025-05-22,58.448,15.41,2546,10.55,SU26230RMFS1
2025-05-23,58.698,15.34,2546,10.76,SU26230RMFS1
2025-05-26,57.918,15.56,2534,11.39,SU26230RMFS1
2025-05-27,57.814,15.59,2529,11.6,SU26230RMFS1
2025-05-28,58.393,15.43,2528,11.81,SU26230RMFS1
2025-05-29,58.495,15.4,2537,12.02,SU26230RMFS1
2025-05-30,59.024,15.26,2545,12.23,SU26230RMFS1
2025-06-02,59.595,15.1,2551,12.87,SU26230RMFS1
2025-06-03,59.997,14.99,2557,13.08,SU26230RMFS1
2025-06-04,60.266,14.92,2568,13.29,SU26230RMFS1
2025-06-05,60.042,14.98,2565,13.5,SU26230RMFS1
2025-06-06,59.252,15.2,2559,13.71,SU26230RMFS1
2025-06-09,59.543,15.12,2544,14.34,SU26230RMFS1
2025-06-10,59.84,15.04,2553,14.55,SU26230RMFS1
2025-06-11,60.0,15.0,2555,14.77,SU26230RMFS1
2025-06-13,60.056,14.99,2556,15.19,SU26230RMFS1
2025-06-16,59.75,15.07,2550,15.82,SU26230RMFS1
2025-06-17,59.799,15.06,2548,16.03,SU26230RMFS1
2025-06-18,59.907,15.03,2549,16.24,SU26230RMFS1
2025-06-19,60.291,14.93,2555,16.45,SU26230RMFS1
2025-06-20,60.463,14.88,2555,16.66,SU26230RMFS1
2025-06-23,60.118,14.97,2551,17.3,SU26230RMFS1
2025-06-24,60.409,14.9,2551,17.51,SU26230RMFS1
2025-06-25,60.79,14.8,2557,17.72,SU26230RMFS1
2025-06-26,61.194,14.69,2566,17.93,SU26230RMFS1
2025-06-27,61.602,14.59,2567,18.14,SU26230RMFS1
2025-06-30,62.1,14.46,2578,18.77,SU26230RMFS1
2025-07-01,62.149,14.45,2579,18.98,SU26230RMFS1
2025-07-02,62.418,14.39,2579,19.2,SU26230RMFS1
2025-07-03,62.345,14.4,2583,19.41,SU26230RMFS1
2025-07-04,62.492,14.37,2579,19.62,SU26230RMFS1
2025-07-07,62.454,14.38,2582,20.25,SU26230RMFS1
2025-07-08,62.206,14.44,2578,20.46,SU26230RMFS1
2025-07-09,62.118,14.47,2574,20.67,SU26230RMFS1
2025-07-10,62.264,14.43,2572,20.88,SU26230RMFS1
2025-07-11,62.217,14.44,2571,21.09,SU26230RMFS1
2025-07-14,62.638,14.34,2566,21.73,SU26230RMFS1
2025-07-15,63.327,14.17,2582,21.94,SU26230RMFS1
2025-07-16,63.969,14.01,2598,22.15,SU26230RMFS1
2025-07-17,64.15,13.97,2601,22.36,SU26230RMFS1
2025-07-18,64.386,13.92,2600,22.57,SU26230RMFS1
2025-07-21,64.549,13.88,2606,23.2,SU26230RMFS1
2025-07-22,64.26,13.95,2601,23.41,SU26230RMFS1
2025-07-23,64.406,13.91,2595,23.62,SU26230RMFS1
2025-07-24,64.48,13.9,2598,23.84,SU26230RMFS1
2025-07-25,64.681,13.85,2601,24.05,SU26230RMFS1
2025-07-28,64.793,13.82,2606,24.68,SU26230RMFS1
2025-07-29,65.009,13.77,2617,24.89,SU26230RMFS1
2025-07-30,64.95,13.79,2600,25.1,SU26230RMFS1
2025-07-31,64.638,13.86,2602,25.31,SU26230RMFS1
2025-08-01,64.592,13.88,2592,25.52,SU26230RMFS1
2025-08-04,64.793,13.83,2592,26.16,SU26230RMFS1
2025-08-05,64.791,13.83,2592,26.37,SU26230RMFS1
2025-08-06,64.99,13.78,2591,26.58,SU26230RMFS1
2025-08-07,65.054,13.77,2596,26.79,SU26230RMFS1
2025-08-08,65.25,13.72,2597,27.0,SU26230RMFS1
2025-08-11,65.775,13.6,2607,27.63,SU26230RMFS1
2025-08-12,65.924,13.57,2606,27.84,SU26230RMFS1
2025-08-13,65.76,13.61,2605,28.05,SU26230RMFS1
2025-08-14,65.83,13.59,2601,28.27,SU26230RMFS1
2025-08-15,66.609,13.41,2609,28.48,SU26230RMFS1
2025-08-18,66.867,13.36,2616,29.11,SU26230RMFS1
2025-08-19,67.789,13.15,2631,29.32,SU26230RMFS1
2025-08-20,66.481,13.45,2611,29.53,SU26230RMFS1
2025-08-21,66.062,13.54,2600,29.74,SU26230RMFS1
2025-08-22,66.301,13.49,2600,29.95,SU26230RMFS1
2025-08-25,66.045,13.55,2595,30.59,SU26230RMFS1
2025-08-26,65.653,13.64,2591,30.8,SU26230RMFS1
2025-08-27,65.542,13.67,2583,31.01,SU26230RMFS1
2025-08-28,64.699,13.87,2573,31.22,SU26230RMFS1
2025-08-29,64.699,13.87,2563,31.43,SU26230RMFS1
2025-09-01,64.746,13.86,2563,32.06,SU26230RMFS1
2025-09-02,64.674,13.88,2560,32.27,SU26230RMFS1
2025-09-03,65.6,13.66,2563,32.48,SU26230RMFS1
2025-09-04,65.599,13.66,2578,32.69,SU26230RMFS1
2025-09-05,65.788,13.62,2575,32.91,SU26230RMFS1
2025-09-08,65.75,13.63,2574,33.54,SU26230RMFS1
2025-09-09,65.325,13.73,2566,33.75,SU26230RMFS1
2025-09-10,64.956,13.82,2562,33.96,SU26230RMFS1
2025-09-11,65.142,13.77,2556,34.17,SU26230RMFS1
2025-09-12,64.127,14.02,2546,34.38,SU26230RMFS1
2025-09-15,63.6,14.15,2525,35.02,SU26230RMFS1
2025-09-16,63.001,14.3,2515,35.23,SU26230RMFS1
2025-09-17,63.15,14.26,2508,35.44,SU26230RMFS1
2025-09-18,62.278,14.48,2496,35.65,SU26230RMFS1
2025-09-19,61.703,14.63,2486,35.86,SU26230RMFS1
2025-09-22,61.9,14.58,2483,36.49,SU26230RMFS1
2025-09-23,61.414,14.71,2489,36.7,SU26230RMFS1
2025-09-24,61.458,14.7,2476,36.91,SU26230RMFS1
2025-09-25,60.766,14.88,2457,37.12,SU26230RMFS1
2025-09-26,60.543,14.94,2453,37.34,SU26230RMFS1
2025-09-29,60.107,15.06,2446,37.97,SU26230RMFS1
2025-09-30,60.199,15.03,2594,38.18,SU26230RMFS1
2025-10-01,60.195,15.03,2597,0.0,SU26230RMFS1
2025-10-02,59.848,15.13,2590,0.21,SU26230RMFS1
2025-10-03,59.825,15.14,2588,0.42,SU26230RMFS1
2025-10-06,60.087,15.07,2588,1.05,SU26230RMFS1
2025-10-07,59.929,15.11,2586,1.27,SU26230RMFS1
2025-10-08,59.444,15.24,2577,1.48,SU26230RMFS1
2025-10-09,59.701,15.17,2571,1.69,SU26230RMFS1
2025-10-10,59.551,15.21,2573,1.9,SU26230RMFS1
2025-10-13,59.564,15.21,2573,2.53,SU26230RMFS1
2025-10-14,59.436,15.25,2569,2.74,SU26230RMFS1
2025-10-15,59.7,15.18,2571,2.95,SU26230RMFS1
2025-10-16,61.212,14.77,2585,3.16,SU26230RMFS1
2025-10-17,61.325,14.75,2600,3.37,SU26230RMFS1
2025-10-20,61.04,14.82,2596,4.01,SU26230RMFS1
2025-10-21,60.63,14.93,2590,4.22,SU26230RMFS1
2025-10-22,60.539,14.95,2587,4.43,SU26230RMFS1
2025-10-23,60.75,14.9,2580,4.64,SU26230RMFS1
2025-10-24,60.256,15.03,2576,4.85,SU26230RMFS1
2025-10-27,59.625,15.2,2562,5.48,SU26230RMFS1
2025-10-28,60.123,15.07,2567,5.7,SU26230RMFS1
2025-10-29,60.838,14.88,2573,5.91,SU26230RMFS1
2025-10-30,61.358,14.74,2589,6.12,SU26230RMFS1
2025-10-31,60.797,14.89,2581,6.33,SU26230RMFS1
2025-11-01,61.247,14.77,2582,6.54,SU26230RMFS1
2025-11-03,61.463,14.72,2587,6.96,SU26230RMFS1
2025-11-05,61.4,14.74,2583,7.38,SU26230RMFS1
2025-11-06,61.38,14.74,2583,7.59,SU26230RMFS1
2025-11-07,61.37,14.75,2581,7.8,SU26230RMFS1
2025-11-10,61.979,14.59,2588,8.44,SU26230RMFS1
2025-11-11,62.564,14.44,2595,8.65,SU26230RMFS1
2025-11-12,62.884,14.36,2604,8.86,SU26230RMFS1
2025-11-13,62.985,14.34,2606,9.07,SU26230RMFS1
2025-11-14,62.82,14.38,2597,9.28,SU26230RMFS1
2025-11-17,62.635,14.43,2599,9.91,SU26230RMFS1
2025-11-18,62.652,14.42,2596,10.12,SU26230RMFS1
2025-11-19,62.89,14.36,2597,10.34,SU26230RMFS1
2025-11-20,62.966,14.34,2599,10.55,SU26230RMFS1
2025-11-21,63.044,14.33,2599,10.76,SU26230RMFS1
2025-11-24,63.156,14.3,2598,11.39,SU26230RMFS1
2025-11-25,63.066,14.32,2594,11.6,SU26230RMFS1
2025-11-26,62.661,14.43,2588,11.81,SU26230RMFS1
2025-11-27,62.44,14.48,2583,12.02,SU26230RMFS1
2025-11-28,62.594,14.44,2578,12.23,SU26230RMFS1
2025-12-01,62.555,14.45,2579,12.87,SU26230RMFS1
2025-12-02,62.542,14.46,2577,13.08,SU26230RMFS1
2025-12-03,62.878,14.37,2575,13.29,SU26230RMFS1
2025-12-04,63.1,14.32,2584,13.5,SU26230RMFS1
2025-12-05,63.38,14.25,2588,13.71,SU26230RMFS1
2025-12-08,63.325,14.27,2587,14.34,SU26230RMFS1
2025-12-09,63.148,14.31,2579,14.55,SU26230RMFS1
2025-12-10,63.349,14.26,2581,14.77,SU26230RMFS1
2025-12-11,63.707,14.17,2589,14.98,SU26230RMFS1
2025-12-12,63.827,14.15,2589,15.19,SU26230RMFS1
2025-12-15,63.96,14.11,2589,15.82,SU26230RMFS1
2025-12-16,63.719,14.17,2586,16.03,SU26230RMFS1
2025-12-17,63.91,14.13,2583,16.24,SU26230RMFS1
2025-12-18,64.13,14.07,2588,16.45,SU26230RMFS1
2025-12-19,63.915,14.13,2584,16.66,SU26230RMFS1
2025-12-22,63.677,14.19,2577,17.3,SU26230RMFS1
2025-12-23,63.623,14.2,2575,17.51,SU26230RMFS1
2025-12-24,63.478,14.24,2572,17.72,SU26230RMFS1
2025-12-25,63.217,14.3,2561,17.93,SU26230RMFS1
2025-12-26,63.099,14.34,2558,18.14,SU26230RMFS1
2025-12-29,63.37,14.27,2566,18.77,SU26230RMFS1
2025-12-30,63.83,14.16,2565,18.98,SU26230RMFS1
